NL-5541;51.36735;5.1527
NL-9312;53.1583;6.3972
NL-2808;52.005;4.7205
NL-9163;53.4478;5.7734
NL-5644;51.4183;5.4885
NL-3532;52.0947;5.0946
NL-7547;52.2218;6.8389
NL-9571;52.9072;6.9349
NL-7078;51.841;6.3902
NL-8181;52.3887;6.0385
NL-4722;51.4977;4.5716
NL-2727;52.0716;4.5123
NL-5143;51.681;5.0845
NL-3445;52.0907;4.9014
NL-9411;52.8605;6.5121
NL-5863;51.529;6.1081
NL-9718;53.2166;6.5513
NL-6218;50.8636;5.6565
NL-7275;52.17;6.5256
NL-8075;52.2927;5.7804
NL-4287;51.7769;5.0062
NL-7544;52.1924;6.8774
NL-2716;52.0574;4.4647
NL-6124;51.0417;5.7835
NL-4005;51.8948;5.4445
NL-8363;52.7627;5.9908
NL-1948;52.483;4.6788
NL-8702;53.0692;5.5362
NL-6012;51.1891;5.7806
NL-9931;53.3349;6.9021
NL-6174;50.9536;5.8482
NL-5501;51.4203;5.4025
NL-6412;50.8943;5.9658
NL-2281;52.0576;4.3411
NL-1616;52.7013;5.1821
NL-8406;53.0328;5.988
NL-7963;52.772499999999994;6.3632
NL-9296;53.2772;6.0893
NL-9743;53.2254;6.5299
NL-4021;51.9614;5.4239
NL-2037;52.3562;4.661
NL-3738;52.1555;5.176
NL-6083;51.245;5.9622
NL-9164;53.4522;5.8002
NL-8571;52.8961;5.5521
NL-4373;51.4969;3.5235
NL-3834;52.1275;5.4366
NL-6544;51.8305;5.8144
NL-4151;51.8853;5.1337
NL-9283;53.205;6.1834
NL-1403;52.2667;5.1804
NL-5165;51.685;4.9478
NL-9949;53.2966;7.0159
NL-6942;51.9373;6.1355
NL-9965;53.3594;6.3801
NL-7536;52.1865;6.9279
NL-1102;52.3163;4.9524
NL-9441;52.8473;6.6726
NL-9745;53.219;6.5063
NL-2625;51.9927;4.3418
NL-4125;51.9887;5.1193
NL-2263;52.0973;4.4007
NL-1946;52.4922;4.6749
NL-3255;51.6912;4.2118
NL-9771;53.2935;6.5355
NL-3989;51.9924;5.1378
NL-7843;52.7483;6.8083
NL-9005;53.1501;5.8448
NL-1735;52.7405;4.856
NL-2161;52.257;4.5558
NL-7071;51.8919;6.377
NL-1067;52.3785;4.7992
NL-5812;51.5053;5.9475
NL-5503;51.4147;5.4109
NL-1951;52.4728;4.6424
NL-3281;51.7329;4.4407
NL-4564;51.2624;4.0504
NL-5725;51.3806;5.7684
NL-4374;51.5037;3.4841
NL-3258;51.7127;4.2817
NL-1609;52.6397;5.197
NL-7331;52.201;5.9685
NL-9343;53.083;6.3339
NL-3464;52.0478;4.856
NL-6153;50.9727;5.8869
NL-1329;52.3706;5.2757
NL-6914;51.8772;6.1051
NL-1241;52.2385;5.1128
NL-3172;51.8492;4.4016
NL-6077;51.1423;6.0009
NL-6411;50.8782;5.967
NL-5985;51.3617;5.9405
NL-2262;52.0913;4.3877
NL-9893;53.3007;6.4928
NL-1648;52.6282;4.9517
NL-3206;51.8298;4.3254
NL-3114;51.9053;4.4042
NL-6422;50.8453;6.0015
NL-9214;53.103;6.0125
NL-3454;52.08336666666667;5.034566666666667
NL-8701;53.0641;5.5238
NL-9622;53.2409;6.6731
NL-9263;53.1649;5.9712
NL-5664;51.4185;5.5595
NL-7664;52.4471;6.7795
NL-6905;51.9195;6.0877
NL-3773;52.1379;5.6058
NL-7165;52.1444;6.6583
NL-6135;51.0064;5.8529
NL-7936;52.749;6.5439
NL-4851;51.548;4.8007
NL-7627;52.312;6.657
NL-6877;52.0748;5.9032
NL-3434;52.0079;5.0867
NL-7383;52.1726;6.1371
NL-9956;53.3927;6.5129
NL-8301;52.7085;5.7568
NL-6301;50.8652;5.826
NL-4184;51.8289;5.3013
NL-4441;51.433350000000004;3.79385
NL-9008;53.1174;5.7851
NL-6525;51.8212;5.8672
NL-3814;52.1617;5.3981
NL-4333;51.5126;3.6092
NL-6712;52.0466;5.6604
NL-2271;52.0718;4.3688
NL-3455;52.121;4.997
NL-3065;51.9252;4.5516
NL-8811;53.2229;5.5916
NL-9334;53.0586;6.497
NL-8337;52.8233;6.0812
NL-9248;53.1015;6.2429
NL-5296;51.6117;5.2922
NL-3705;52.0978;5.237
NL-4156;51.8819;5.1776
NL-1107;52.2932;4.9803
NL-1742;52.7812;4.799799999999999
NL-9563;52.90995;7.05
NL-4214;51.8277;5.0541
NL-4525;51.3545;3.3839
NL-2031;52.3904;4.6573
NL-1628;52.6527;5.0936
NL-9114;53.2974;6.0478
NL-7134;51.9862;6.6122
NL-7328;52.2022;5.9884
NL-1062;52.3549;4.8381
NL-6713;52.0373;5.6586
NL-7379;52.2913;6.0589
NL-1788;52.8895;4.7421
NL-1023;52.3901;4.9465
NL-1778;52.8731;4.923
NL-1091;52.3555;4.9135
NL-4538;51.3118;3.842
NL-5507;51.4223;5.3691
NL-7971;52.7739;6.2372
NL-6468;50.8763;6.0448
NL-9712;53.2216;6.5631
NL-1332;52.4088;5.2538
NL-7602;52.3694;6.656
NL-7553;52.2552;6.7901
NL-5655;51.4152;5.4399
NL-4616;51.4777;4.2909
NL-3641;52.2066;4.8632
NL-7751;52.693;6.7573
NL-1704;52.6761;4.8262
NL-3143;51.9151;4.253
NL-5455;51.6565;5.7735
NL-9171;53.3516;5.8638
NL-9311;53.1304;6.3954
NL-1506;52.4411;4.8191
NL-5661;51.4124;5.5411
NL-6454;50.98;5.9412
NL-6235;50.9051;5.7798
NL-9614;53.2148;6.6659
NL-1796;53.09725;4.769550000000001
NL-7645;52.393;6.5618
NL-2451;52.2224;4.6708
NL-2025;52.4148;4.6491
NL-3849;52.34625;5.69165
NL-7872;52.8367;6.8859
NL-8387;52.8923;6.2195
NL-7604;52.3586;6.6407
NL-3253;51.8054;3.9148
NL-5692;51.5195;5.4802
NL-1931;52.6121;4.636666666666666
NL-1065;52.3575;4.828
NL-7384;52.2303;6.1312
NL-8423;52.9785;6.2211
NL-6816;52.041799999999995;5.87795
NL-3819;52.1554;5.3492
NL-6921;51.9499;6.0189
NL-9458;52.995;6.6308
NL-5865;51.4946;6.0944
NL-3063;51.9163;4.5136
NL-8405;52.9958;5.9812
NL-9291;53.2805;6.1493
NL-7892;52.7319;6.9706
NL-6269;50.8215;5.8218
NL-7203;52.1504;6.2137
NL-3233;51.9125;4.1026
NL-7561;52.3019;6.8423
NL-8896;53.3972;5.3427
NL-5824;51.5748;6.0069
NL-5683;51.5081;5.3996
NL-5144;51.6783;5.0665
NL-2983;51.884;4.606
NL-6613;51.7818;5.7153
NL-8304;52.7011;5.7577
NL-9081;53.2252;5.82
NL-6891;52.0041;5.9613
NL-9054;53.2906;5.766
NL-1057;52.3677;4.8552
NL-9925;53.3766;6.7136
NL-3708;52.0772;5.2618
NL-4062;51.856449999999995;5.40715
NL-9994;53.354;6.6381
NL-4584;51.3357;4.0384
NL-3249;51.712;4.0841
NL-7496;52.1999;6.6366
NL-1797;53.024;4.7622
NL-9999;52.28995;5.917383333333333
NL-1097;52.3468;4.9293
NL-3415;51.9823;4.8649
NL-3453;52.0822;5.0147
NL-8321;52.6632;5.6091
NL-3481;52.091;4.96
NL-5345;51.7669;5.5018
NL-9044;53.2359;5.6882
NL-8483;52.8304;5.8722
NL-1755;52.761700000000005;4.65665
NL-4782;51.6905;4.6147
NL-2904;51.9335;4.6075
NL-2986;51.8634;4.6172
NL-2871;51.9487;4.8491
NL-8097;52.4665;5.8948
NL-2021;52.3927;4.6433
NL-7261;52.08315;6.481299999999999
NL-9264;53.1306;5.9452
NL-8458;52.9987;5.9453
NL-9721;53.1953;6.5729
NL-8443;52.9439;5.9407
NL-1691;52.7068;5.0989
NL-5502;51.4246;5.417
NL-3051;51.9448;4.4776
NL-7851;52.7975;6.733
NL-7891;52.7238;6.9883
NL-9166;53.4805;6.1623
NL-9496;53.1136;6.5245
NL-6237;50.919;5.7641
NL-8536;52.8721;5.7692
NL-3646;52.2343;4.8956
NL-6017;51.1623;5.8436
NL-6325;50.861;5.7886
NL-5221;51.7243;5.2576
NL-8852;53.2507;5.5584
NL-7824;52.7809;6.9293
NL-2561;52.0757;4.2766
NL-3897;52.3543;5.4674
NL-1071;52.3553;4.8788
NL-4562;51.2754;4.0688
NL-3208;51.8365;4.3105
NL-2221;52.2086;4.4203
NL-3328;51.777;4.6744
NL-7651;52.4076;6.7852
NL-4013;51.883;5.3801
NL-1679;52.717;5.0736
NL-5391;51.731049999999996;5.44665
NL-5245;51.7329;5.3519
NL-1476;52.5971;5.0161
NL-5125;51.575;4.9569
NL-7794;52.549;6.5769
NL-1433;52.2352;4.7513
NL-9514;52.9872;6.8506
NL-7732;52.532849999999996;6.4415
NL-8932;53.1922;5.7925
NL-2723;52.063;4.5191
NL-7556;52.2749;6.7896
NL-5753;51.4494;5.7901
NL-2855;51.9762;4.8214
NL-6291;50.772;6.0154
NL-5663;51.4158;5.5453
NL-2548;52.0292;4.29
NL-8251;52.5229;5.727
NL-3447;52.0798;4.891
NL-7215;52.2058;6.2373
NL-8421;52.9383;6.1306
NL-3119;51.9221;4.3945
NL-5383;51.7067;5.4849499999999995
NL-3202;51.8562;4.3168
NL-2019;52.3812;4.634
NL-9541;53.0217;7.1111
NL-5059;51.5736;5.1561
NL-5672;51.4651;5.5489
NL-8611;52.6357;5.7501999999999995
NL-9942;53.2237;6.9482
NL-3562;52.116;5.116
NL-9418;52.8137;6.5176
NL-5235;51.7266;5.3077
NL-8624;53.0025;5.7078
NL-5392;51.7313;5.4265
NL-1383;52.2989;5.043
NL-3832;52.1187;5.4064
NL-5571;51.3177;5.3496
NL-4211;51.8559;5.0128
NL-5352;51.8014;5.6269
NL-1441;52.5029;4.9528
NL-9156;53.3326;5.9614
NL-7678;52.4222;6.73
NL-5371;51.796285714285716;5.642342857142856
NL-8713;52.9406;5.4031
NL-3433;52.0106;5.0999
NL-8194;52.3781;6.0921
NL-7313;52.22;5.9312
NL-2585;52.092;4.3021
NL-1014;52.3904;4.8651
NL-9473;53.1138;6.7161
NL-4161;51.8708;5.0728
NL-8025;52.5089;6.1231
NL-3443;52.0891;4.8741
NL-9466;53.0364;6.6642
NL-5331;51.7719;5.333
NL-5357;51.7757;5.6716
NL-1971;52.4579;4.6248
NL-6276;50.7752;5.8759
NL-8451;52.9354;5.9564
NL-7949;52.6878;6.2673
NL-7545;52.2126;6.864
NL-2977;51.9038;4.8982
NL-7813;52.7565;6.8633
NL-7535;52.2127;6.9156
NL-7926;52.6661;6.5004
NL-1252;52.2457;5.2354
NL-8254;52.5273;5.7228
NL-9105;53.29695;5.95535
NL-3023;51.913;4.4511
NL-2628;52.0028;4.3746
NL-1313;52.3827;5.1984
NL-8346;52.814;6.1197
NL-7666;52.3804;6.8046
NL-6901;51.9292;6.077
NL-4185;51.852;5.3155
NL-7123;51.9162;6.5893
NL-3315;51.8027;4.7216
NL-1703;52.6597;4.8258
NL-7948;52.729200000000006;6.18005
NL-5397;51.8059;5.4361
NL-9844;53.2826;6.2699
NL-2622;51.9817;4.3448
NL-6534;51.8135;5.8205
NL-3542;52.1164;5.0533
NL-8055;52.4595;6.1796
NL-6546;51.8324;5.7841
NL-5141;51.6874;5.0585
NL-9861;53.2126;6.2748
NL-1435;52.2595;4.7126
NL-5344;51.7532;5.5055
NL-4235;51.9572;4.9506
NL-1445;52.5024;4.9823
NL-3514;52.0996;5.1201
NL-2967;51.94075;4.907450000000001
NL-3466;52.0603;4.8221
NL-2321;52.1475;4.4845
NL-8861;53.1754;5.4274
NL-3216;51.847;4.2407
NL-5561;51.3553;5.3841
NL-3085;51.8733;4.4893
NL-4882;51.4839;4.6496
NL-9113;53.2948;6.0291
NL-3192;51.8538;4.3619
NL-1733;52.7404;4.8982
NL-4701;51.533;4.459
NL-3572;52.0984;5.1343
NL-2906;51.9351;4.5684
NL-4388;51.4657;3.6039
NL-1676;52.7412;5.0549
NL-8636;53.1134;5.6742
NL-9989;53.3919;6.5577
NL-8835;53.1353;5.6504
NL-5443;51.6902;5.862
NL-9613;53.2284;6.6539
NL-6974;52.0751;6.1387
NL-7431;52.2892;6.1508
NL-2908;51.9571;4.5805
NL-5916;51.3863;6.194
NL-1022;52.399;4.9297
NL-9907;53.3752;6.8353
NL-9995;53.365;6.633
NL-5109;51.6581;4.9439
NL-8923;53.2154;5.8134
NL-8749;53.116;5.438
NL-1681;52.7047;5.1475
NL-7107;51.9449;6.7746
NL-9996;53.3794;6.6954
NL-2381;52.119;4.4984
NL-1393;52.2742;5.0289
NL-6543;51.8354;5.8286
NL-9401;52.9939;6.5625
NL-5846;51.6356;5.8714
NL-8516;52.9027;5.746
NL-8391;52.8877;6.1432
NL-5105;51.6151;4.9732
NL-9298;53.2617;6.08
NL-4904;51.6293;4.8479
NL-4385;51.4624;3.5749
NL-6814;51.9895;5.8964
NL-1349;52.346;5.3201
NL-2524;52.0532;4.3145
NL-7903;52.7335;6.5054
NL-1607;52.6598;5.1876
NL-8884;53.3779;5.2757
NL-8897;53.4043;5.3777
NL-3336;51.8085;4.6168
NL-8495;53.0492;5.8944
NL-5359;51.7724;5.6938
NL-6566;51.8629;6.0464
NL-2645;52.0045;4.3949
NL-1273;52.3008;5.2576
NL-2316;52.1673;4.4956
NL-8513;52.9375;5.8146
NL-8913;53.2014;5.7814
NL-2546;52.0584;4.2738
NL-8085;52.4116;5.8273
NL-2807;52.0099;4.7453
NL-9908;53.3728;6.8137
NL-9125;53.3289;6.0497
NL-5264;51.6734;5.2886
NL-1505;52.4306;4.8401
NL-5101;51.626;4.9254
NL-1766;52.8351;4.8641
NL-1092;52.3565;4.9229
NL-6122;51.0423;5.8106
NL-3721;52.1214;5.1872
NL-9155;53.3256;5.9445
NL-1961;52.5114;4.6707
NL-1662;52.7248;4.9972
NL-3742;52.2069;5.2989
NL-8807;53.1851;5.4954
NL-1509;52.4691;4.8344
NL-4884;51.4458;4.6355
NL-5324;51.7498;5.2201
NL-1756;52.8368;4.7572
NL-9987;53.3938;6.7588
NL-4837;51.5688;4.7695
NL-4735;51.5568;4.5164
NL-3997;52.003;5.2179
NL-5366;51.8204;5.5624
NL-2544;52.0436;4.2564
NL-8812;53.2058;5.595
NL-9331;53.0686;6.4588
NL-5089;51.4968;5.2074
NL-7638;52.42;6.8712
NL-7575;52.2981;6.9235
NL-5673;51.4728;5.5639
NL-8313;52.8077;5.7027
NL-4691;51.5339;4.2156
NL-6111;51.1144;5.8994
NL-9011;53.078;5.793
NL-6654;51.8804;5.6332
NL-9335;53.0395;6.4614
NL-4174;51.8276;5.177
NL-7907;52.7166;6.4722
NL-3231;51.9037;4.1693
NL-5652;51.4394;5.4384
NL-5512;51.4214;5.286
NL-4515;51.3211;3.6173
NL-8277;52.5837;5.9353
NL-5508;51.4288;5.39
NL-7782;52.6505;6.6242
NL-5922;51.3743;6.143
NL-2133;52.3104;4.6693
NL-9842;53.267;6.3401
NL-9285;53.2503;6.1461
NL-7471;52.235;6.5834
NL-5553;51.3568;5.4718
NL-4415;51.4434;4.0776
NL-2135;52.2974;4.6639
NL-8552;52.9603;5.6345
NL-3334;51.8141;4.6097
NL-7765;52.6721;6.9899
NL-7938;52.7672;6.6043
NL-9241;53.0533;6.2016
NL-5831;51.6484;5.9459
NL-2725;52.0735;4.4983
NL-9793;53.3106;6.7433
NL-9903;53.3173;6.8471
NL-9148;53.349;5.9722
NL-7771;52.5692;6.6049
NL-7101;51.9713;6.723
NL-5705;51.4706;5.6687
NL-6626;51.8245;5.4708
NL-1625;52.6562;5.0542
NL-7411;52.2524;6.1595
NL-6091;51.2495;5.837
NL-7814;52.8003;6.9003
NL-3111;51.9163;4.3991
NL-5667;51.4309;5.5654
NL-9632;53.1337;6.8069
NL-3899;52.3559;5.5014
NL-8922;53.2099;5.8038
NL-2712;52.0511;4.4999
NL-9663;53.0723;6.9594
NL-7909;52.7226;6.4523
NL-7935;52.7773;6.4412
NL-2024;52.4062;4.6396
NL-6541;51.8485;5.8441
NL-5684;51.5029;5.3877
NL-2726;52.0677;4.4877
NL-3032;51.929;4.4781
NL-8761;53.0051;5.4334
NL-3903;52.0094;5.5556
NL-7555;52.2623;6.7711
NL-1481;52.5022;5.0199
NL-6075;51.1557;6.069
NL-5081;51.4907;5.134
NL-8426;52.9516;6.351
NL-6681;51.8935;5.8996
NL-8757;53.0176;5.414
NL-9601;53.1643;6.7586
NL-7122;51.9248;6.5637
NL-5308;51.7821;5.1297
NL-9295;53.2931;6.0853
NL-5176;51.6127;5.0058
NL-1822;52.6525;4.7775
NL-7532;52.2205;6.9616
NL-9992;53.3466;6.6747
NL-4484;51.5571;3.8048
NL-8124;52.3307;6.2071
NL-1964;52.5086;4.664
NL-5814;51.4821;5.9571
NL-3474;52.1162;4.8353
NL-7412;52.2636;6.1415
NL-7721;52.5107;6.2572
NL-6841;51.9692;5.8983
NL-8331;52.7847;6.1167
NL-1343;52.3408;5.3043
NL-8872;53.1497;5.4324
NL-5156;51.7233;5.1376
NL-9174;53.3242;5.8744
NL-4131;51.99265;5.1061499999999995
NL-3998;51.9912;5.1912
NL-2496;52.048;4.3763
NL-7572;52.312;6.9227
NL-1752;52.7821;4.7207
NL-5987;51.3139;5.9729
NL-6353;50.8185;5.9735
NL-1103;52.3232;4.9719
NL-6102;51.0954;5.8925
NL-9645;53.1156;6.8808
NL-5871;51.4958;6.1571
NL-8617;53.0199;5.5722
NL-7875;52.8763;6.8689
NL-8917;53.209;5.7917
NL-1031;52.389;4.9056
NL-8915;53.2095;5.7702
NL-1456;52.5015;4.9047
NL-7601;52.3455;6.6715
NL-8388;52.8963;6.1665
NL-9474;53.1022;6.7501
NL-2526;52.068;4.3077
NL-5662;51.4276;5.5475
NL-3632;52.2118;5.0213
NL-8528;52.9546;5.7088
NL-7531;52.2294;6.9165
NL-6687;51.9146;5.9549
NL-7731;52.5237;6.4215
NL-2204;52.27435;4.482
NL-3251;51.812799999999996;4.0017000000000005
NL-2751;52.0454;4.5793
NL-1213;52.2119;5.1801
NL-2471;52.1056;4.7267
NL-8265;52.5465;5.9045
NL-2993;51.8511;4.4984
NL-3555;52.1166;5.0778
NL-5451;51.6876;5.7778
NL-7864;52.7233;6.6731
NL-1145;52.4733;5.04
NL-2921;51.9108;4.5833
NL-1784;52.9391;4.7449
NL-1382;52.3123;5.0348
NL-7021;52.0075;6.3462
NL-9536;52.9083;6.8136
NL-8408;53.0173;6.0955
NL-9422;52.9473;6.4479
NL-6641;51.8605;5.7675
NL-8171;52.2895;5.9731
NL-9123;53.3598;6.066
NL-5642;51.4387;5.5148
NL-5013;51.5692;5.0988
NL-7911;52.72455;6.5573999999999995
NL-1338;52.3877;5.2788
NL-6371;50.9014;6.0158
NL-5049;51.5891;5.0753
NL-1218;52.2705;5.1372
NL-9911;53.337;6.8148
NL-1482;52.4814;5.001
NL-9077;53.2784;5.7039
NL-3461;52.0633;4.9169
NL-1015;52.3783;4.8836
NL-2063;52.4141;4.6775
NL-2182;52.2902;4.5777
NL-6295;50.7845;5.9902
NL-6537;51.8126;5.7947
NL-6955;52.0314;6.0887
NL-6243;50.9225;5.7501
NL-1021;52.3846;4.9174
NL-8752;53.0727;5.3372
NL-3527;52.0773;5.0936
NL-2802;52.0065;4.6997
NL-8468;52.9982;5.877
NL-7608;52.3784;6.6802
NL-1165;52.3861;4.75
NL-5656;51.411;5.4557
NL-8081;52.4314;5.8293
NL-8224;52.5133;5.4849
NL-8742;53.0884;5.5434
NL-9946;53.2722;7.0306
NL-6421;50.9276;5.9518
NL-4225;51.9013;4.9418
NL-7433;52.2704;6.1982
NL-7448;52.3632;6.3847
NL-5434;51.7176;5.8562
NL-8091;52.4632;5.97395
NL-2131;52.308;4.6844
NL-7778;52.5886;6.6726
NL-9753;53.1722;6.626
NL-7849;52.85355;6.7521
NL-4731;51.59325;4.540649999999999
NL-5124;51.5706;4.8877
NL-1814;52.6223;4.7426
NL-9732;53.2341;6.6202
NL-1404;52.2757;5.1621
NL-5213;51.695;5.3261
NL-7738;52.5629;6.3889
NL-6212;50.8383;5.6902
NL-7692;52.5109;6.577
NL-7798;52.5939;6.5949
NL-4308;51.673;4.0334
NL-1086;52.3627;4.9819
NL-4321;51.6874;3.8904
NL-8806;53.1491;5.4868
NL-1502;52.4462;4.8265
NL-7873;52.8494;6.8511
NL-8482;52.8186;5.876
NL-4435;51.4059;3.8876
NL-4107;51.9385;5.1906
NL-2631;52.044;4.3962
NL-9715;53.2327;6.5678
NL-1042;52.4047;4.8345
NL-7823;52.792249999999996;6.93745
NL-1654;52.703;5.027
NL-7039;51.8786;6.2226
NL-9299;53.2465;6.0481
NL-2232;52.1941;4.4508
NL-3891;52.3329;5.5379
NL-6923;51.9299;6.0259
NL-1183;52.3126;4.8764
NL-8627;53.0585;5.7142
NL-7315;52.2293;5.9543
NL-2409;52.104150000000004;4.6417
NL-3138;51.9252;4.3268
NL-8035;52.5549;6.1556
NL-4881;51.462500000000006;4.6503499999999995
NL-6668;51.9509;5.707
NL-1693;52.7344;5.1478
NL-1794;53.0904;4.8769
NL-8475;52.9144;6.0801
NL-2724;52.0653;4.5087
NL-1697;52.6372;5.1223
NL-9144;53.3711;5.9943
NL-2035;52.3653;4.6568
NL-3333;51.8109;4.6318
NL-7577;52.3235;6.9184
NL-7137;52.0112;6.5951
NL-3607;52.1359;5.0182
NL-3554;52.113;5.0925
NL-8521;52.9251;5.7426
NL-4251;51.8078;4.893
NL-5236;51.7329;5.3268
NL-4781;51.7029;4.6286
NL-7928;52.7718;6.4955
NL-8066;52.6708;6.0624
NL-3171;51.8559;4.3952
NL-1118;52.3038;4.7571
NL-5614;51.4284;5.4921
NL-6143;51.0143;5.8188
NL-9361;53.1852;6.3332
NL-9746;53.2357;6.5161
NL-2954;51.8715;4.661
NL-9881;53.2868;6.3213
NL-1061;52.3736;4.8396
NL-1544;52.4744;4.8025
NL-1234;50.7859;5.9923
NL-5237;51.7302;5.2909
NL-9959;53.3339;6.5872
NL-9751;53.1742;6.6103
NL-9051;53.26;5.7642
NL-7889;52.766;7.002
NL-9364;53.1509;6.3029
NL-7885;52.746;6.9634
NL-8362;52.7539;5.9648
NL-4491;51.5839;3.7486
NL-2913;51.9775;4.6047
NL-9024;53.1468;5.7442
NL-2614;52.0081;4.3361
NL-6438;50.9494;5.911
NL-5076;51.6022;5.2263
NL-1685;52.6761;5.0608
NL-8381;52.8558;6.2075
NL-6105;51.0885;5.9682
NL-4765;51.6729;4.6761
NL-5423;51.5793;5.7144
NL-5042;51.5712;5.0544
NL-9606;53.1431;6.7145
NL-2415;52.0782;4.8139
NL-4201;51.8293;4.9746
NL-5363;51.7493;5.7204
NL-1119;52.2794;4.755
NL-2406;52.1305;4.6671
NL-7339;52.1847;5.9377
NL-5449;51.5651;5.8003
NL-9413;52.8486;6.511
NL-7707;52.6032;6.3824
NL-2612;52.0178;4.3642
NL-3116;51.9102;4.3946
NL-4849;51.5917;4.8608
NL-8275;52.5359;6.0135
NL-3299;51.79185;4.56005
NL-6606;51.7977;5.6748
NL-8278;52.5146;5.9314
NL-1834;52.66;4.7858
NL-5254;51.70863333333333;5.182666666666667
NL-5694;51.5184;5.5117
NL-4872;51.5748;4.6499
NL-9004;53.1621;5.8654
NL-5251;51.6978;5.204599999999999
NL-7686;52.4773;6.5674
NL-5913;51.3681;6.1842
NL-6986;51.9952;6.1358
NL-2516;52.0672;4.3352
NL-7126;51.9426;6.6206
NL-1846;52.5803;4.7793
NL-1398;52.3314;5.0645
NL-1059;52.3488;4.8468
NL-2988;51.8559;4.5843
NL-9853;53.3048;6.2693
NL-8267;52.57525;5.91345
NL-9655;53.087;6.7634
NL-8934;53.1921;5.8072
NL-8711;52.9766;5.4441
NL-7585;52.2305;6.9933
NL-8212;52.5126;5.5044
NL-9497;53.0953;6.544
NL-2572;52.0645;4.2939
NL-9416;52.91;6.4475
NL-6532;51.8256;5.8356
NL-9256;53.2254;5.9139
NL-3437;52.0482;5.0761
NL-2965;51.9318;4.8709
NL-9231;53.181;6.1686
NL-9143;53.3962;6.0475
NL-3712;52.1152;5.2644
NL-4334;51.5034;3.597
NL-4841;51.5995;4.7119
NL-4703;51.5349;4.4427
NL-5757;51.4122;5.8216
NL-2032;52.3787;4.6525
NL-6715;52.0422;5.6348
NL-1736;52.7415;4.8391
NL-6024;51.238;5.5788
NL-7983;52.8583;6.264
NL-8218;52.4542;5.508
NL-8307;52.6376;5.8276
NL-9891;53.3087;6.4432
NL-6129;50.996;5.7722
NL-3984;52.0518;5.2336
NL-6988;51.9907;6.0332
NL-6903;51.9391;6.0696
NL-8256;52.4436;5.7117
NL-4332;51.5065;3.6241
NL-9631;53.1105;6.824
NL-2408;52.1205;4.6494
NL-5525;51.3703;5.30405
NL-8833;53.1525;5.6779
NL-6262;50.7902;5.8083
NL-3355;51.8366;4.7016
NL-4711;51.5498;4.5892
NL-6843;51.9595;5.8618
NL-1911;52.5253;4.7087
NL-3701;52.0865;5.2438
NL-3735;52.1221;5.2405
NL-8765;53.0414;5.5026
NL-5171;51.6579;5.0328
NL-2216;52.2301;4.4903
NL-9367;53.1183;6.2591
NL-2721;52.0581;4.5435
NL-9738;53.2464;6.5695
NL-8161;52.3473;5.9924
NL-2402;52.1472;4.6676
NL-5766;51.4433;5.8846
NL-8628;53.054;5.6957
NL-4815;51.5976;4.768
NL-1261;52.2808;5.2585
NL-4759;51.6425;4.5312
NL-9433;52.8813;6.596
NL-8541;53.002;5.7892
NL-1060;52.349;4.7836
NL-9699;53.074;7.1264
NL-9457;52.9829;6.6094
NL-7940;52.718599999999995;6.182600000000001
NL-4536;51.3175;3.849
NL-9584;52.97185;7.0146
NL-4063;51.8157;5.3514
NL-9495;53.1273;6.5242
NL-2596;52.0936;4.3203
NL-1747;52.737;4.7526
NL-3137;51.9362;4.3463
NL-9359;53.1991;6.3364
NL-8551;52.9424;5.6299
NL-3044;51.9291;4.4203
NL-7921;52.6706;6.4269
NL-5266;51.658;5.2332
NL-8407;53.02;6.0436
NL-7443;52.3739;6.4768
NL-1503;52.4473;4.8408
NL-7008;51.971;6.2728
NL-2273;52.0793;4.3587
NL-7364;52.1613;5.9958
NL-4902;51.6358;4.8605
NL-5529;51.3969;5.2392
NL-2718;52.0402;4.4939
NL-2594;52.0919;4.3421
NL-6706;51.9757;5.6762
NL-6447;50.9551;5.9355
NL-3084;51.877;4.4658
NL-8809;53.2148;5.5635
NL-6268;50.8454;5.7735
NL-4351;51.5439;3.661
NL-4434;51.4345;3.8784
NL-6953;52.0444;6.1076
NL-8291;52.5869;6.0158
NL-8622;52.979;5.6499
NL-9883;53.3022;6.3939
NL-4621;51.4935;4.3021
NL-5094;51.4084;5.1491
NL-2635;52.0024;4.3278
NL-8505;52.9861;5.7884
NL-8508;52.8764;5.8297
NL-4641;51.3954;4.331
NL-2974;51.8816;4.8226
NL-8147;52.4905;6.3887
NL-8226;52.4944;5.4955
NL-7822;52.791;6.9043
NL-3732;52.1101;5.1884999999999994
NL-5158;51.71705;5.130850000000001
NL-9651;53.1373;6.9239
NL-6088;51.2668;5.9258
NL-7011;51.928399999999996;6.3437
NL-4128;51.9613;5.0333
NL-6911;51.8909;6.0394
NL-6561;51.7837;5.9289
NL-6060;51.129;6.0715
NL-6707;51.9717;5.665
NL-5481;51.6185;5.4277
NL-7397;52.2957;6.0576
NL-7007;51.9536;6.2689
NL-9943;53.2107;6.9422
NL-8771;53.051;5.5768
NL-1013;52.3881;4.8834
NL-9627;53.2532;6.83755
NL-4101;51.9568;5.2294
NL-7341;52.254;6.0077
NL-7031;51.9602;6.2067
NL-3198;51.9364;4.117699999999999
NL-8233;52.5004;5.4765
NL-4721;51.4988;4.5546
NL-5961;51.4542;6.0526
NL-1713;52.6748;4.904
NL-2144;52.2869;4.5958
NL-2111;52.3638;4.595
NL-1645;52.6286;4.8962
NL-1312;52.3735;5.1885
NL-6628;51.8504;5.5621
NL-1823;52.6347;4.7596
NL-5283;51.5907;5.3381
NL-3061;51.927;4.5045
NL-2492;52.066;4.4097
NL-7227;52.0476;6.2263
NL-5681;51.5206;5.4084
NL-9475;53.1126;6.6775
NL-2203;52.2398;4.4516
NL-4305;51.6261;3.9866
NL-1841;52.614;4.8204
NL-6286;50.8096;5.9375
NL-5735;51.51;5.62615
NL-5476;51.6552;5.5519
NL-7828;52.7329;6.9078
NL-7418;52.2437;6.1882
NL-2901;51.9169;4.5651
NL-1791;53.0565;4.7949
NL-2235;52.1775;4.4369
NL-9269;53.2391;5.9903
NL-3037;51.9368;4.4733
NL-1394;52.257;5.05
NL-5291;51.6155;5.355
NL-2403;52.146;4.6807
NL-1333;52.3956;5.2652
NL-7426;52.2543;6.2499
NL-5152;51.6826;5.1237
NL-8064;52.6417;6.0736
NL-3603;52.139;5.0381
NL-1744;52.7654;4.7505
NL-7934;52.7519;6.5023
NL-6131;50.9988;5.8662
NL-4209;51.8447;4.9255
NL-6051;51.1434;5.891
NL-8315;52.7492;5.8452
NL-7766;52.655249999999995;6.93585
NL-6866;51.98015;5.74765
NL-4254;51.8147;4.9499
NL-4793;51.6382;4.47
NL-9336;53.0173;6.4802
NL-9726;53.2127;6.5531
NL-4444;51.4713;3.8748
NL-1217;52.2298;5.1633
NL-2971;51.8711;4.7787
NL-1684;52.7003;5.1249
NL-9564;52.9178;7.0296
NL-8338;52.8254;6.0621
NL-2282;52.0513;4.3351
NL-3089;51.8922;4.4205
NL-1813;52.6204;4.7532
NL-5428;51.6089;5.7359
NL-6013;51.19;5.8111
NL-6684;51.8904;5.8693
NL-3704;52.087;5.2166
NL-3135;51.9172;4.357
NL-2405;52.1298;4.6608
NL-2573;52.0652;4.2844
NL-1749;52.7217;4.7363
NL-9521;52.9629;6.9423
NL-3038;51.9348;4.4649
NL-8733;53.1259;5.6134
NL-1844;52.5812;4.8085
NL-1853;52.5914;4.6998
NL-1443;52.5086;4.97
NL-3863;52.2152;5.4622
NL-1354;52.3378;5.2188
NL-1789;52.9528;4.7275
NL-9307;53.1006;6.405
NL-2961;51.8865;4.6324
NL-7381;52.1682;6.0459
NL-7582;52.2585;7.0
NL-3292;51.7168;4.5841
NL-5421;51.5567;5.6895
NL-6577;51.8499;5.9587
NL-8361;52.8109;5.9601
NL-9523;52.9809;6.9114
NL-9007;53.1197;5.8121
NL-8253;52.5377;5.6991
NL-1862;52.6553;4.68655
NL-2992;51.8533;4.528
NL-7662;52.4385;6.8818
NL-3224;51.8271;4.1477
NL-8335;52.809;6.079
NL-3769;52.1193;5.2912
NL-4387;51.4713;3.592
NL-8102;52.3853;6.278
NL-2155;52.2322;4.6711
NL-6571;51.8234;5.9112
NL-3631;52.198;5.0043
NL-3737;52.1259;5.155
NL-9698;53.0679;7.0725
NL-5932;51.3338;6.1521
NL-3062;51.8573;3.9439
NL-9106;53.3149;5.9516
NL-5087;51.4711;5.1785
NL-5246;51.6995;5.3433
NL-9591;53.0343;7.0412
NL-1785;52.9379;4.7736
NL-8936;53.193;5.8211
NL-9219;53.1513;6.0345
NL-2481;52.1698;4.6348
NL-1692;52.7185;5.116
NL-7312;52.2047;5.9376
NL-2114;52.3206;4.5773
NL-3024;51.9054;4.457
NL-2445;52.1411;4.7273
NL-8144;52.4369;6.1926
NL-4437;51.3918;3.8167
NL-1274;52.2988;5.2697
NL-3053;51.96;4.4706
NL-8269;52.529;5.8804
NL-5442;51.7249;5.4035
NL-9112;53.2918;5.8752
NL-8231;52.519;5.4682
NL-5761;51.5025;5.7333
NL-3132;51.9114;4.317
NL-6312;50.8631;5.8924
NL-6003;51.2671;5.7085
NL-7781;52.6427;6.5928
NL-2675;51.99955;4.22675
NL-5827;51.6187;5.9757
NL-5032;51.547;5.0385
NL-9297;53.2646;6.1075
NL-4528;51.2792;3.5057
NL-4436;51.4095;3.851
NL-5103;51.6296;4.9498
NL-3069;51.9654;4.5515
NL-4942;51.7033;4.877
NL-4504;51.3815;3.4542
NL-5215;51.6895;5.3298
NL-3449;52.0846;4.8622
NL-3813;52.1698;5.3874
NL-7918;52.6942;6.6127
NL-7467;52.3359;6.5225
NL-3412;51.98525;5.0245999999999995
NL-1724;52.715900000000005;4.7959
NL-8319;52.6437;5.7753
NL-8601;53.0326;5.6504
NL-4727;51.5342;4.350300000000001
NL-1423;52.2333;4.8165
NL-2132;52.299;4.697
NL-9147;53.3628;5.9658
NL-7574;52.3002;6.9363
NL-1781;52.9565;4.7679
NL-6572;51.8234;5.9183
NL-6624;51.8172;5.3923
NL-6542;51.8409;5.8416
NL-6021;51.2717;5.576
NL-5441;51.6982;5.9328
NL-3146;51.9384;4.225
NL-1935;52.5949;4.654
NL-6374;50.9156;6.0481
NL-5613;51.4382;5.4976
NL-8931;53.1866;5.7863
NL-2514;52.0852;4.3102
NL-8775;52.9816;5.4864
NL-7478;52.1978;6.5621
NL-3235;51.88885;4.0741499999999995
NL-5411;51.6961;5.677
NL-5738;51.5411;5.5717
NL-1184;52.2973;4.8951
NL-3781;52.1889;5.6261
NL-8615;53.0228;5.532
NL-4565;51.2544;4.0638
NL-2902;51.925;4.5785
NL-1352;52.3441;5.2139
NL-6287;50.8268;5.9403
NL-8581;52.9253;5.5409
NL-6041;51.1939;5.9869
NL-9072;53.2961;5.6531
NL-8763;53.0159;5.4764
NL-9737;53.2475;6.589
NL-3366;51.8445;4.7600999999999996
NL-8351;52.8236;6.2205
NL-2731;52.0768;4.5476
NL-7322;52.2212;5.9838
NL-8034;52.5359;6.1247
NL-7523;52.236;6.8945
NL-6844;51.9484;5.8577
NL-8911;53.2016;5.7969
NL-9078;53.3036;5.714
NL-4155;51.8759;5.1536
NL-4033;51.9432;5.5161
NL-1315;52.3712;5.2178
NL-4384;51.4622;3.552
NL-5328;51.8006;5.3291
NL-4725;51.4842;4.3941
NL-5926;51.358;6.1296
NL-7332;52.1983;5.9801
NL-9025;53.1576;5.7381
NL-1761;52.8622;4.8232
NL-9828;53.2023;6.442
NL-9918;53.3101;6.7668
NL-4754;51.6127;4.4417
NL-7051;51.9435;6.4593
NL-9421;52.9775;6.4798
NL-3861;52.2268;5.4755
NL-2861;51.9336;4.786
NL-6039;51.1941;5.7155
NL-9178;53.2977;5.8479
NL-3123;51.9422;4.368
NL-9313;53.1546;6.4275
NL-6413;50.9026;5.9427
NL-6451;50.9685;5.9817
NL-1063;52.3815;4.8258
NL-5325;51.7502;5.1974
NL-9983;53.4193;6.7707
NL-9982;53.4158;6.7272
NL-8605;53.0333;5.672
NL-1411;52.2969;5.1585
NL-4493;51.5768;3.6908
NL-8853;53.2271;5.5262
NL-6029;51.3528;5.6181
NL-7554;52.2313;6.7673
NL-4311;51.6639;4.0873
NL-9901;53.3226;6.8559
NL-8491;53.0496;5.8374
NL-3881;52.2505;5.6153
NL-7587;52.3132;6.993
NL-4265;51.7362;5.0863
NL-8232;52.5076;5.4694
NL-6533;51.8152;5.8459
NL-2212;52.2677;4.4904
NL-4117;51.8986;5.3503
NL-4696;51.5868;4.014
NL-3999;51.9979;5.1408
NL-9133;53.3771;6.1433
NL-7711;52.54435;6.268700000000001
NL-6251;50.8071;5.7657
NL-1324;52.3643;5.2078
NL-3959;52.0314;5.4985
NL-7852;52.82265;6.71885
NL-7856;52.7754;6.7474
NL-6043;51.1882;6.0087
NL-5367;51.8047;5.5434
NL-4586;51.3424;4.0558
NL-4588;51.3892;4.0182
NL-5466;51.605;5.5036
NL-7121;51.9257;6.5917
NL-8243;52.5059;5.448
NL-4574;51.2322;3.8981
NL-1094;52.3627;4.936
NL-9977;53.3877;6.389
NL-5107;51.6167;4.9287
NL-6464;50.8806;6.0704
NL-8527;52.9379;5.7277
NL-1051;52.3818;4.8717
NL-9173;53.3329;5.8534
NL-9677;53.1567;7.0106
NL-4103;51.9481;5.2305
NL-7562;52.3018;6.8791
NL-7003;51.9631;6.3064
NL-8766;53.0193;5.2073
NL-5281;51.5856;5.3206
NL-9794;53.3016;6.7099
NL-4651;51.5834;4.3194
NL-9151;53.3682;5.903
NL-9438;52.8203;6.6238
NL-4715;51.5313;4.5554
NL-5343;51.7494;5.5165
NL-9648;53.07955;6.8701
NL-8196;52.3314;6.0888
NL-6142;50.9957;5.8234
NL-4818;51.5786;4.7847
NL-3628;52.1507;4.9524
NL-5217;52.0983;4.2828
NL-2969;51.8581;4.7053
NL-3361;51.8203;4.7719
NL-6828;51.981;5.9222
NL-4706;51.5273;4.4921
NL-1151;52.4331;4.9978
NL-2515;52.0725;4.3208
NL-7466;52.3319;6.4978
NL-6545;51.8328;5.8016
NL-7202;52.1491;6.1936
NL-6591;51.6954;5.9767
NL-3256;51.6855;4.2802
NL-9686;53.1744;7.0937
NL-9417;52.81785;6.4686
NL-2616;52.0208;4.3731
NL-6336;50.8899;5.8539
NL-2989;51.8527;4.6289
NL-7311;52.2131;5.9615
NL-8534;52.8651;5.7264
NL-8488;52.898;5.9877
NL-3734;52.1413;5.2414
NL-4554;51.2337;3.8296
NL-2105;52.3476;4.6059
NL-6445;50.9339;5.9754
NL-3241;51.7588;4.1684
NL-9302;53.133;6.4036
NL-1058;52.3579;4.851
NL-5212;51.697;5.309
NL-9447;52.946;6.7136
NL-6581;51.7821;5.8544
NL-9832;53.2258;6.449
NL-9924;53.369;6.7098
NL-4001;51.8865;5.4315
NL-4797;51.686;4.4402
NL-5255;51.7295;5.1568
NL-3829;52.1866;5.4298
NL-5446;51.6541;5.8174
NL-5643;51.4231;5.5009
NL-4102;51.9527;5.243
NL-1511;52.4396;4.8755
NL-3318;51.7865;4.6792
NL-9917;53.3182;6.7887
NL-2102;52.3535;4.6295
NL-1115;52.3316;4.9386
NL-9717;53.2246;6.5521
NL-5025;51.5493;5.069
NL-8892;53.378;5.2924
NL-3402;52.0261;5.0499
NL-6822;51.9908;5.9219
NL-1361;52.3418;5.1415
NL-5261;51.6574;5.2963
NL-4273;51.7345;4.8954
NL-9863;53.2004;6.2475
NL-9784;53.2756;6.5863
NL-1621;52.6405;5.0596
NL-8305;52.7149;5.785
NL-8487;52.8904;5.9562
NL-3467;52.0167;4.8173
NL-4318;51.732;3.9018
NL-7833;52.7126;6.8598
NL-9437;52.8109;6.6286
NL-5552;51.3596;5.4535
NL-6155;50.9538;5.8723
NL-9461;53.0026;6.7664
NL-5374;51.7424;5.6333
NL-7009;51.9766;6.2919
NL-1734;52.7182;4.877
NL-2243;52.1263;4.3727
NL-6061;51.1223;6.0313
NL-4421;51.49495;3.96415
NL-8758;53.0439;5.4468
NL-5437;51.7239;5.8286
NL-6562;51.7698;5.9426
NL-9671;53.1434;7.0347
NL-9573;52.9339;6.9486
NL-7603;52.369;6.6853
NL-7054;51.95;6.417
NL-7943;52.6961;6.218
NL-2371;52.201;4.6297
NL-9103;53.3163;6.0083
NL-1099;52.3259;4.9218
NL-7336;52.1965;5.9422
NL-5151;51.690799999999996;5.172
NL-2676;51.9581;4.216
NL-2973;51.8757;4.824
NL-4213;51.828050000000005;5.0092
NL-1812;52.6134;4.7576
NL-1093;52.3618;4.928
NL-7132;51.9802;6.5534
NL-4906;51.6505;4.8332
NL-4261;51.7584;5.1256
NL-7902;52.7253;6.4833
NL-7595;52.35;6.8593
NL-9961;53.3495;6.465
NL-9057;53.2333;5.7848
NL-7542;52.1928;6.9008
NL-3824;52.2005;5.3771
NL-1359;52.3411;5.1962
NL-3286;51.76465;4.45495
NL-3252;51.8208;3.9826
NL-2396;52.1334;4.6021
NL-6576;51.8568;5.936
NL-9697;53.1076;7.0751
NL-6221;50.8475;5.7029
NL-9862;53.2208;6.3072
NL-1426;52.2089;4.8166
NL-1486;52.5544;4.7962
NL-6913;51.8924;6.082
NL-4191;51.8811;5.2943
NL-2034;52.3613;4.6464
NL-9734;53.235;6.6214
NL-4671;51.634;4.3686
NL-3343;51.8369;4.6337
NL-9742;53.2294;6.5413
NL-7437;52.2493;6.2942
NL-3831;52.1357;5.4353
NL-1671;52.7668;5.1046
NL-7242;52.1572;6.4036
NL-2722;52.0569;4.5059
NL-8855;53.2175;5.4849
NL-3953;52.0412;5.420366666666666
NL-7108;51.9299;6.7153
NL-9951;53.3312;6.5219
NL-5175;51.6245;5.0739
NL-8264;52.5575;5.8925
NL-8526;52.9605;5.7435
NL-9973;53.3365;6.3408
NL-6305;50.8517;5.8703
NL-2374;52.1861;4.5578
NL-9494;53.1147;6.5903
NL-1054;52.3617;4.8669
NL-7792;52.5586;6.6751
NL-6461;50.8642;6.0677
NL-5674;51.4741;5.5449
NL-1614;52.6981;5.2047
NL-4681;51.5892;4.22
NL-1328;52.3733;5.2647
NL-1941;52.4829;4.6582
NL-3353;51.828;4.6905
NL-7095;51.8901;6.4967
NL-8198;52.4131;6.1241
NL-5268;51.6344;5.2268
NL-5826;51.6076;5.996
NL-4625;51.4755;4.3058
NL-9213;53.1006;6.0336
NL-5262;51.6444;5.2839
NL-1214;52.2142;5.1693
NL-3218;51.86195;4.2414000000000005
NL-8263;52.5646;5.8843
NL-4122;51.9424;5.1371
NL-3079;51.8811;4.5466
NL-8537;52.8709;5.7974
NL-1098;52.3529;4.942
NL-9415;52.8955;6.4908
NL-9486;53.0337;6.5699
NL-7255;52.0516;6.3182
NL-8445;52.9385;5.9324
NL-8347;52.8242;6.1358
NL-7961;52.7257;6.2585
NL-8773;53.037;5.6045
NL-9412;52.8711;6.5203
NL-3583;52.0851;5.1433
NL-8461;52.9356;5.8948
NL-8342;52.8058;6.0328
NL-7881;52.809;7.0346
NL-7815;52.7983;6.8935
NL-6281;50.7932;5.9253
NL-2141;52.3542;4.6816
NL-8385;52.8755;6.1874
NL-9001;53.0932;5.8372
NL-8621;52.9666;5.615
NL-7696;52.551;6.6263000000000005
NL-8626;53.03;5.7217
NL-2211;52.2593;4.494
NL-4911;51.64485;4.81565
NL-8389;52.9115;6.1506
NL-6321;50.836;5.892
NL-9955;53.3685;6.5185
NL-9602;53.1533;6.7463
NL-6813;51.9922;5.8824
NL-7946;52.6994;6.1046
NL-5053;51.5321;5.079
NL-2571;52.0693;4.2874
NL-7005;51.9459;6.30755
NL-7204;52.136;6.2077
NL-4811;51.5878;4.7756
NL-5704;51.4638;5.7028
NL-3565;52.1271;5.0876
NL-6824;51.9909;5.9359
NL-3363;51.8273;4.7547
NL-8478;52.8686;5.9727
NL-8583;52.8946;5.5032
NL-3142;51.9263;4.2536
NL-4845;51.6646;4.7495
NL-8376;52.8078;5.9204
NL-2532;52.0476;4.2972
NL-9031;53.1776;5.7295
NL-3036;51.9371;4.4828
NL-8052;52.4812;6.053
NL-1112;52.3314;4.9591
NL-7591;52.3811;7.0095
NL-8255;52.5687;5.6421
NL-7151;52.0994;6.6413
NL-8077;52.3672;5.7201
NL-4816;51.5989;4.791
NL-2172;52.2226;4.5266
NL-9831;53.256;6.4608
NL-3911;51.9658;5.5702
NL-6004;51.2541;5.7271
NL-2981;51.8684;4.5965
NL-4363;51.5455;3.5072
NL-4196;51.8915;5.2666
NL-6704;51.9834;5.6929
NL-4132;51.9902;5.0929
NL-5977;51.4017;5.9503
NL-1702;52.6654;4.8389
NL-9915;53.3677;6.7752
NL-2728;52.0753;4.522
NL-2461;52.1776;4.7118
NL-2022;52.4017;4.65
NL-8193;52.3968;6.1094
NL-2391;52.11165;4.60375
NL-3821;52.1747;5.4152
NL-5354;51.8147;5.6298
NL-7607;52.3549;6.6676
NL-7314;52.2187;5.9457
NL-9284;53.2166;6.161
NL-9936;53.3192;6.9304
NL-5146;51.6741;5.0405
NL-1507;52.4414;4.8056
NL-8016;52.4823;6.1032
NL-9436;52.7984;6.6125
NL-3563;52.1187;5.0995
NL-9797;53.2688;6.6512
NL-5307;51.7885;5.0783
NL-1721;52.6791;4.8029
NL-7581;52.2645;7.0061
NL-7041;51.8772;6.2529
NL-5647;51.4225;5.5236
NL-6219;50.8637;5.6875
NL-1432;52.278;4.7958
NL-7597;52.334;6.8047
NL-4386;51.4648;3.579
NL-7715;52.6052;6.2657
NL-5011;51.5855;5.0863
NL-6733;52.1088;5.715
NL-8398;52.8307;6.0168
NL-7701;52.60015;6.46105
NL-3543;52.1029;5.0463
NL-8061;52.5908;6.1
NL-7622;52.2996;6.754
NL-2513;52.0788;4.3014
NL-2959;51.9016;4.7493
NL-3257;51.6827;4.3473
NL-8223;52.5229;5.486
NL-4105;51.9495;5.2103
NL-6982;52.0067;6.1445
NL-3581;52.0905;5.1341
NL-2267;52.0587;4.3568
NL-5313;51.808;5.1773
NL-3511;52.0886;5.1174
NL-5861;51.5357;6.0758
NL-2545;52.0491;4.2725
NL-4206;51.8419;4.9817
NL-2623;51.9838;4.3609
NL-7335;52.1981;5.9543
NL-1689;52.6685;5.0669
NL-8463;52.9265;5.8493
NL-2272;52.0841;4.375
NL-9792;53.2962;6.7306
NL-7083;51.8724;6.4206
NL-2661;51.9884;4.5038
NL-6659;51.8789;5.4707
NL-4197;51.89815;5.2969
NL-2735;52.0906;4.5298
NL-9355;53.1905;6.3867
NL-1792;53.0401;4.8461
NL-6217;50.8562;5.6695
NL-5316;51.771;5.1869
NL-9009;53.0977;5.7982
NL-9216;53.1245;5.9933
NL-3199;51.9444;4.0289
NL-7985;52.8736;6.3669
NL-7859;52.8698;6.7753
NL-2157;52.2326;4.5929
NL-5709;51.4813;5.7003
NL-4589;51.3884;3.976
NL-7845;52.7227;6.8051
NL-9141;53.4004;6.0139
NL-8822;53.1291;5.4778
NL-3421;52.0254;4.8688
NL-8745;53.0701;5.4782
NL-8394;52.8891;6.092
NL-9449;52.9673;6.6706
NL-2295;52.0148;4.2559
NL-2106;52.3576;4.6082
NL-7973;52.782799999999995;6.1981
NL-8507;52.9218;5.8266
NL-8433;53.0653;6.3344
NL-4303;51.6586;3.9303
NL-5927;51.3758;6.1161
NL-5349;51.7616;5.5531
NL-5963;51.4387;6.04845
NL-8401;53.0045;6.0679
NL-6439;50.9671;5.908
NL-5935;51.332;6.1263
NL-1448;52.4979;4.9382
NL-3201;51.8489;4.3298
NL-4424;51.5174;3.9952
NL-3034;51.9339;4.4943
NL-9085;53.1804;5.8341
NL-4924;51.7087;4.8054
NL-7606;52.3446;6.6516
NL-9801;53.2462;6.4023
NL-9154;53.3454;5.9435
NL-8439;52.8932;6.3112
NL-1316;52.3858;5.2215
NL-6932;51.9483;5.9773
NL-4041;51.9327;5.5716
NL-6601;51.8138;5.7209
NL-2613;52.0089;4.3492
NL-3852;52.298;5.6502
NL-4834;51.571;4.803
NL-9162;53.4462;5.6916
NL-6941;51.9475;6.1294
NL-6132;50.992;5.8859
NL-2581;52.0915;4.2695
NL-2121;52.3211;4.5977
NL-3151;51.9813;4.1335
NL-4269;51.7444;5.0211
NL-9172;53.338;5.8256
NL-9964;53.3589;6.4198
NL-6446;50.9339;5.9427
NL-4133;51.9825;5.0786
NL-7951;52.6286;6.2147
NL-3262;51.8213;4.4059
NL-5467;51.6244;5.5578
NL-4944;51.5684;4.8562
NL-9947;53.2955;7.0457
NL-3608;52.1251;5.0312
NL-4472;51.508;3.8617
NL-7514;52.2257;6.8953
NL-8071;52.3788;5.775
NL-9337;53.0541;6.4394
NL-9221;53.1453;6.1034
NL-3311;51.8131;4.6685
NL-1243;52.25095;5.12235
NL-9978;53.3869;6.3533
NL-7317;52.2335;5.971
NL-5556;51.3022;5.4461
NL-4941;51.6611;4.8595
NL-1861;52.667;4.7001
NL-2162;52.2463;4.5594
NL-1741;52.7909;4.8008
NL-9603;53.1545;6.7649
NL-3155;51.9368;4.2718
NL-9084;53.1785;5.8043
NL-4207;51.8351;4.9948
NL-5914;51.3806;6.1767
NL-7047;51.9256;6.2638
NL-7065;51.9161;6.4514
NL-9824;53.1432;6.2412
NL-9537;52.8906;6.7832
NL-8293;52.5669;6.0055
NL-5509;51.4317;5.4044
NL-4414;51.4191;4.072
NL-3071;51.9092;4.5033
NL-9649;53.1338;6.8692
NL-9292;53.2691;6.179
NL-4031;51.9623;5.4856
NL-6273;50.8174;5.8593
NL-7472;52.248;6.6005
NL-5808;51.5095;6.0336
NL-4454;51.4236;3.7386
NL-5841;51.5991;5.8597
NL-7548;52.2014;6.7965
NL-7382;52.1733;6.0721
NL-3021;51.9165;4.4595
NL-4585;51.3413;3.9962
NL-6031;51.2856;5.7476
NL-7783;52.6076;6.6721
NL-5439;51.745;5.834
NL-3961;51.973;5.3315
NL-4200;51.8324;4.9646
NL-8414;52.9508;6.0604
NL-2761;51.995599999999996;4.58225
NL-7419;52.249;6.1429
NL-5975;51.4082;6.0348
NL-5022;51.5411;5.0932
NL-8871;53.1833;5.4674
NL-1277;52.2972;5.2799
NL-5953;51.2831;6.079
NL-7223;52.0727;6.2316
NL-9075;53.2785;5.576
NL-9033;53.192;5.7254
NL-6574;51.83295;5.9049
NL-7048;51.9342;6.2803
NL-3035;51.9328;4.4809
NL-2465;52.1954;4.6708
NL-9465;52.9998;6.6858
NL-5222;51.7034;5.2752
NL-1711;52.6571;4.887
NL-1171;52.339;4.7815
NL-9455;52.9512;6.572
NL-4464;51.5139;3.9075
NL-1715;52.6997;4.9533
NL-2323;52.1351;4.4801
NL-6109;51.1132;5.8316
NL-1077;52.3452;4.8742
NL-8042;52.5211;6.0487
NL-7932;52.7075;6.3842
NL-1325;52.3666;5.2364
NL-1451;52.4795;4.9243
NL-1949;52.4932;4.5947
NL-1972;52.4591;4.6119
NL-2922;51.9173;4.5923
NL-8453;52.9483;5.9547
NL-7512;52.2138;6.8975
NL-5358;51.7877;5.6411
NL-7854;52.7935;6.7138
NL-4909;51.6457;4.9067
NL-4617;51.478;4.2748
NL-6732;52.1327;5.7509
NL-5368;51.8017;5.584
NL-4551;51.2327;3.7968
NL-8851;53.2379;5.5472
NL-3238;51.88583333333333;4.212599999999999
NL-3864;52.1954;5.4658
NL-3265;51.7939;4.3166
NL-2632;52.0489;4.3945
NL-4901;51.5965;4.8409
NL-9535;52.895;6.7373
NL-7991;52.8033;6.3079
NL-7737;52.5476;6.4997
NL-4926;51.709;4.7002
NL-3791;52.1371;5.4941
NL-2543;52.0401;4.2606
NL-9821;53.2223;6.3364
NL-4543;51.3117;3.9144
NL-7371;52.1191;6.025
NL-7241;52.1573;6.4089
NL-7156;52.064;6.5649
NL-9485;53.0337;6.6225
NL-6662;51.9143;5.8429
NL-3136;51.9288;4.3516
NL-1731;52.7542;4.9026
NL-9873;53.2407;6.2059
NL-4271;51.733;4.9629
NL-7705;52.6221;6.4989
NL-9866;53.2346;6.2586
NL-8801;53.1857;5.5416
NL-6671;51.9273;5.714
NL-3144;51.9244;4.2424
NL-7626;52.3186;6.7639
NL-9089;53.1401;5.7824
NL-6916;51.8549;6.1033
NL-9467;53.0473;6.7041
NL-4762;51.6384;4.6069
NL-2355;52.1693;4.5806
NL-7764;52.6939;6.8641
NL-2909;51.9165;4.5459
NL-4361;51.5275;3.4448
NL-2985;51.8635;4.6019
NL-8514;52.9295;5.8088
NL-9986;53.3932;6.7181
NL-8413;52.9628;6.082
NL-5272;51.6434;5.3597
NL-8356;52.7258;5.9639
NL-6093;51.2515;5.8927
NL-1427;52.2313;4.8338
NL-1027;52.4095;4.9663
NL-6956;52.0578;6.1122
NL-9654;53.0788;6.8
NL-8651;53.0107;5.6217
NL-3073;51.8933;4.5003
NL-9255;53.2099;5.9115
NL-3927;52.0735;5.5387
NL-1318;52.3819;5.2493
NL-5708;51.4718;5.6142
NL-7321;52.2138;5.9852
NL-4381;51.4452;3.5755
NL-6836;51.9435;5.8935
NL-9365;53.1573;6.3262
NL-9696;53.1442;7.1422
NL-7901;52.7262;6.4736
NL-4475;51.5294;3.8963
NL-7958;52.6997;6.3219
NL-4587;51.369;4.0179
NL-3118;51.9189;4.3819
NL-9766;53.1812;6.5364
NL-3441;52.0858;4.8849
NL-3826;52.2019;5.4239
NL-9131;53.3316;6.101
NL-3436;52.0336;5.072
NL-5575;51.2892;5.3211
NL-5403;51.6657;5.6351
NL-3125;51.9314;4.4041
NL-1975;52.4622;4.5945
NL-9023;53.1451;5.7121
NL-5469;51.5943;5.606
NL-2752;52.0343;4.5854
NL-7232;52.132;6.2336
NL-9432;52.866;6.6358
NL-6097;51.182;5.8914
NL-5454;51.6775;5.8084
NL-3372;51.8243;4.8838
NL-9967;53.3632;6.4599
NL-7772;52.58253333333334;6.6190999999999995
NL-6245;50.7788;5.7129
NL-7152;52.0948;6.6612
NL-6165;50.9621;5.8283
NL-2012;52.3714;4.6301
NL-8024;52.523;6.1359
NL-6121;51.0336;5.8099
NL-1421;52.2389;4.823
NL-5334;51.7683;5.304
NL-3122;51.9324;4.3702
NL-9937;53.2882;6.9135
NL-2134;52.3119;4.6469
NL-5702;51.4932;5.6681
NL-2101;52.3524;4.6193
NL-5405;51.6545;5.6437
NL-4825;51.6117;4.7707
NL-6599;51.7134;6.0216
NL-9439;52.8228;6.6604
NL-7785;52.5978;6.6477
NL-4481;51.4947;3.90965
NL-2151;52.2665;4.6172
NL-3212;51.834599999999995;4.27705
NL-9045;53.2352;5.7067
NL-1967;52.4979;4.6928
NL-9733;53.2389;6.622
NL-1501;52.4376;4.8325
NL-5703;51.4797;5.6838
NL-8322;52.6641;5.6301
NL-1319;52.3921;5.1759
NL-7346;52.2182;5.8706
NL-4813;51.5751;4.7396
NL-6137;51.0005;5.8878
NL-6644;51.8665;5.7342
NL-8539;52.8712;5.8193
NL-5612;51.4487;5.4742
NL-5395;51.7977;5.4944
NL-7975;52.7901;6.281
NL-4267;51.717;5.0478
NL-6631;51.8551;5.6107
NL-8631;53.0517;5.6704
NL-1446;52.5113;4.9943
NL-1362;52.3459;5.1581
NL-6416;50.8772;5.9907
NL-7206;52.1245;6.2
NL-9122;53.3499;6.034
NL-3196;51.8877;4.3549
NL-3886;52.2327;5.7059
NL-7115;51.9524;6.7497
NL-1336;52.4042;5.3171
NL-2673;52.001;4.2014
NL-3643;52.2172;4.8646
NL-3843;52.3362;5.6331
NL-9886;53.3145;6.4189
NL-7904;52.7242;6.5115
NL-9685;53.16655;7.0617
NL-6114;51.0664;5.8598
NL-2143;52.361;4.7235
NL-1276;52.2929;5.2504
NL-4709;51.4847;4.4601
NL-1793;53.0775;4.8214
NL-8084;52.4142;5.8789
NL-8141;52.438;6.2356
NL-3425;52.0293;4.8879
NL-4471;51.51955;3.8304
NL-5801;51.5237;5.9681
NL-6931;51.9589;5.9705
NL-6035;51.303;5.7896
NL-5583;51.396;5.4853
NL-9545;52.9963;7.1768
NL-2693;51.9996;4.1803
NL-3342;51.8451;4.6275
NL-3124;51.9434;4.3808
NL-2591;52.0946;4.3641
NL-9315;53.1698;6.4691
NL-5491;51.5714;5.4612
NL-6835;51.9534;5.9032
NL-1779;52.9325;5.0265
NL-5611;51.437;5.4801
NL-4505;51.3412;3.4491
NL-1842;52.6343;4.8355
NL-2394;52.1284;4.5862
NL-1472;52.5348;5.0156
NL-3815;52.1657;5.4097
NL-4203;51.8325;4.9574
NL-7910;52.7479;6.585
NL-1973;52.4554;4.6013
NL-3193;51.868;4.3486
NL-3043;51.9403;4.4267
NL-8032;52.5318;6.1002
NL-8511;53.0118;5.7723
NL-2907;51.9499;4.5827
NL-4772;51.6444;4.6633
NL-8535;52.885;5.7365
NL-8893;53.3868;5.2981
NL-9619;53.1932;6.7795
NL-9043;53.2514;5.6243
NL-4569;51.3296;4.1022
NL-5764;51.5489;5.8136
NL-3413;51.9712;4.97855
NL-9756;53.1395;6.6299
NL-9727;53.2061;6.552
NL-9711;53.2167;6.5697
NL-6586;51.7369;5.92
NL-1534;52.5171;4.7918
NL-5835;51.6727;5.9345
NL-3888;52.2474;5.778
NL-5404;51.6518;5.6179
NL-3448;52.0783;4.8629
NL-7091;51.8644;6.4869
NL-4104;51.9422;5.2136
NL-1661;52.734;4.9853
NL-4336;51.4848;3.6152
NL-7621;52.2966;6.7433
NL-8326;52.6748;6.0043
NL-7573;52.3138;6.9355
NL-2941;51.8995;4.6849
NL-4838;51.5559;4.7149
NL-5853;51.6504;6.098
NL-1422;52.2466;4.8254
NL-6817;51.9717;5.9396
NL-5224;51.6978;5.2598
NL-9822;53.2258;6.3549
NL-3403;52.0237;5.025
NL-1075;52.3518;4.8586
NL-7691;52.52315;6.61195
NL-1775;52.8019;5.0033
NL-6512;51.8401;5.8555
NL-1335;52.4035;5.292
NL-8641;53.0954;5.6579
NL-6998;51.9953;6.2161
NL-9091;53.2637;5.8391
NL-1521;52.50675;4.78645
NL-3792;52.1384;5.5161
NL-2741;52.0444;4.6561
NL-5015;51.5691;5.1115
NL-6611;51.7625;5.7884
NL-6099;51.1901;5.9172
NL-2671;51.9935;4.2071
NL-4695;51.55;4.0759
NL-6883;51.9888;5.9834
NL-6034;51.2772;5.7835
NL-8323;52.6561;5.6409
NL-1101;52.3068;4.9453
NL-3841;52.3494;5.6225
NL-6673;51.9091;5.7269
NL-2353;52.1656;4.5338
NL-9137;53.3794;6.0518
NL-4511;51.3958;3.5523
NL-5102;51.6336;4.9298
NL-7913;52.707049999999995;6.52905
NL-8033;52.5353;6.1104
NL-6151;50.9746;5.8641
NL-3088;51.8745;4.4443
NL-5346;51.777;5.5156
NL-3435;52.0233;5.074
NL-8614;52.9925;5.5507
NL-8741;53.0697;5.5701
NL-6213;50.8382;5.6667
NL-4533;51.3283;3.8658
NL-1081;52.3287;4.8623
NL-6827;51.9736;5.9324
NL-9211;53.0828;6.0672
NL-9722;53.1977;6.5864
NL-4315;51.6899;3.9826
NL-1696;52.6685;5.1159
NL-8912;53.1916;5.7723
NL-9641;53.104;6.8772
NL-9294;53.2826;6.1155
NL-9991;53.3453;6.6419
NL-8225;52.5025;5.4901
NL-6333;50.9039;5.8215
NL-6467;50.8664;6.0258
NL-5944;51.4846;6.1932
NL-9146;53.3577;6.0057
NL-3836;52.1611;5.4643
NL-3744;52.216;5.2363
NL-7334;52.1884;5.9577
NL-2805;52.0205;4.719
NL-3553;52.1093;5.0878
NL-3274;51.8221;4.4904
NL-2641;52.0191;4.4342
NL-6852;51.9432;5.9253
NL-5113;51.4498;4.8617
NL-6665;51.9587;5.8133
NL-8933;53.1977;5.809
NL-6672;51.933;5.6988
NL-9691;53.188;7.2005
NL-2313;52.1508;4.4987
NL-2284;52.0383;4.3146
NL-7797;52.570350000000005;6.5333
NL-9136;53.4008;6.0868
NL-9134;53.3812;6.0897
NL-1043;52.3879;4.8337
NL-9217;53.1373;6.0283
NL-6181;50.9505;5.7682
NL-5671;51.4745;5.5478
NL-9409;53.0131;6.6119
NL-1934;52.63216666666667;4.7010000000000005
NL-1221;52.2277;5.1873
NL-6582;51.768;5.8411
NL-3041;51.9272;4.4394
NL-9207;53.110299999999995;6.113300000000001
NL-2905;51.9397;4.6001
NL-9885;53.3125;6.3042
NL-1108;52.3082;4.9806
NL-3994;52.0237;5.1841
NL-1477;52.5454;4.9802
NL-9145;53.3817;5.9651
NL-3794;52.1197;5.5106
NL-9102;53.3331;5.9978
NL-5581;51.3888;5.4436
NL-6917;51.8504;6.1467
NL-1475;52.5877;4.9761
NL-3176;51.863;4.3985
NL-7352;52.1106;5.877
NL-5342;51.7575;5.5339
NL-6718;52.0525;5.6408
NL-5348;51.7702;5.5373
NL-8325;52.6789;5.9557
NL-1940;52.4961;4.6638
NL-8434;53.055;6.28
NL-9609;53.1863;6.6491
NL-3438;52.0454;5.0903
NL-7695;52.5335;6.6618
NL-8242;52.5206;5.4477
NL-7345;52.2541;5.9546
NL-6666;51.9556;5.7549
NL-1231;52.21275;5.075749999999999
NL-9124;53.3476;6.0764
NL-9997;53.3875;6.6795
NL-6653;51.8878;5.6672
NL-5629;51.4893;5.4716
NL-6044;51.1804;6.0077
NL-1215;52.2136;5.157
NL-7463;52.3109;6.4956
NL-6983;52.0021;6.1279
NL-6433;50.9103;5.927
NL-8584;52.881;5.4593
NL-8748;53.1016;5.4691
NL-3227;51.8273;4.1907
NL-1189;52.2594;4.8715
NL-4268;51.7277;5.0112
NL-2377;52.2115;4.643
NL-7908;52.7157;6.4489
NL-8245;52.493;5.4541
NL-9288;53.2157;6.0951
NL-1412;52.285;5.1566
NL-9088;53.1496;5.8031
NL-3027;51.9169;4.4361
NL-3764;52.1779;5.3029
NL-8721;52.877;5.4077
NL-9919;53.3315;6.7468
NL-5100;51.6177;4.9124
NL-6833;51.9664;5.9174
NL-7668;52.406;6.8372
NL-5111;51.4358;4.9306
NL-8112;52.3212;6.343
NL-2711;52.0617;4.4925
NL-6584;51.7677;5.8743
NL-3222;51.8398;4.1294
NL-2729;52.0635;4.5351
NL-7964;52.78595;6.344799999999999
NL-1185;52.2937;4.8527
NL-9032;53.1811;5.7119
NL-5472;51.6767;5.5085
NL-5062;51.561400000000006;5.1734
NL-5954;51.2673;6.0422
NL-6522;51.841;5.8813
NL-1546;52.5072;4.8519
NL-1358;52.329;5.2696
NL-8613;52.9882;5.5188
NL-5654;51.4214;5.4575
NL-4645;51.3628;4.3962
NL-4338;51.4957;3.645
NL-8924;53.2078;5.821
NL-8474;52.8921;6.0472
NL-9864;53.180099999999996;6.25295
NL-3314;51.8019;4.6634
NL-3634;52.2284;5.0011
NL-2566;52.0789;4.2545
NL-9261;53.1786;6.0667
NL-6418;50.8361;5.9747
NL-4111;51.942;5.3092
NL-8479;52.8593;5.9485
NL-8383;52.8387;6.1651
NL-7614;52.381;6.7071
NL-6952;52.052;6.0917
NL-7447;52.3989;6.4488
NL-2968;51.9385;4.8998
NL-3584;52.0846;5.165
NL-9218;53.1327;6.0589
NL-9781;53.3008;6.6017
NL-7324;52.241;5.9985
NL-4231;51.9188;4.9945
NL-8094;52.4741;6.0192
NL-1223;52.2277;5.1978
NL-3075;51.8861;4.5073
NL-4817;51.5906;4.8092
NL-8489;52.8063;5.8444
NL-3731;52.109;5.1757
NL-2285;52.0348;4.3046
NL-8524;52.9366;5.6943
NL-1746;52.747;4.7782
NL-4116;51.9108;5.3339
NL-7004;51.9535;6.3215
NL-8095;52.44345;5.940149999999999
NL-5988;51.3219;5.9985
NL-3652;52.1572;4.8648
NL-5752;51.478;5.7997
NL-7588;52.3553;7.0036
NL-1754;52.7517;4.6955
NL-4356;51.5704;3.5493
NL-1437;52.28;4.7347
NL-3515;52.1037;5.1165
NL-9747;53.2428;6.5328
NL-3761;52.1869;5.2909
NL-6026;51.3114;5.6187
NL-7263;52.0116;6.4751
NL-5133;51.5173;5.0158
NL-7848;52.8442;6.7567
NL-4243;51.8987;5.0206
NL-4337;51.4893;3.6287
NL-5465;51.5908;5.5404
NL-7844;52.7114;6.8479
NL-5821;51.5955;6.007
NL-2552;52.0545;4.2476
NL-5145;51.6994;5.0535
NL-8607;53.0205;5.6625
NL-8608;53.0236;5.6493
NL-7688;52.4289;6.5389
NL-4465;51.5214;3.9045
NL-1718;52.7171;4.9382
NL-4876;51.5615;4.6356
NL-5595;51.3487;5.5516
NL-2011;52.3813;4.6362
NL-6211;50.8503;5.6882
NL-7634;52.4053;6.9508
NL-5506;51.4163;5.3856
NL-4756;51.5814;4.395899999999999
NL-4858;51.515;4.8086
NL-7625;52.3231;6.7238
NL-7141;52.0414;6.6121
NL-7475;52.2322;6.5023
NL-7631;52.4076;6.9012
NL-5658;51.4405;5.4095
NL-6005;51.2339;5.7345
NL-6678;51.8805;5.8238
NL-6862;51.9834;5.8457
NL-5915;51.3566;6.1871
NL-8396;52.8478;6.0522
NL-7434;52.2772;6.2737
NL-1132;52.5024;5.0598
NL-9026;53.1653;5.7412
NL-8435;53.0193;6.2374
NL-7329;52.1972;6.0008
NL-2317;52.1761;4.5085
NL-1153;52.4318;5.0378
NL-9454;52.9527;6.6015
NL-5628;51.4801;5.4724
NL-2652;51.9931;4.4631
NL-9132;53.3208;6.1412
NL-6092;51.2496;5.8483
NL-8612;52.9795;5.5551
NL-1658;52.7478;5.0177
NL-9404;52.9867;6.5762
NL-5432;51.739;5.8612
NL-8152;52.444;6.335000000000001
NL-3985;52.0233;5.2435
NL-4455;51.4687;3.739
NL-6524;51.8349;5.8649
NL-6703;51.968;5.6796
NL-5554;51.3498;5.4565
NL-6415;50.8789;5.973
NL-1024;52.3939;4.955
NL-3995;52.0276;5.1732
NL-1355;52.3435;5.2274
NL-8441;52.965;5.9183
NL-3293;51.7529;4.5989
NL-1787;52.8941;4.7406
NL-7671;52.4095;6.6222
NL-3211;51.861;4.2618
NL-7442;52.3586;6.4759
NL-6686;51.894800000000004;5.98795
NL-1035;52.4196;4.8943
NL-3147;51.9366;4.2425
NL-9975;53.3623;6.2946
NL-8925;53.2076;5.8428
NL-2222;52.2014;4.4328
NL-5492;51.5574;5.4575
NL-8633;53.0421;5.6324
NL-1431;52.25885;4.7696000000000005
NL-1623;52.6437;5.0713
NL-3615;52.151;5.1239
NL-7205;52.141;6.1804
NL-3064;51.9123;4.5531
NL-4614;51.5078;4.2941
NL-6444;50.9413;5.9597
NL-9403;53.0147;6.5858
NL-3267;51.7888;4.2819
NL-2163;52.2663;4.5609
NL-3028;51.9167;4.4208
NL-8219;52.4916;5.5341
NL-9852;53.2961;6.2349
NL-3811;52.1557;5.3881
NL-7416;52.2582;6.1735
NL-9067;53.262;5.9152
NL-9661;53.0488;7.0011
NL-9462;52.9752;6.7875
NL-9201;53.1139;6.0951
NL-2636;51.9749;4.3182
NL-2555;52.0643;4.238
NL-8746;53.0802;5.4521
NL-9251;53.1945;5.9924
NL-3822;52.182;5.4035
NL-1688;52.6923;5.0547
NL-8469;52.9904;5.8846
NL-3775;52.1872;5.7834
NL-1314;52.3802;5.2122
NL-1341;52.3588;5.2855
NL-4824;51.6091;4.7458
NL-9785;53.262;6.5931
NL-8452;52.9325;5.9272
NL-6112;51.1182;5.9008
NL-4182;51.8412;5.2839
NL-9452;52.9738;6.6245
NL-3029;51.9073;4.4372
NL-1824;52.6446;4.7552
NL-2351;52.1474;4.5309
NL-3828;52.1864;5.375
NL-6874;52.0065;5.7925
NL-9674;53.1456;7.0189
NL-7722;52.5146;6.2688
NL-8425;52.9644;6.2851
NL-3845;52.3257;5.6003
NL-2994;51.8601;4.5009
NL-7524;52.2535;6.9057
NL-9142;53.4035;6.0787
NL-2498;52.033;4.3835
NL-3077;51.8959;4.5587
NL-4474;51.5213;3.9442
NL-2245;52.1158;4.3796
NL-4341;51.5052;3.6792
NL-5317;51.7644;5.164
NL-4921;51.6769;4.7928
NL-8019;52.506;6.0736
NL-8722;52.8985;5.4036
NL-7894;52.719;7.0422
NL-6627;51.826;5.5357
NL-3317;51.7901;4.66
NL-9471;53.0919;6.6755
NL-5026;51.5402;5.0668
NL-8481;52.841;5.9114
NL-6987;51.994;6.0674
NL-5247;51.731;5.3666
NL-2681;52.0263;4.1775
NL-8043;52.5341;6.0566
NL-2064;52.4122;4.688
NL-5263;51.661;5.2801
NL-9407;53.0178;6.5614
NL-8076;52.33825;5.8053
NL-7256;52.0301;6.2952
NL-2987;51.8932;4.5806
NL-6846;51.9546;5.8432
NL-9453;52.9643;6.6155
NL-4016;51.8849;5.3567
NL-2274;52.0744;4.3504
NL-3702;52.0898;5.2365
NL-6247;50.8069;5.7299
NL-4017;51.887;5.3961
NL-2242;52.16015;4.3932
NL-7135;51.9791;6.5141
NL-7661;52.4329;6.8307
NL-5701;51.481;5.6637
NL-5447;51.6586;5.8869
NL-7679;52.4618;6.7195
NL-7395;52.2372;6.0487
NL-9968;53.3998;6.4473
NL-6074;51.16;6.0173
NL-6351;50.8185;6.0051
NL-1321;52.3576;5.1824
NL-3907;52.0212;5.5827
NL-5386;51.75195;5.4655000000000005
NL-4054;51.9101;5.4925
NL-7876;52.8785;6.9583
NL-7142;52.0346;6.6547
NL-4208;51.8294;5.0101
NL-8303;52.709;5.7351
NL-2165;52.2561;4.5737
NL-3972;52.0624;5.3241
NL-6922;51.9415;6.0072
NL-9905;53.3583;6.8735
NL-6027;51.3021;5.5756
NL-8281;52.604749999999996;6.0325
NL-5161;51.6747;5.0186
NL-1613;52.694;5.2242
NL-1774;52.8474;4.9702
NL-5375;51.744;5.6825
NL-4175;51.8187;5.2115
NL-1991;52.4337;4.6593
NL-6902;51.9321;6.092
NL-2343;52.1909;4.4756
NL-6826;51.9816;5.948
NL-3825;52.1957;5.4189
NL-5453;51.7034;5.7302
NL-2254;52.129;4.4361
NL-6957;52.0789;6.0746
NL-2825;51.9493;4.7059
NL-2223;52.1908;4.4231
NL-3081;51.8929;4.4871
NL-2685;52.0251;4.2212
NL-4566;51.2497;4.0231
NL-7521;52.2293;6.8612
NL-1947;52.4858;4.6646
NL-8629;53.0617;5.678
NL-5582;51.3981;5.4714
NL-3765;52.1696;5.2912
NL-3055;51.96;4.5048
NL-7874;52.8421;6.7941
NL-5964;51.4706;6.0335
NL-6714;52.0445;5.6458
NL-8455;52.9461;6.0192
NL-2497;52.0366;4.3642
NL-2061;52.4077;4.6207
NL-9939;53.2781;6.8801
NL-7694;52.49625;6.671749999999999
NL-2171;52.219300000000004;4.5154499999999995
NL-3842;52.3446;5.6338
NL-1631;52.6022;4.9714
NL-5462;51.6162;5.5324
NL-7841;52.7697;6.8015
NL-5234;51.7252;5.288
NL-2743;52.037;4.6368
NL-4255;51.7744;4.9196
NL-7667;52.3843;6.8431
NL-1322;52.3478;5.1806
NL-8736;53.0767;5.6355
NL-7916;52.676100000000005;6.58465
NL-3585;52.0711;5.1495
NL-2311;52.1565;4.4898
NL-8642;53.084;5.6638
NL-1275;52.291;5.2634
NL-9479;53.1228;6.6624
NL-1262;52.2939;5.2836
NL-8446;52.9519;5.9151
NL-4847;51.6087;4.8207
NL-9205;53.093;6.0577
NL-3225;51.8346;4.1659
NL-5816;51.5467;5.867
NL-7676;52.445;6.6038499999999996
NL-2404;52.11945;4.6432
NL-5811;51.49395;6.0296
NL-3785;52.1786;5.5055
NL-8011;52.5116;6.0921
NL-9356;53.1664;6.3621
NL-9744;53.2064;6.5049
NL-5463;51.6082;5.5523
NL-3209;51.825;4.3441
NL-1622;52.6401;5.0346
NL-1052;52.3771;4.8741
NL-6642;51.8522;5.7629
NL-2912;51.9649;4.6068
NL-4389;51.452299999999994;3.6315
NL-3471;52.1161;4.8942
NL-6006;51.2409;5.6991
NL-8754;53.0557;5.4006
NL-1066;52.3464;4.8184
NL-9445;52.9464;6.6546
NL-9446;52.9413;6.6085
NL-5056;51.5844;5.1415
NL-6289;50.8412;5.9193
NL-8531;52.8488;5.7045
NL-6994;52.0189;6.0631
NL-7917;52.7285;6.6275
NL-9533;52.9539;6.7907
NL-4531;51.3363;3.8275
NL-9954;53.3549;6.5409
NL-8424;52.9424;6.2404
NL-9341;53.0341;6.3983
NL-6417;50.8737;5.9808
NL-7064;51.9094;6.3879
NL-5513;51.4467;5.3393
NL-5645;51.4242;5.5108
NL-4247;51.8629;5.0482
NL-3012;51.9183;4.476
NL-6361;50.9184;5.8866
NL-5768;51.3437;5.884
NL-1541;52.461600000000004;4.8024
NL-1831;52.673;4.7538
NL-7641;52.372550000000004;6.59075
NL-7211;52.1682;6.2273
NL-6015;51.1652;5.8017
NL-5633;51.4899;5.4953
NL-7273;52.1103;6.5768
NL-8582;52.9046;5.5216
NL-9481;53.0727;6.577
NL-8538;52.8415;5.796
NL-2288;52.0318;4.3338
NL-9064;53.2646;5.8893
NL-7906;52.7158;6.4852
NL-5427;51.6029;5.6779
NL-9074;53.3052;5.7843
NL-2352;52.1609;4.5242
NL-7483;52.1682;6.7354
NL-8375;52.8209;5.9738
NL-9206;53.1132;6.0683
NL-9501;52.9938;6.9497
NL-6515;51.8798;5.8461
NL-6307;50.8289;5.844
NL-4051;51.9113;5.571
NL-5531;51.3678;5.217
NL-1436;52.2744;4.7541
NL-9056;53.243;5.7782
NL-5844;51.5855;5.9043
NL-4751;51.5859;4.464
NL-7427;52.2476;6.2406
NL-6471;50.890699999999995;6.0624
NL-3604;52.1307;5.0513
NL-8602;53.0415;5.6567
NL-9843;53.2623;6.3062
NL-3706;52.1013;5.2261
NL-2583;52.0957;4.2647
NL-8553;52.9481;5.6208
NL-7615;52.3844;6.7179
NL-6745;52.0429;5.5791
NL-1396;52.2464;4.991
NL-5275;51.6669;5.3735
NL-8096;52.4429;5.9062
NL-2318;52.1807;4.5026
NL-8343;52.7766;6.1117
NL-3551;52.1013;5.098
NL-8816;53.2022;5.6179
NL-3625;52.1767;5.0692
NL-2236;52.1727;4.415
NL-9695;53.1089;7.1645
NL-6652;51.88;5.6039
NL-8556;52.8948;5.6477
NL-8252;52.5131;5.7101
NL-3087;51.8951;4.4615
NL-9038;53.2262;5.7168
NL-4411;51.4169;4.1836
NL-9135;53.3711;6.089
NL-4507;51.355;3.5556
NL-5966;51.4456;5.9656
NL-9073;53.3233;5.801
NL-1816;52.6319;4.7245
NL-8151;52.4456;6.3495
NL-4354;51.5796;3.6147
NL-6141;51.0119;5.8376
NL-2225;52.2027;4.3988
NL-1705;52.6474;4.822
NL-6229;50.8313;5.7085
NL-4322;51.7343;3.8431
NL-8471;52.8741;5.9977
NL-9061;53.2413;5.8906
NL-6964;52.11;6.0974
NL-5737;51.518;5.5925
NL-4331;51.4996;3.6143
NL-7858;52.8732;6.7693
NL-9036;53.2151;5.6609
NL-8501;52.9646;5.8007
NL-7414;52.2749;6.1468
NL-7791;52.5717;6.7138
NL-5722;51.4099;5.7613
NL-3546;52.0461;5.0482
NL-2341;52.1811;4.4749
NL-7675;52.4678;6.7018
NL-9487;53.0274;6.5445
NL-5823;51.5706;6.0325
NL-8604;53.0367;5.6816
NL-4741;51.5793;4.5789
NL-3295;51.7772;4.6139
NL-3444;52.0979;4.9031
NL-1865;52.6617;4.6323
NL-7853;52.8406;6.7256
NL-7415;52.2695;6.1651
NL-1121;52.4297;4.9142
NL-6161;50.9667;5.8228
NL-3297;51.79795;4.56135
NL-7754;52.725;6.7478
NL-7103;51.9797;6.7223
NL-1657;52.7308;5.0174
NL-5382;51.7056;5.4384
NL-3431;52.0314;5.0838
NL-7429;52.2491;6.2221
NL-6082;51.2333;5.9777
NL-1943;52.4879;4.6476
NL-9526;52.9562;6.8342
NL-8715;52.8829;5.3638
NL-7637;52.4217;6.9115
NL-5845;51.6258;5.8809
NL-6717;52.0239;5.6618
NL-8831;53.1516;5.6322
NL-1627;52.6413;5.0981
NL-5505;51.4101;5.3868
NL-1634;52.6246;5.01005
NL-6523;51.8316;5.8837
NL-4158;51.8821;5.253349999999999
NL-6669;51.9118;5.6574
NL-4284;51.7978;5.0234
NL-5461;51.6192;5.5443
NL-8486;52.8719;5.9222
NL-8021;52.5173;6.0973
NL-7511;52.22;6.9001
NL-5921;51.3674;6.1477
NL-4611;51.4949;4.2862
NL-8517;52.9444;5.7809
NL-9212;53.0857;6.0439
NL-4176;51.8248;5.2405
NL-4012;51.931799999999996;5.4047
NL-3076;51.8766;4.523
NL-3121;51.9337;4.3792
NL-3521;52.083;5.1108
NL-8444;52.9365;5.9481
NL-1827;52.6689;4.7651
NL-9003;53.1476;5.8986
NL-8567;52.8525;5.5336
NL-7221;52.0645;6.1873
NL-1963;52.5175;4.6857
NL-2315;52.1633;4.5095
NL-7741;52.666;6.7352
NL-7756;52.6746;6.8122
NL-1104;52.3166;4.9777
NL-4301;51.6499;3.9171
NL-6228;50.8268;5.7246
NL-5653;51.4236;5.4448
NL-9628;53.2484;6.868
NL-2026;52.4183;4.6533
NL-9108;53.2729;5.9938
NL-4859;51.5521;4.8556
NL-9682;53.1984;7.0475
NL-8105;52.4046;6.3653
NL-1334;52.393;5.2772
NL-7984;52.8473;6.3373
NL-3605;52.1365;5.0273
NL-7912;52.7293;6.5647
NL-9363;53.1435;6.264
NL-9979;53.4445;6.8303
NL-5706;51.4626;5.6315
NL-4024;51.97;5.4562
NL-2292;52.0188;4.2889
NL-1353;52.3375;5.2094
NL-7986;52.8304;6.2974
NL-3432;52.0221;5.0927
NL-2553;52.0466;4.2274
NL-8821;53.1409;5.4355
NL-5689;51.4985;5.3132
NL-5555;51.3501;5.4714
NL-1454;52.432;4.9539
NL-9423;52.907799999999995;6.3793500000000005
NL-7787;52.6127;6.7057
NL-2935;51.9397;4.6388
NL-9672;53.1418;7.0505
NL-1095;52.3674;4.9525
NL-2991;51.852;4.5459
NL-2611;52.0115;4.3595
NL-4423;51.4628;3.9976
NL-3313;51.8148;4.7066
NL-4885;51.4533;4.5821
NL-4612;51.4978;4.2702
NL-6373;50.9074;6.0304
NL-3011;51.9191;4.4867
NL-7788;52.6309;6.6539
NL-7753;52.6811;6.6611
NL-7424;52.263;6.217
NL-3621;52.174;5.0026
NL-8222;52.5344;5.4921
NL-6163;50.983;5.8193
NL-1156;52.4596;5.106
NL-8844;53.1162;5.6326
NL-1111;52.3432;4.9672
NL-2719;52.0424;4.4747
NL-9623;53.2381;6.6859
NL-3191;51.8615;4.3655
NL-1068;52.359;4.8053
NL-2952;51.8555;4.6715
NL-8345;52.7958;6.1694
NL-6616;51.833;5.6813
NL-6821;51.9897;5.9134
NL-6573;51.8288;5.9278
NL-9414;52.9215;6.542
NL-4032;51.9422;5.4876
NL-8635;53.0891;5.6962
NL-8737;53.0779;5.6029
NL-8051;52.4726;6.0607
NL-9286;53.2357;6.0925
NL-1722;52.700633333333336;4.7992333333333335
NL-2651;51.9923;4.4748
NL-4931;51.6609;4.8379
NL-5252;51.6995;5.2092
NL-9724;53.2115;6.5779
NL-1633;52.6202;4.954
NL-8918;53.2157;5.7945
NL-6261;50.7816;5.7934
NL-4631;51.4392;4.3438
NL-8854;53.2358;5.5122
NL-4758;51.6144;4.5146
NL-2324;52.1729;4.92285
NL-9953;53.3614;6.5155
NL-8921;53.2045;5.8106
NL-2156;52.222;4.6449
NL-9626;53.2325;6.8108
NL-6456;50.9702;5.9369
NL-1471;52.5263;4.9848
NL-2551;52.0587;4.2366
NL-2595;52.0816;4.3327
NL-5712;51.3657;5.7145
NL-9265;53.1795;5.9245
NL-4655;51.6046;4.263
NL-7462;52.3032;6.508
NL-7422;52.2471;6.2109
NL-1064;52.374;4.8223
NL-3401;52.0212;5.0405
NL-1113;52.3487;4.9805
NL-4553;51.2828;3.757
NL-4624;51.4853;4.3051
NL-3264;51.8093;4.3445
NL-3611;52.1288;5.0674
NL-3404;52.0103;5.0393
NL-5665;51.4185;5.5749
NL-7642;52.350350000000006;6.559150000000001
NL-3853;52.3036;5.5969
NL-5318;51.7483;5.1684
NL-1608;52.6402;5.1596
NL-8472;52.8794;6.0116
NL-7361;52.16635;5.95565
NL-6832;51.9634;5.9106
NL-3601;52.1446;5.0437
NL-6603;51.8012;5.7529
NL-4302;51.6447;3.9057
NL-5872;51.4843;6.1601
NL-8031;52.5264;6.0839
NL-3332;51.8241;4.6522
NL-1483;52.5562;4.8458
NL-8512;52.9792;5.7746
NL-8026;52.4942;6.1664
NL-6278;50.7824;5.8557
NL-3904;52.018;5.5411
NL-9969;53.4025;6.4813
NL-6834;51.956;5.923
NL-8732;53.1228;5.57885
NL-8927;53.2195;5.8336
NL-6441;50.9499;5.9666
NL-9755;53.1548;6.6424
NL-8497;53.087;5.9003
NL-1504;52.437;4.85
NL-6436;50.9393;5.9216
NL-2283;52.0433;4.3236
NL-8409;53.033;6.14
NL-6365;50.941;5.8822
NL-4043;51.949200000000005;5.64025
NL-3316;51.7671;4.637
NL-4205;51.8416;4.9664
NL-3513;52.0987;5.1093
NL-1873;52.7222;4.668
NL-1109;52.3059;5.0162
NL-1965;52.5022;4.6676
NL-6924;51.93;5.97875
NL-5623;51.4595;5.4781
NL-3261;51.8206;4.426
NL-3653;52.1505;4.8657
NL-5021;51.5482;5.0891
NL-2215;52.225;4.4889
NL-6176;50.94;5.8392
NL-1399;52.3245;5.1191
NL-9006;53.1304;5.828
NL-6019;51.1619;5.8802
NL-1687;52.6828;5.0207
NL-4822;51.6126;4.7295
NL-7325;52.2148;6.0103
NL-2547;52.0617;4.2675
NL-9271;53.2599;6.03195
NL-7887;52.70513333333334;6.8501
NL-6252;50.8053;5.7654
NL-7036;51.9275;6.1997
NL-2312;52.1608;4.4934
NL-9161;53.4437;5.6386
NL-4007;51.87;5.3998
NL-2314;52.1515;4.5159
NL-1127;52.4548;4.9093
NL-9448;52.9674;6.6558
NL-1364;52.3837;5.1287
NL-6431;50.7582;5.7827
NL-1484;52.5608;4.8339
NL-6851;51.9319;5.9352
NL-8625;53.0115;5.6961
NL-8422;52.9602;6.1833
NL-4854;51.5656;4.8274
NL-9736;53.2495;6.6007
NL-5018;51.5564;5.1093
NL-7441;52.3602;6.4575
NL-1087;52.3538;5.0016
NL-9804;53.2613;6.3952
NL-9618;53.2193;6.7403
NL-6904;51.9317;6.0595
NL-6651;51.8882;5.6034
NL-9551;52.9392;7.1281
NL-2333;52.1686;4.471
NL-9531;52.9198;6.7889
NL-9491;53.0467;6.5443
NL-7482;52.1649;6.7269
NL-5355;51.8049;5.6459
NL-5422;51.5618;5.6992
NL-6657;51.8836;5.5489
NL-9087;53.1534;5.8208
NL-3931;52.0811;5.4221
NL-7847;52.8142;6.8253
NL-1811;52.631;4.7486
NL-8403;52.9777;6.039
NL-5962;51.461;6.0861
NL-7104;52.0106;6.7026
NL-1175;52.3538;4.756
NL-5864;51.5114;6.0865
NL-4326;51.732;3.7989
NL-8336;52.815;6.1028
NL-3039;51.9303;4.4598
NL-4537;51.3265;3.8342
NL-5043;51.5807;5.0148
NL-7924;52.6635;6.3759
NL-3362;51.8223;4.7852
NL-5256;51.72655714285714;5.143128571428572
NL-9321;53.1461;6.4964
NL-3766;52.1666;5.2812
NL-8939;53.1818;5.8376
NL-2265;52.0843;4.3991
NL-9034;53.2113;5.7268
NL-5617;51.4473;5.4569
NL-7077;51.8551;6.3144
NL-3207;51.8376;4.3596
NL-1764;52.8858;4.8083
NL-9629;53.271;6.8408
NL-3248;51.76635;4.09335
NL-1485;52.5718;4.8347
NL-7543;52.2054;6.8779
NL-6341;50.8639;5.8701
NL-7231;52.138;6.2338
NL-1357;52.3344;5.2295
NL-6881;51.9982;5.9725
NL-4694;51.5431;4.0979
NL-1056;52.3732;4.8559
NL-1037;52.4298;4.8655
NL-9482;53.0798;6.6152
NL-6133;50.988;5.8599
NL-8743;53.0821;5.5236
NL-1901;52.5528;4.6631
NL-1463;52.5869;4.9368
NL-6465;50.8502;6.0242
NL-7905;52.7164;6.5022
NL-2925;51.9192;4.6199
NL-1216;52.218;5.13275
NL-2275;52.0627;4.3514
NL-4879;51.5609;4.6191
NL-8017;52.4981;6.0933
NL-5855;51.5596;6.0867
NL-4281;51.7822;5.058
NL-4014;51.8713;5.3672
NL-5315;51.7754;5.218
NL-4365;51.516;3.5131
NL-5061;51.5807;5.1876
NL-5923;51.3617;6.1416
NL-3945;51.98805;5.319100000000001
NL-7672;52.4133;6.6144
NL-5551;51.3553;5.4307
NL-3067;51.9448;4.552
NL-5715;51.4209;5.6799
NL-2104;52.3319;4.6126
NL-8022;52.521;6.1094
NL-3571;52.1072;5.1291
NL-8759;53.056;5.4634
NL-2153;52.2608;4.639
NL-5311;51.7973;5.2007
NL-5473;51.6519;5.4795
NL-8916;53.2073;5.7817
NL-8476;52.905;6.0325
NL-3442;52.0829;4.8766
NL-5327;51.8097;5.3152
NL-8167;52.3454;6.03595
NL-3068;51.9602;4.5537
NL-7596;52.353;6.9256
NL-2401;52.1503;4.6534
NL-5928;51.3926;6.1307
NL-9902;53.3156;6.8675
NL-1458;52.5306;4.8414
NL-6604;51.8226;5.7407
NL-3921;51.9861;5.5014
NL-5912;51.3609;6.1658
NL-5425;51.5396;5.7121
NL-8344;52.7745;6.1559
NL-3991;52.022;5.165
NL-9665;53.1037;7.0077
NL-7687;52.4415;6.5789
NL-9014;53.0739;5.7382
NL-8894;53.3921;5.3077
NL-3247;51.7573;4.0951
NL-3512;52.0915;5.1228
NL-2533;52.0502;4.2902
NL-9512;53.0488;6.8444
NL-2286;52.0256;4.3154
NL-2592;52.0925;4.3551
NL-1602;52.7133;5.2742
NL-1447;52.4915;4.9674
NL-3626;52.1951;4.9792
NL-4153;51.8897;5.1919
NL-2982;51.8733;4.5916
NL-3993;52.0403;5.1744
NL-6255;50.7719;5.8189
NL-7931;52.7397;6.4551
NL-3533;52.0866;5.0858
NL-2512;52.0736;4.306
NL-5534;51.3974;5.2045
NL-7925;52.6358;6.4636
NL-3531;52.0911;5.096
NL-3056;51.9517;4.5156
NL-5524;51.3766;5.3544
NL-2691;51.9979;4.1665
NL-9444;52.9341;6.6718
NL-2672;51.9932;4.2158
NL-2511;52.078;4.3175
NL-8464;52.9322;5.8599
NL-6028;51.2855;5.5544
NL-3648;52.203450000000004;4.9061
NL-8466;52.96525;5.890700000000001
NL-3083;51.8881;4.4825
NL-4053;51.9083;5.533
NL-5341;51.7679;5.521
NL-7234;52.0879;6.2617
NL-6702;51.963;5.6508
NL-5438;51.7394;5.7791
NL-6721;52.0028;5.675
NL-9673;53.1358;7.0323
NL-7245;52.1973;6.3726
NL-6127;51.0401;5.7738
NL-7348;52.175;5.8307
NL-2065;52.38395;4.6864
NL-4623;51.4932;4.315
NL-4307;51.6507;4.037
NL-4635;51.4319;4.3756
NL-8456;52.9678;5.9776
NL-6265;50.7957;5.7701
NL-5521;51.3565;5.3163
NL-7842;52.7706;6.8182
NL-7755;52.6941;6.8087
NL-8856;53.2134;5.4686
NL-9944;53.2442;6.9811
NL-6812;51.984;5.8794
NL-3962;51.9801;5.34
NL-9222;53.1336;6.1454
NL-3205;51.8302;4.35535
NL-4513;51.3717;3.6503
NL-3054;51.9599;4.4907
NL-3564;52.1227;5.1058
NL-7233;52.100350000000006;6.23245
NL-1768;52.7872;4.8563
NL-1026;52.3794;4.9917
NL-2995;51.8349;4.5661
NL-8395;52.8556;6.0779
NL-7201;52.1412;6.1976
NL-9561;52.8754;7.0572
NL-4325;51.723;3.7605
NL-5302;51.7995;5.251
NL-3134;51.9087;4.3522
NL-5622;51.4591;5.4645
NL-7955;52.6571;6.2974
NL-9796;53.2976;6.6659
NL-9749;53.1938;6.4509
NL-3651;52.1468;4.8439
NL-2662;51.9897;4.4902
NL-2665;52.0126;4.5366
NL-8735;53.101;5.6447
NL-1777;52.9091;4.9645
NL-5104;51.624;4.9431
NL-3722;52.1282;5.212
NL-5511;51.3969;5.3456
NL-8502;52.9709;5.8141
NL-9527;52.9475;6.8176
NL-9688;53.21995;7.1425
NL-9245;53.0679;5.9997
NL-1561;52.5005;4.7661
NL-4285;51.8124;4.997
NL-5396;51.7996;5.4634
NL-5361;51.756;5.7386
NL-7213;52.2007;6.2029
NL-7161;52.1367;6.609
NL-9693;53.1817;7.208
NL-5044;51.5752;5.0375
NL-3223;51.8427;4.15
NL-8565;52.871;5.5963
NL-4458;51.5015;3.8030999999999997
NL-3848;52.3481;5.6463
NL-4266;51.7312;5.0533
NL-8166;52.3176;5.9674
NL-4443;51.453;3.8516
NL-4157;51.8812;5.2117
NL-4141;51.892;5.0977
NL-5984;51.3578;5.9949
NL-9617;53.215199999999996;6.6835
NL-6191;50.941;5.8014
NL-6372;50.8873;6.0153
NL-8261;52.557;5.9168
NL-2582;52.0927;4.2765
NL-8014;52.4853;6.1145
NL-7497;52.2229;6.6857
NL-4698;51.5707;4.199
NL-9408;53.0028;6.5112
NL-3042;51.934;4.4325
NL-5301;51.8071;5.2476
NL-1036;52.4082;4.9032
NL-8938;53.1988;5.848
NL-8404;52.985;6.0069
NL-1045;52.4087;4.7986
NL-3642;52.1982;4.8652
NL-9047;53.2516;5.5952
NL-4835;51.5698;4.7864
NL-7006;51.9636;6.2601
NL-3373;51.8328;4.8369
NL-5943;51.4477;6.1727
NL-9608;53.1837;6.6835
NL-3263;51.8247;4.3966
NL-6226;50.8483;5.7259
NL-5084;51.5084;5.1563
NL-2841;51.9919;4.6654
NL-1462;52.5482;4.916
NL-6708;51.9796;5.6581
NL-1992;52.4283;4.6677
NL-3844;52.338;5.61
NL-6414;50.9197;5.9684
NL-1251;52.2543;5.2282
NL-9202;53.1087;6.1162
NL-3573;52.1077;5.1458
NL-5037;51.558;5.0544
NL-8774;53.0383;5.5492
NL-4571;51.2674;3.9095
NL-6701;51.9657;5.6639
NL-8314;52.7697;5.7537
NL-5157;51.7219;5.0911
NL-2375;52.193;4.5837
NL-4383;51.4568;3.5712
NL-1096;52.334500000000006;4.9205000000000005
NL-2181;52.2953;4.5872
NL-2717;52.0668;4.475
NL-6744;52.0604;5.581
NL-4371;51.4792;3.5476
NL-9243;53.0798;6.2627
NL-6536;51.8012;5.8093
NL-8805;53.164699999999996;5.5245999999999995
NL-1406;52.2697;5.155
NL-1391;52.2729;4.9722
NL-1643;52.6576;4.9416
NL-5482;51.6208;5.4422
NL-6578;51.8391;5.9922
NL-5866;51.4931;6.119
NL-9515;52.9972;6.9062
NL-5854;51.6028;6.0523
NL-1428;52.2274;4.7865
NL-5632;51.4767;5.4956
NL-2517;52.0845;4.2832
NL-4353;51.5489;3.596
NL-3312;51.8064;4.6838
NL-4023;51.9564;5.3578
NL-9053;53.2795;5.7565
NL-3526;52.0685;5.1017
NL-8428;52.9888;6.3406
NL-3892;52.3241;5.5405
NL-6101;51.1054;5.8743
NL-1488;52.5425;4.7982
NL-3015;51.9126;4.467
NL-8221;52.5568;5.4927
NL-5804;51.5368;5.9706
NL-9798;53.2472;6.6538
NL-1902;52.5492;4.6794
NL-4119;51.9494;5.3291
NL-6466;50.8596;6.0276
NL-5388;51.7025;5.5618
NL-9833;53.2709;6.4386
NL-2742;52.0399;4.6419
NL-9456;52.9575;6.5828
NL-3232;51.8904;4.16305
NL-6116;51.0813;5.8164
NL-2491;52.069;4.3887
NL-6162;50.9763;5.8331
NL-6267;50.83;5.7642
NL-9615;53.1777;6.7424
NL-9233;53.1607;6.1395
NL-5941;51.4144;6.1686
NL-4907;51.6573;4.8688
NL-6227;50.8385;5.7275
NL-1508;52.4583;4.8216
NL-2713;52.0549;4.4848
NL-3772;52.1314;5.5818
NL-7974;52.7747;6.1841
NL-4875;51.571;4.6314
NL-3752;52.2459;5.3693
NL-6645;51.8799;5.705
NL-3371;51.8259;4.8325
NL-3812;52.1607;5.3658
NL-6222;50.8657;5.7121
NL-2191;52.3023;4.5435
NL-2015;52.3827;4.6112
NL-1695;52.66175;5.09785
NL-8751;53.1188;5.40095
NL-9657;53.0701;6.7737
NL-2421;52.1495;4.7739
NL-4202;51.8336;4.9443
NL-5931;51.3437;6.1399
NL-3112;51.9175;4.4099
NL-4561;51.2842;4.0536
NL-1461;52.5195;4.9415
NL-3992;52.036;5.1531
NL-1531;52.4966;4.8096
NL-3439;52.0369;5.1038
NL-1452;52.4654;4.9532
NL-5373;51.7707;5.6379
NL-4011;51.9168;5.4085
NL-5248;51.7046;5.379
NL-1317;52.3892;5.2339
NL-1438;52.2866;4.7824
NL-5976;51.4157;5.9982
NL-1921;52.5619;4.7331
NL-6602;51.8074;5.7256
NL-9434;52.8366;6.605
NL-2574;52.0644;4.277
NL-5048;51.587;5.0517
NL-7826;52.7715;6.9588
NL-1474;52.5715;4.9972
NL-2322;52.1345;4.493
NL-7413;52.2614;6.1592
NL-8857;53.1964;5.4589
NL-3905;52.0338;5.5497
NL-7391;52.2401;6.1219
NL-6951;52.0556;6.0989
NL-5825;51.5709;5.946
NL-7937;52.7673;6.5236
NL-5014;51.5672;5.0929
NL-3273;51.787;4.4729
NL-7333;52.1881;5.9704
NL-3352;51.8406;4.6906
NL-4836;51.5315;4.7601
NL-5017;51.5552;5.0977
NL-6215;50.8413;5.6502
NL-1611;52.6947;5.2441
NL-3203;51.8416;4.3387
NL-2287;52.0328;4.3221
NL-8926;53.2138;5.8418
NL-5986;51.3367;5.9426
NL-9063;53.2522;5.9174
NL-1019;52.3731;4.9393
NL-7392;52.235;6.1212
NL-4306;51.6499;4.0007
NL-3446;52.0835;4.9068
NL-3335;51.8211;4.6121
NL-4286;51.7724;4.9582
NL-7739;52.5826;6.3608
NL-6342;50.8608;5.8661
NL-1363;52.3523;5.149
NL-4827;51.6074;4.797
NL-5298;51.5681;5.3694
NL-8041;52.5127;6.0678
NL-4927;51.6837;4.7472
NL-6199;50.921549999999996;5.78335
NL-9909;53.3913;6.8388
NL-2806;52.0125;4.723
NL-6095;51.2267;5.8811
NL-2541;52.0463;4.2769
NL-8574;52.8686;5.4578
NL-7927;52.6778;6.4845
NL-9503;52.9889;6.9455
NL-1053;52.3668;4.868
NL-7831;52.8526;6.9797
NL-5142;51.6902;5.0828
NL-9912;53.3473;6.7987
NL-9469;53.0732;6.6715
NL-9109;53.2651;6.0064
NL-1825;52.6568;4.7521
NL-7326;52.1954;6.0098
NL-6909;51.9068;6.1183
NL-2224;52.1979;4.4135
NL-7046;51.9123;6.2997
NL-2103;52.3421;4.6264
NL-5657;51.4508;5.3993
NL-5809;51.5077;5.9789
NL-3214;51.823750000000004;4.26035
NL-8308;52.6411;5.7241
NL-9723;53.2102;6.6002
NL-8515;52.9205;5.8005
NL-3113;51.9102;4.4098
NL-6369;50.8354;5.9805
NL-3958;52.0022;5.4595
NL-8294;52.5763;6.0406
NL-6691;51.8783;5.9674
NL-1562;52.5055;4.7586
NL-8753;53.0834;5.3911
NL-7541;52.2086;6.9027
NL-1117;52.3108;4.8095
NL-5293;51.6219;5.3588
NL-6996;52.0133;6.179
NL-4143;51.8993;5.0909
NL-9464;53.0342;6.7844
NL-5707;51.477;5.6417
NL-8756;53.0366;5.4103
NL-7942;52.7052;6.1889
NL-5991;51.3302;6.0934
NL-5621;51.455;5.4568
NL-7323;52.2308;5.993
NL-5242;51.7106;5.3684
NL-9431;52.8544;6.6082
NL-8522;52.9067;5.6801
NL-9611;53.1636;6.7888
NL-5271;51.6449;5.362466666666667
NL-7702;52.5958;6.46585
NL-5624;51.4696;5.4573
NL-8723;52.914;5.4502
NL-3784;52.1636;5.5208
NL-5057;51.5879;5.1365
NL-1974;52.4496;4.5925
NL-5401;51.6593;5.6107
NL-8755;53.0443;5.4193
NL-8731;53.1082;5.5886
NL-6677;51.8873;5.7884
NL-3417;52.0438;4.9521
NL-2562;52.0747;4.2817
NL-5294;51.6159;5.3691
NL-9716;53.2337;6.5616
NL-8211;52.5365;5.5139
NL-4704;51.5552;4.4662
NL-4693;51.5456;4.1428
NL-6711;52.0409;5.6758
NL-1642;52.6497;4.9486
NL-7351;52.1245;5.8781
NL-1464;52.5588;4.8799
NL-3204;51.8394;4.324
NL-7693;52.48485;6.64545
NL-8493;53.0409;5.7803
NL-1188;52.2801;4.8501
NL-7611;52.3776;6.6286
NL-9035;53.194;5.6446
NL-3131;51.9094;4.338
NL-8162;52.3489;5.9706
NL-1969;52.5072;4.6471
NL-8762;53.006;5.4894
NL-4506;51.3761;3.395
NL-9463;53.0201;6.7366
NL-3906;52.0308;5.5286
NL-2342;52.1756;4.4534
NL-5711;51.3861;5.7126
NL-7423;52.2537;6.2081
NL-1795;53.1455;4.8483
NL-7421;52.2437;6.2211
NL-2152;52.2745;4.6276
NL-1851;52.5976;4.7113
NL-8459;52.9941;5.9245
NL-9906;53.3823;6.8607
NL-2903;51.9311;4.5909
NL-5471;51.6805;5.5097
NL-6861;51.9909;5.8391
NL-4339;51.48355;3.64995
NL-5012;51.5841;5.1
NL-6882;51.9897;5.9706
NL-3956;52.014;5.4275
NL-7081;51.8727;6.375
NL-9714;53.2302;6.5726
NL-1271;52.2997;5.2379
NL-2804;52.0324;4.708
NL-4163;51.8779;5.0713
NL-8431;52.9908;6.2933
NL-6214;50.8458;5.674
NL-9658;53.0522;6.8033
NL-6564;51.8175;5.8852
NL-8397;52.8427;6.043
NL-6617;51.8527;5.6665
NL-6538;51.8157;5.805
NL-3981;52.1997;5.3698
NL-3776;52.18995;5.67765
NL-7136;52.0068;6.5183
NL-8442;52.9559;5.9279
NL-3271;51.7983;4.4858
NL-2432;52.171;4.8535
NL-5754;51.4599;5.8114
NL-7274;52.139;6.5218
NL-1424;52.2395;4.7897
NL-5807;51.5273;6.0169
NL-6531;51.8307;5.8488
NL-2586;52.1093;4.2801
NL-3633;52.227850000000004;5.03745
NL-5627;51.4852;5.4439
NL-5052;51.527;5.0492
NL-7576;52.3143;6.9044
NL-2692;51.9978;4.1648
NL-2522;52.0605;4.327
NL-9633;53.1429;6.8254
NL-9305;53.1147;6.4212
NL-9972;53.3418;6.3281
NL-9687;53.1898;7.1621
NL-1339;52.3962;5.3021
NL-3074;51.895;4.5111
NL-7605;52.3497;6.6535
NL-2376;52.2087;4.6178
NL-3411;51.9728;4.9438
NL-4327;51.7014;3.8137
NL-9314;53.156;6.4536
NL-3181;51.9046;4.2462
NL-6709;51.9682;5.6482
NL-9443;52.9099;6.7088
NL-3078;51.8904;4.548
NL-6294;50.7853;5.9612
NL-5431;51.7284;5.8782
NL-5091;51.49379999999999;5.23715
NL-1069;52.356;4.7907
NL-8309;52.6789;5.6698
NL-9993;53.3326;6.6459
NL-7915;52.6821;6.5014
NL-1154;52.4266;5.0736
NL-7075;51.9159;6.3342
NL-9621;53.2163;6.7986
NL-3160;51.8606;4.423
NL-6002;51.2591;5.6786
NL-3082;51.8898;4.4671
NL-8477;52.9122;5.993
NL-9153;53.353;5.9322
NL-5803;51.5326;5.9919
NL-3901;52.0243;5.5571
NL-7045;51.887;6.304
NL-2542;52.0369;4.2666
NL-1525;52.5162;4.7806999999999995
NL-3195;51.8891;4.3886
NL-2523;52.0567;4.3192
NL-5641;51.4467;5.5195
NL-4622;51.5021;4.313
NL-7777;52.6465;6.5539
NL-4004;51.9108;5.4393
NL-9071;53.2882;5.7281
NL-9731;53.2348;6.5905
NL-3768;52.1601;5.3084
NL-4791;51.665;4.5345
NL-3823;52.1885;5.3936
NL-7736;52.5108;6.5394
NL-4567;51.2692;4.089
NL-7636;52.3906;6.8903
NL-8532;52.8563;5.7016
NL-5836;51.6349;5.9643
NL-5651;51.45;5.4434
NL-9525;52.967;6.8561
NL-9678;53.1461;6.9883
NL-6469;50.892;6.0464
NL-1076;52.3456;4.8609
NL-5925;51.376;6.129
NL-4181;51.8342;5.2549
NL-9301;53.1383;6.4234
NL-6363;50.9058;5.8866
NL-8842;53.1668;5.6047
NL-7551;52.2656;6.7922
NL-1186;52.2864;4.8669
NL-2809;52.0054;4.6796
NL-5615;51.4292;5.4749
NL-7929;52.7;6.6345
NL-9079;53.27475;5.58265
NL-4652;51.5913;4.3157
NL-3405;52.0073;4.9781
NL-2584;52.1034;4.2781
NL-7102;51.9673;6.7061
NL-1641;52.6477;4.9406
NL-3524;52.0631;5.1355
NL-5305;51.8063;5.1349
NL-4152;51.8868;5.1521
NL-2495;52.0616;4.3658
NL-5211;51.6893;5.3035
NL-6089;51.2992;5.897
NL-1211;52.2232;5.175
NL-3025;51.9085;4.4436
NL-9055;53.2525;5.7851
NL-9981;53.4045;6.6417
NL-3284;51.7528;4.3637
NL-6343;50.8778;5.8854
NL-1044;52.4043;4.8088
NL-5231;51.71;5.3065
NL-5817;51.5641;6.0038
NL-3739;52.1753;5.1753
NL-5815;51.5301;5.9277
NL-5106;51.6427;4.9657
NL-5631;51.4605;5.4943
NL-8317;52.6602;5.9019
NL-5356;51.7881;5.676
NL-8561;52.8979;5.5823
NL-8465;52.9645;5.8757
NL-5223;51.6909;5.2831
NL-3031;51.9271;4.4907
NL-1083;52.3303;4.8843
NL-2924;51.9235;4.6124
NL-3582;52.0798;5.1321
NL-8658;53.0137;5.5179
NL-8618;53.0148;5.6012
NL-6621;51.8491;5.433
NL-2291;52.01965;4.27525
NL-5172;51.6528;5.0211
NL-5813;51.4882;5.8978
NL-9827;53.1927;6.4157
NL-3523;51.941950000000006;4.508
NL-1141;52.4539;5.0371
NL-9713;53.2254;6.5813
NL-1674;52.7589;5.0772
NL-5843;51.5809;5.8644
NL-7061;51.9213;6.3546
NL-3465;52.0428;4.7996
NL-5122;51.5894;4.9294
NL-7522;52.2412;6.8634
NL-9966;53.3357;6.3765
NL-3066;51.9353;4.5496
NL-9257;53.2231;6.0068
NL-9076;53.29305;5.643549999999999
NL-3941;52.0388;5.3363
NL-6823;52.0028;5.9382
NL-6634;51.824;5.6304
NL-1032;52.3965;4.9121
NL-8412;53.0038;6.1627
NL-1617;52.6844;5.1335
NL-6521;51.839;5.8739
NL-1073;52.3533;4.8982
NL-3606;52.1261;5.0374
NL-1782;52.957;4.7544
NL-3528;52.0694;5.0805
NL-5066;51.5424;5.1824
NL-4503;51.3796;3.5088
NL-4126;51.9451;5.075
NL-3755;52.2518;5.2583
NL-4112;51.9503;5.2894
NL-5243;51.7208;5.3711
NL-6961;52.1035;6.0562
NL-5625;51.4719;5.4754
NL-1055;52.3802;4.8527
NL-6605;51.798;5.726
NL-4707;51.5191;4.4613
NL-7586;52.2369;7.0359
NL-1906;52.575900000000004;4.6927
NL-9489;53.014;6.5208
NL-5253;51.69195;5.176
NL-5759;51.384;5.9087
NL-9013;53.0833;5.748
NL-2244;52.1116;4.354
NL-5241;51.7177;5.3583
NL-1732;52.7558;4.8777
NL-4794;51.6546;4.411
NL-2493;52.061;4.398
NL-1619;52.7438;5.211
NL-4878;51.5662;4.6066
NL-7742;52.6586;6.7537
NL-7825;52.7534;6.9387
NL-6551;51.8555;5.8132
NL-9258;53.2126;6.0643
NL-4245;51.9125;5.0477
NL-1016;52.3709;4.8816
NL-7468;52.3157;6.547499999999999
NL-8885;53.375;5.2752
NL-4702;51.529799999999994;4.4293
NL-8432;53.0386;6.3084
NL-4508;51.3153;3.554
NL-1489;52.5465;4.7754
NL-9988;53.404;6.6117
NL-9223;53.1517;6.1426
NL-6001;51.254;5.7067
NL-6598;51.6727;5.991
NL-7055;51.9628;6.479
NL-5721;51.3939;5.79535
NL-6118;51.0373;5.8621
NL-6419;50.872;5.9626
NL-9921;53.3227;6.6946
NL-3895;52.348;5.5161
NL-1356;52.3388;5.2379
NL-9976;53.3974;6.2141
NL-9484;53.051;6.6391
NL-5527;51.3632;5.2563
NL-8393;52.8716;6.1208
NL-9451;52.9832;6.6513
NL-5063;51.5808;5.1709
NL-3244;51.7139;4.1634
NL-4903;51.6056;4.8664
NL-3452;52.0941;5.0085
NL-8772;53.048;5.6097
NL-5257;51.7326;5.1871
NL-1852;52.6024;4.6937
NL-9402;53.004;6.559
NL-4145;51.9228;5.1176
NL-8623;52.9958;5.6484
NL-6811;51.9814;5.9064
NL-6869;51.9746;5.8111
NL-6023;51.2507;5.567
NL-7109;51.9433;6.6656
NL-3612;52.15845;5.0681
NL-2264;52.0894;4.3974
NL-3743;52.211;5.2822
NL-6225;50.862;5.7305
NL-2521;52.0636;4.3179
NL-8382;52.8455;6.1833
NL-8566;52.8575;5.5679
NL-7084;51.8811;6.4635
NL-2251;52.1236;4.4517
NL-8271;52.5658;5.9371
NL-9625;53.2777;6.7812
NL-6367;50.8739;5.933
NL-9752;53.1695;6.5979
NL-7428;52.2344;6.2514
NL-1624;52.6487;5.0642
NL-9472;53.0776;6.6959
NL-5691;51.5164;5.4863
NL-4352;51.5444;3.6259
NL-4221;51.8772;4.9769
NL-1817;52.6424;4.734
NL-8374;52.7897;5.8418
NL-8813;53.1971;5.5738
NL-4891;51.5149;4.697
NL-6166;50.972;5.8414
NL-1753;52.7893;4.697
NL-8647;53.0672;5.7205
NL-3351;51.8311;4.6809
NL-4463;51.5143;3.8824
NL-8154;52.438;6.3047
NL-2158;52.2208;4.5601
NL-9306;53.1125;6.4319
NL-2441;52.1965;4.7555
NL-9675;53.1535;7.0319
NL-4873;51.5648;4.6493
NL-6991;52.0054;6.0293
NL-5353;51.8186;5.6113
NL-9121;53.3411;6.0049
NL-7861;52.7548;6.7219
NL-4115;51.9303;5.3149
NL-9244;53.0605;6.0782
NL-6065;51.1256;5.9462
NL-5924;51.3672;6.131
NL-9082;53.2357;5.8305
NL-3194;51.8683;4.3671
NL-4413;51.4316;4.112
NL-2694;52.0071;4.1662
NL-4771;51.648;4.6599
NL-6731;52.0965;5.7706
NL-6274;50.7996;5.8385
NL-7495;52.2613;6.668
NL-8644;53.0869;5.7165
NL-5035;51.5836;4.9795
NL-8554;52.9349;5.6098
NL-1034;52.4075;4.9169
NL-8339;52.8151;6.0575
NL-7735;52.535;6.4488
NL-9492;53.0498;6.5797
NL-4501;51.3272;3.4918
NL-1105;52.2972;4.9547
NL-6831;51.9577;5.8931
NL-6104;51.0534;5.9521
NL-1985;52.4463;4.638
NL-3162;51.8559;4.4756
NL-5851;51.6357;6.0165
NL-9642;53.0972;6.8593
NL-4204;51.8369;4.9557
NL-1402;52.2719;5.1741
NL-5971;51.42;6.1405
NL-5249;51.7292;5.4006
NL-4462;51.4923;3.8955
NL-9825;53.184;6.2961
NL-2435;52.1846;4.7936
NL-8392;52.9103;6.2012
NL-6984;52.0223;6.1604
NL-9904;53.3534;6.8471
NL-4857;51.6055;4.806
NL-2643;52.0071;4.4392
NL-3847;52.3279;5.6358
NL-1832;52.6852;4.7387
NL-9884;53.2891;6.3629
NL-2407;52.1152;4.6896
NL-8529;52.9511;5.6582
NL-8341;52.803;6.0623
NL-9204;53.0986;6.0709
NL-6615;51.8229;5.6987
NL-6224;50.851;5.7124
NL-9945;53.2548;6.9332
NL-2593;52.0859;4.3417
NL-7734;52.5061;6.3686
NL-7002;51.9724;6.3115
NL-2013;52.3825;4.6242
NL-9012;53.0981;5.759
NL-9281;53.1855;6.1346
NL-4583;51.3155;4.0411
NL-5758;51.3695;5.8662
NL-2587;52.1111;4.2903
NL-5364;51.7406;5.7461
NL-7534;52.2113;6.9624
NL-2821;51.9725;4.7689
NL-2627;51.9987;4.3629
NL-1018;52.3679;4.9189
NL-8891;53.3884;5.2857
NL-7224;52.0536;6.1489
NL-9435;52.8189;6.5837
NL-4575;51.2078;3.8946
NL-4812;51.5765;4.7541
NL-8919;53.2197;5.7788
NL-9659;53.0581;6.8329
NL-6164;50.9556;5.8282
NL-1384;52.3196;5.0437
NL-1815;52.6322;4.737
NL-3545;52.0784;5.0672
NL-9247;53.0956;6.1685
NL-8438;52.9164;6.2723
NL-2975;51.886;4.8629
NL-4283;51.7872;5.0318
NL-5154;51.7;5.1394
NL-1272;52.291;5.2208
NL-3544;52.0925;5.0506
NL-2289;52.0304;4.3481
NL-3291;51.7445;4.5511
NL-6085;51.2112;5.9424
NL-2771;52.0745;4.6566
NL-4124;51.9801;5.1254
NL-9581;52.9377;7.009
NL-7877;52.8883;7.0169
NL-8045;52.5576;6.0644
NL-2831;51.9855;4.6788
NL-1769;52.7711;4.8287
NL-2041;52.379;4.5403
NL-4581;51.3247;3.9769
NL-2565;52.0767;4.2632
NL-9351;53.1602;6.3772
NL-8637;53.1085;5.6919
NL-9037;53.2164;5.6226
NL-9442;52.882;6.6436
NL-7491;52.2586;6.7111
NL-6136;51.0073;5.8718
NL-8044;52.5421;6.043
NL-9342;53.0813;6.3835
NL-2261;52.0969;4.3894
NL-4615;51.4852;4.2878
NL-9646;53.1128;6.8655
NL-9366;53.1307;6.3106
NL-7683;52.4639;6.4996
NL-6842;51.9587;5.8794
NL-1033;52.4087;4.8901
NL-1114;52.3324;4.9287
NL-5333;51.7562;5.33085
NL-8239;52.4876;5.4827
NL-7557;52.2715;6.8112
NL-8563;52.8889;5.615
NL-2042;52.3713;4.5323
NL-5232;51.7076;5.3295
NL-8244;52.4972;5.4195
NL-3561;52.1126;5.1238
NL-9406;53.0021;6.5433
NL-9405;52.9861;6.5295
NL-4328;51.6942;3.7264
NL-5131;51.48905;4.9737
NL-9812;53.2163;6.408
NL-9791;53.2772;6.6958
NL-8734;53.0973;5.6188
NL-2231;52.191;4.4408
NL-2911;51.9596;4.6181
NL-7216;52.2241;6.2965
NL-4486;51.5988;3.8461
NL-8312;52.7649;5.6585
NL-1212;52.2171;5.1956
NL-5951;51.3112;6.1204
NL-7513;52.2156;6.8828
NL-8103;52.396;6.2854
NL-3711;52.08;5.3141
NL-9974;53.3384;6.304
NL-6981;52.0138;6.1386
NL-8148;52.4522;6.4112
NL-1966;52.4966;4.6809
NL-4796;51.6607;4.4563
NL-6975;52.135;6.1278
NL-1444;52.5228;4.9643
NL-9913;53.3388;6.7812
NL-8503;52.9601;5.7778
NL-2241;52.1476;4.409
NL-3971;52.0571;5.2876
NL-8485;52.8477;5.8819
NL-1783;52.9433;4.7355
NL-5381;51.7093;5.4654
NL-7105;52.0006;6.7563
NL-8506;52.9533;5.8295
NL-8467;53.0008;5.8568
NL-6086;51.2628;5.9877
NL-7895;52.8399;7.0303
NL-8457;53.0168;5.9643
NL-4844;51.6434;4.7539
NL-9644;53.0929;6.914
NL-4438;51.4195;3.8042
NL-9957;53.3815;6.4855
NL-2116;52.3654;4.5716
NL-7796;52.5775;6.57055
NL-4485;51.5683;3.8814
NL-2154;52.2402;4.6819
NL-1606;52.6663;5.2113
NL-2431;52.1658;4.828
NL-3749;52.1806;5.222
NL-3014;51.919;4.4671
NL-1968;52.5224;4.6553
NL-3645;52.2194;4.9337
NL-8302;52.7183;5.7458
NL-6741;52.0908;5.6238
NL-7131;51.9879;6.5693
NL-3086;51.8736;4.4689
NL-7396;52.2792;6.091
NL-1331;52.3787;5.2505
NL-4714;51.5367;4.5993
NL-3912;51.9658;5.5645
NL-3882;52.2548;5.5854
NL-9616;53.198;6.7067
NL-7225;52.0431;6.1289
NL-7316;52.2291;5.9636
NL-8882;53.3774;5.255
NL-8616;53.0161;5.5472
NL-6575;51.8418;5.9384
NL-8843;53.142;5.6066
NL-7795;52.5283;6.5563
NL-1442;52.5141;4.9616
NL-5244;51.7158;5.3857
NL-5445;51.5788;5.7586
NL-6096;51.1948;5.858
NL-4417;51.45;4.0036
NL-7966;52.6783;6.2576
NL-5321;51.7484;5.2596
NL-8447;52.9627;5.9038
NL-4744;51.5615;4.5422
NL-2554;52.0676;4.2244
NL-8572;52.8656;5.4962
NL-4705;51.5472;4.485
NL-1954;51.8907;5.4149
NL-1401;52.278;5.1699
NL-9249;53.1081;6.2059
NL-1826;52.6571;4.7645
NL-4539;51.2975;3.8763
NL-9254;53.2154;5.9427
NL-1773;52.8418;5.0824
NL-2082;52.4189;4.6304
NL-8072;52.3835;5.8013
NL-4002;51.8946;5.4218
NL-2951;51.8655;4.6627
NL-8449;52.9893;5.9114
NL-4335;51.49;3.6008
NL-8899;53.2985;5.0672
NL-1381;52.3046;5.0444
NL-3723;52.1363;5.2025
NL-1131;52.4981;5.0709
NL-7439;52.2454;6.1479
NL-8334;52.7977;6.0939
NL-2362;52.1919;4.5431
NL-4541;51.28435;3.8409500000000003
NL-1738;52.7275;4.8301
NL-6629;51.8338;5.5817
NL-9923;53.3689;6.7166
NL-8079;52.475699999999996;5.934699999999999
NL-7157;52.0964;6.7248
NL-7681;52.4599;6.567
NL-9021;53.1106;5.7322
NL-7571;52.59995;6.9305
NL-8823;53.1262;5.5307
NL-5685;51.5009;5.3735
NL-2803;52.0235;4.6945
NL-2624;51.9961;4.3551
NL-5406;51.653;5.619
NL-4877;51.5729;4.6118
NL-9841;53.2676;6.3468
NL-1942;52.4825;4.6511
NL-7417;52.2547;6.1802
NL-5402;51.6656;5.6183
NL-8377;52.7784;5.9571
NL-1686;52.6765;5.0577
NL-8262;52.5618;5.9034
NL-9741;53.2341;6.5523
NL-6915;51.8623;6.1165
NL-8266;52.5426;5.9245
NL-5682;51.5164;5.3904
NL-6037;51.2216;5.826
NL-4905;51.6489;4.848
NL-5802;51.5224;5.9871
NL-9872;53.2355;6.211
NL-3022;51.9192;4.449
NL-1706;52.6671;4.863
NL-1976;52.4569;4.5837
NL-8106;52.383;6.3222
NL-1719;52.747;4.9548
NL-5504;51.4043;5.3986
NL-7941;52.6961;6.1912
NL-2851;52.0011;4.7776
NL-8023;52.5126;6.113
NL-7558;52.2855;6.8325
NL-4724;51.5196;4.38325
NL-8564;52.8848;5.5725
NL-3817;52.1454;5.3894
NL-3833;52.1309;5.4215
NL-1311;52.3681;5.1796
NL-7525;52.2578;6.9342
NL-3534;52.1011;5.0865
NL-1487;52.5485;4.8119
NL-2953;51.871;4.6456
NL-6171;50.9687;5.7675
NL-1536;52.5301;4.7811
NL-7623;52.3033;6.7653
NL-2626;51.9788;4.3586
NL-8523;52.9288;5.7124
NL-5433;51.7506;5.8663
NL-1106;52.2991;4.9756
NL-9534;52.9059;6.7621
NL-4726;51.5284;4.36505
NL-1017;52.363;4.8923
NL-1327;52.3603;5.2592
NL-8764;53.0232;5.4922
NL-3133;51.9019;4.3308
NL-5095;51.3875;5.1265
NL-9948;53.2997;7.0336
NL-9805;53.2408;6.3905
NL-7784;52.6131;6.6408
NL-8814;53.1892;5.6043
NL-4323;51.729;3.8177
NL-4061;51.8457;5.3832
NL-4568;51.2988;4.1622
NL-9511;53.0251;6.8381
NL-8355;52.7288;6.077
NL-3771;52.1472;5.5878
NL-9287;53.2406;6.0488
NL-8384;52.8575;6.1618
NL-3816;52.1533;5.4079
NL-5973;51.459;6.1533
NL-7954;52.62805;6.17185
NL-2014;52.3733;4.615
NL-2531;52.0529;4.3024
NL-6845;51.9468;5.87
NL-9624;53.2511;6.739
NL-8935;53.1872;5.8158
NL-4461;51.5038;3.892
NL-4317;51.6874;3.9395
NL-5591;51.3812;5.5718
NL-5051;51.519850000000005;5.0449
NL-7076;51.8875;6.3573
NL-8744;53.0816;5.4825
NL-1074;52.354;4.9041
NL-2926;51.9103;4.6081
NL-2923;51.9135;4.6036
NL-6223;50.8844;5.6936
NL-7846;52.7914;6.8018
NL-4416;51.4485;4.0335
NL-9041;53.242;5.6496
NL-5756;51.4328;5.7703500000000005
NL-9932;53.3206;6.8955
NL-3898;52.379;5.5944
NL-6595;51.7049;5.9872
NL-3026;51.9128;4.4427
NL-3364;51.8293;4.7761
NL-3145;51.9328;4.2319
NL-1821;52.6272;4.7627
NL-9175;53.3213;5.8901
NL-6045;51.1772;6.0056
NL-9656;53.0774;6.7658
NL-7663;52.442;6.8202
NL-4708;51.5166;4.4367
NL-8191;52.4287;6.0731
NL-5856;51.5352;6.1431
NL-4451;51.4734;3.8124
NL-1757;52.8314;4.8066
NL-4212;51.84915;5.02215
NL-9574;52.9016;6.9015
NL-7957;52.673;6.2919
NL-6277;50.769;5.8587
NL-4003;51.8942;5.4148
NL-5911;51.3709;6.1714
NL-2051;52.3923;4.6094
NL-8427;52.9659;6.3803
NL-1646;52.6232;4.8762
NL-3033;51.9276;4.469
NL-5041;51.5646;5.0786
NL-4856;51.5102;4.7958
NL-4675;51.6218;4.1573
NL-8573;52.858;5.4634
NL-9483;53.0688;6.651
NL-5114;51.3769;4.7687
NL-6463;50.8731;6.0668
NL-8372;52.737;5.9484
NL-5464;51.6322;5.5642
NL-1847;52.599;4.7796
NL-8832;53.1607;5.6667
NL-9971;53.359;6.3349
NL-9607;53.1688;6.7194
NL-1663;52.7217;4.9993
NL-1012;52.3735;4.8951
NL-3894;52.3455;5.5292
NL-2023;52.3963;4.6332
NL-6071;51.2192;6.0512999999999995
NL-1405;52.2768;5.1523
NL-4532;51.3314;3.8438
NL-8332;52.795;6.1318
NL-3013;51.9241;4.4707
NL-2159;52.2131;4.5606
NL-7775;52.612449999999995;6.5649
NL-3709;52.0679;5.2513
NL-4661;51.5279;4.2774
NL-2201;52.2315;4.4437
NL-1683;52.7071;5.1389
NL-4535;51.315;3.8557
NL-9203;53.1023;6.0986
NL-8276;52.5179;6.0036
NL-3052;51.9527;4.471
NL-7461;52.324733333333334;6.552666666666667
NL-6442;50.9518;5.98
NL-9262;53.1761;6.0062
NL-9528;52.9316;6.8359
NL-5993;51.3628;6.0487
NL-3754;52.254;5.3288
NL-3851;52.299;5.621
NL-6674;51.91145;5.73525
NL-9636;53.1649;6.8637
NL-5047;51.5918;5.0208
NL-3893;52.3365;5.5181
NL-3221;51.8314;4.1219
NL-5688;51.5067;5.3116
NL-8448;52.9611;5.9486
NL-5351;51.76475;5.5811
NL-5408;51.63585;5.6448
NL-8373;52.7669;5.8966
NL-4241;51.8639;4.9936
NL-3862;52.23765;5.5474499999999995
NL-1655;52.7052;5.003
NL-2811;52.0467;4.7223
NL-6661;51.9227;5.8493
NL-8316;52.7085;5.8678
NL-4814;51.5874;4.7536
NL-1309;52.3959;5.1996
NL-3451;52.1063;5.013
NL-8111;52.3304;6.2795
NL-6271;50.8129;5.8867
NL-7786;52.5951;6.6992
NL-4874;51.5773;4.6276
NL-5763;51.5045;5.7823
NL-7546;52.1927;6.8531
NL-8437;52.9208;6.2538
NL-2071;52.4339;4.6417
NL-1025;52.3991;4.9358
NL-6462;50.8542;6.0682
NL-2136;52.3138;4.619
NL-4664;51.5499;4.2758
NL-7610;52.3857;6.6431
NL-7226;52.0772;6.1831
NL-2597;52.1023;4.3192
NL-1829;52.6331;4.7761
NL-4529;51.2484;3.4522
NL-1351;52.3478;5.2191
NL-6123;51.0477;5.8213
NL-7665;52.3687;6.7588
NL-5306;51.8162;5.0914
NL-7119;51.9664;6.6602
NL-7251;52.1045;6.3181
NL-9914;53.3488;6.7597
NL-7944;52.6848;6.1811
NL-2518;52.0811;4.2944
NL-4357;51.5613;3.4966
NL-6107;51.1305;5.8496
NL-9795;53.2719;6.732
NL-9419;52.788;6.555
NL-7685;52.4957;6.5723
NL-1047;52.4032;4.7585
NL-3329;51.7881;4.7186
NL-1716;52.7057;4.9462
NL-4761;51.6459;4.5988
NL-3762;52.1789;5.2813
NL-3871;52.1743;5.4606
NL-9176;53.3265;5.9146
NL-2361;52.20755;4.5229
NL-7037;51.9087;6.1875
NL-7113;51.9838;6.7619
NL-1786;52.9183;4.7862
NL-3356;51.8313;4.7193
NL-6216;50.849;5.6591
NL-9728;53.1925;6.555
NL-4482;51.4815;3.9178
NL-9246;53.0677;6.1062
NL-1652;52.6643;4.9764
NL-5038;51.557;5.0796
NL-7327;52.1892;5.9966
NL-1473;52.563;5.0273
NL-8012;52.5045;6.1036
NL-5096;51.3891;5.1785
NL-3117;51.9135;4.3872
NL-8494;53.0583;5.8496
NL-9362;53.1866;6.327
NL-3319;51.7946;4.7017
NL-1222;52.2495;5.17415
NL-8606;53.0278;5.671
NL-2334;52.1722;4.4818
NL-9681;53.1924;7.0129
NL-2957;51.8868;4.678
NL-9107;53.313;5.9117
NL-5626;51.478;5.4303
NL-1187;52.2807;4.8277
NL-4542;51.3127;3.7784
NL-9468;53.0576;6.7199
NL-9635;53.195;6.87
NL-7811;52.783;6.8954
NL-7481;52.1534;6.7527
NL-2036;52.3515;4.6518
NL-9027;53.166;5.707
NL-3707;52.0918;5.2747
NL-8121;52.3372;6.1176
NL-3331;51.8188;4.6423
NL-7793;52.5673;6.6592
NL-2684;52.0302;4.1685
NL-5995;51.2923;6.0476
NL-8311;52.7238;5.6425
NL-5751;51.4614;5.7942
NL-6049;51.177;5.9636
NL-3243;51.7369;4.2394
NL-3703;52.0804;5.2268
NL-9104;53.2895;5.9956
NL-3341;51.8456;4.6472
NL-2801;52.0119;4.7079
NL-6825;51.9829;5.9629
NL-3835;52.1529;5.4355
NL-1078;52.3463;4.8976
NL-2525;52.0638;4.3023
NL-8632;53.0595;5.6268
NL-7399;52.1517;6.1322
NL-8808;53.2087;5.544
NL-6125;51.028;5.781
NL-1079;52.3422;4.9033
NL-1678;52.7259;5.0914
NL-9354;53.11935;6.3548
NL-8841;53.1646;5.6333
NL-9022;53.1299;5.7189
NL-6865;51.9793;5.795
NL-9725;53.2077;6.5696
NL-8724;52.9526;5.4912
NL-9774;53.2752;6.5345
NL-8015;52.4697;6.1224
NL-6658;51.8805;5.5158
NL-3245;51.7567;4.1509
NL-6999;52.0042;6.239
NL-1871;52.69725;4.7058
NL-6311;50.8645;5.8912
NL-3344;51.8324;4.6455
NL-7425;52.2601;6.2271
NL-3047;51.9434;4.4047
NL-7146;52.2572;6.1667
NL-7552;52.2597;6.8165
NL-6535;51.8056;5.8284
NL-1759;52.8442;4.7055
NL-3552;52.106;5.1034
NL-7207;52.1251;6.232
NL-8241;52.539;5.4569
NL-9459;53.0231;6.636
NL-8747;53.084;5.4229
NL-3522;52.0732;5.1154
NL-2252;52.1245;4.4394
NL-4819;51.5754;4.7687
NL-1161;52.3788;4.7437
NL-4823;51.6229;4.7378
NL-3059;51.9795;4.5877
NL-4453;51.4541;3.7707
NL-1011;52.371;4.9042
NL-5292;51.6232;5.3768
NL-6063;51.1335;6.0817
NL-2564;52.0679;4.2567
NL-1244;52.2602;5.1068
NL-9101;53.3248;5.9994
NL-5384;51.7297;5.526
NL-9083;53.2198;5.8095
NL-3115;51.9051;4.3818
NL-7914;52.7242;6.5347
NL-6971;52.0943;6.1553
NL-4233;51.9541;4.9641
NL-1701;52.6729;4.8509
NL-8386;52.8883;6.2525
NL-9679;53.1737;6.9737
NL-1326;52.3691;5.2521
NL-2984;51.8707;4.6158
NL-9963;53.3391;6.4243
NL-5616;51.4397;5.4597
NL-7001;51.9662;6.2913
NL-6134;50.9907;5.8507
NL-6432;50.907;5.9029
NL-5398;51.7911;5.3895
NL-1551;52.453;4.7748
NL-9138;53.3627;6.047
NL-5347;51.7795;5.5389
NL-3354;51.8288;4.7
NL-5335;51.7867;5.3449
NL-2865;51.9279;4.8088
NL-5074;51.6218;5.1809
NL-3161;51.8563;4.4249
NL-2872;51.9479;4.8703
NL-5036;51.5707;4.9905
NL-5666;51.4245;5.5715
NL-3381;51.841750000000005;4.876250000000001
NL-7609;52.3341;6.6413
NL-6676;51.9347;5.7875
NL-6014;51.1724;5.8217
NL-2382;52.1418;4.524
NL-2715;52.0557;4.4744
NL-4121;51.9612;5.1548
NL-4861;51.4947;4.8589
NL-7776;52.626999999999995;6.5524000000000004
NL-2642;52.011;4.4483
NL-7533;52.2215;6.9199
NL-5724;51.4246;5.7437
NL-6511;51.8462;5.8626
NL-1723;52.7024;4.8115
NL-8131;52.3876;6.1449
NL-6231;50.8848;5.7495
NL-2332;52.1593;4.4639
NL-6871;51.9779;5.7345
NL-6167;50.9892;5.7977
NL-9502;52.9884;6.9714
NL-1567;52.4904;4.7487
NL-9773;53.3027;6.5309
NL-4697;51.6003;4.1015
NL-7451;52.2805;6.4204
NL-8834;53.1423;5.6692
NL-1751;52.8035;4.7569
NL-8914;53.2032;5.7694
NL-7812;52.7642;6.8864
NL-4264;51.7781;5.1026
NL-8101;52.3827;6.2633
NL-3922;51.9893;5.4857
NL-1682;52.697;5.1103
NL-7884;52.7553;7.0442
NL-3902;52.0286;5.5705
NL-3237;51.872550000000004;4.1823999999999995
NL-8378;52.8125;6.0041
NL-7965;52.6971;6.2625
NL-3951;52.0643;5.3714
NL-1981;52.4545;4.6563
NL-3763;52.1744;5.2687
NL-4766;51.6634;4.6932
NL-6011;51.2191;5.7949
NL-6241;50.8966;5.7331
NL-6675;51.9116;5.7894
NL-1041;52.413;4.8391
NL-1566;52.4835;4.7559000000000005
NL-2412;52.0752;4.763
NL-9215;53.0939;5.9573
NL-1182;52.3097;4.8469
NL-4006;51.8791;5.4124
NL-8028;52.5419;6.1772
NL-4613;51.5051;4.2817
NL-7271;52.1156;6.5194
NL-9111;53.2964;5.8785
NL-9605;53.1141;6.7772
NL-1028;52.4016;5.0086
NL-7863;52.7476;6.6898
NL-8107;52.3641;6.2072
NL-9293;53.313;6.1883
NL-2202;52.2446;4.4354
NL-8371;52.7598;6.018
NL-6579;51.8631;6.0104
NL-1962;52.5119;4.6778
NL-5409;51.6427;5.7085
NL-7435;52.294;6.3193
NL-8862;53.1633;5.4341
NL-3046;51.9636;4.4169
NL-9566;53.054;7.1294
NL-5435;51.6974;5.8995
NL-6685;51.8821;5.9181
NL-9289;53.2011;6.1143
NL-1843;52.5826;4.8474
NL-5862;51.5505;6.0484
NL-8895;53.3947;5.3269
NL-2931;51.8964;4.6264
NL-7779;52.6397;6.6839
NL-5258;51.6756;5.4031
NL-3197;51.8794;4.2741
NL-8804;53.1567;5.5643
NL-2411;52.0826;4.7497
NL-7871;52.8318;6.8579
NL-8941;53.1694;5.8043
NL-5282;51.5967;5.3136
NL-8603;53.0409;5.667
NL-8542;53.0128;5.7861
NL-9845;53.2652;6.2495
NL-6663;51.8665;5.8627
NL-5233;51.7151;5.321
NL-8153;52.4316;6.3434
NL-4194;51.869;5.2864
NL-3846;52.3578;5.631
NL-7761;52.6645;6.8833
NL-8881;53.3664;5.2213
NL-9922;53.345;6.7104
NL-4364;51.5327;3.5626
NL-8802;53.1935;5.54
NL-4521;51.33;3.6849
NL-9585;52.9807;7.0111
NL-7038;51.9032;6.26
NL-4401;51.4925;4.0466
NL-2964;51.9253;4.8301
NL-6042;51.1978;6.0113
NL-7106;51.98;6.8039
NL-4524;51.3067;3.3877
NL-9984;53.4303;6.8163
NL-3925;52.0804;5.4889
NL-7855;52.7822;6.6913
NL-9152;53.3571;5.9193
NL-8274;52.5291;5.9669
NL-7773;52.5808;6.6045
NL-2331;52.1511;4.4507
NL-6596;51.7263;5.9482
NL-5046;51.5723;5.0769
NL-9962;53.3311;6.449
NL-9333;53.0929;6.4442
NL-2914;51.9722;4.6169
NL-5394;51.8212;5.5045
NL-4908;51.6644;4.8654
NL-9062;53.2512;5.8989
NL-1046;52.3915;4.7858
NL-6443;50.9415;5.9765
NL-5126;51.5434;4.939
NL-5045;51.5848;4.9946
NL-5563;51.3307;5.4075
NL-1191;52.2948;4.9116
NL-3525;52.0626;5.1189
NL-9985;53.4023;6.7516
NL-3541;52.0944;5.0693
NL-3566;52.1213;5.1245
NL-3141;51.9202;4.2622
NL-9524;52.935;6.8813
NL-4456;51.4937;3.7497
NL-5121;51.5884;4.9183
NL-6587;51.7266;5.9146
NL-8454;52.9375;5.9992
NL-5646;51.4182;5.5091
NL-8937;53.1962;5.8198
NL-4316;51.7138;3.9479
NL-9882;53.2868;6.3264
NL-7981;52.8572;6.3188
NL-4147;51.8814;5.1084
NL-9304;53.1146;6.4584
NL-7044;51.8837;6.266
NL-2563;52.073;4.2714
NL-7025;51.9959;6.4268
NL-4064;51.8248;5.3695
NL-7218;52.1615;6.2991
NL-1323;52.366;5.1954
NL-6585;51.7526;5.885
NL-4855;51.5076;4.7709
NL-1945;52.4964;4.663
NL-6655;51.8786;5.5912
NL-5424;51.5808;5.7703
NL-9684;53.1966;7.0913
NL-5216;51.6819;5.3224
NL-3947;52.0102;5.3343
NL-5071;51.61;5.1445
NL-6716;52.0226;5.6376
NL-8415;52.9614;6.0345
NL-9765;53.1483;6.5624
NL-7217;52.1997;6.2915
NL-6997;52.0049;6.2027
NL-2253;52.1401;4.4578
NL-7933;52.78125;6.4457
NL-7827;52.7476;6.8901
NL-9851;53.2743;6.23
NL-4142;51.8891;5.0804
NL-4171;51.827;5.1319
NL-4223;51.8777;4.9451
NL-4634;51.4294;4.3037
NL-9735;53.2377;6.6041
NL-3165;51.8697;4.4185
NL-3751;52.2419;5.3789
NL-4288;51.7865;5.0077
NL-1647;52.6424;4.9985
NL-6815;52.0042;5.907
NL-8333;52.7813;6.1522
NL-5741;51.5339;5.6291
NL-2142;52.3345;4.6385
NL-4576;51.2296;3.9654
NL-1771;52.8507;5.0326
NL-1072;52.3536;4.8902
NL-1636;52.6083;4.8769
NL-9865;53.1698;6.2
NL-7214;52.2243;6.2099
NL-4527;51.2749;3.4438
NL-7559;52.2942;6.8076
NL-7635;52.4279;6.9827
NL-8883;53.3768;5.2694
NL-4433;51.4259;3.911
NL-9488;53.0336;6.5192
NL-3045;51.9466;4.4498
NL-2678;51.977;4.25
NL-4382;51.4516;3.5707
NL-5731;51.4411;5.6166
NL-6285;50.7724;5.9101
NL-3072;51.9023;4.4941
NL-9933;53.339;6.9121
NL-1601;52.7025;5.2843
NL-3016;51.9091;4.4781
NL-1944;52.4921;4.6533
NL-5528;51.3966;5.2704
NL-1181;52.3099;4.8631
NL-9871;53.2388;6.2152
NL-3602;52.1367;5.0604
NL-7244;52.134600000000006;6.4308
NL-9892;53.3048;6.4678
NL-8484;52.849;5.8454
NL-4431;51.4592;3.9035
NL-8082;52.4496;5.8645
NL-9493;53.1123;6.6055
NL-1767;52.7933;4.8911
NL-8411;52.9954;6.1219
NL-8013;52.4957;6.1232
NL-9811;53.2155;6.4099
NL-8845;53.1092;5.5385
NL-4839;51.5844;4.7115
NL-1082;52.3311;4.8742
NL-6067;51.1547;5.938
NL-3234;51.896;4.1324000000000005
NL-9761;53.1364;6.5644
NL-9934;53.3292;6.9177
NL-9177;53.3107;5.876
NL-8462;52.9114;5.9091
NL-5314;51.7862;5.2375
NL-2629;51.9882;4.3778
NL-4871;51.5858;4.6517
NL-6081;51.2342;5.9545
NL-8172;52.2821;5.9569
NL-8146;52.4683;6.3663
NL-3818;52.1446;5.3697
NL-3741;52.2175;5.2856
NL-3896;52.2716;5.4226
NL-7821;52.7706;6.9118
NL-5085;51.4598;5.1377
NL-4522;51.3244;3.6631
NL-4494;51.5658;3.7707
NL-2266;52.0843;4.4205
NL-2033;52.3745;4.6563
NL-6612;51.7722;5.7472
NL-9998;53.3825;6.6204
NL-7035;51.9378;6.234
NL-4106;51.9471;5.1932
NL-6705;51.9887;5.6935
NL-5981;51.3275;5.9792
NL-8525;52.9588;5.722
NL-3774;52.1522;5.6723
NL-1135;52.5115;5.0522
NL-4826;51.6095;4.7844
NL-9086;53.1784;5.839