CO-687577;7.1132;-73.2178
CO-943067;2.4298;-69.8328
CO-732508;4.4423;-75.4287
CO-251820;4.4057;-73.9468
CO-190588;2.954;-76.6964
CO-683581;6.5377;-73.2923
CO-527528;2.4769;-78.1105
CO-153050;5.0062;-73.4727
CO-253420;5.1174;-74.4794
CO-685521;6.1816;-73.531
CO-151227;6.4624;-72.5047
CO-153227;5.1138;-73.4587
CO-232538;8.8744;-75.6203
CO-252848;4.4582;-74.6343
CO-251220;4.7903;-73.6601
CO-660006;4.8133;-75.6961
CO-661048;4.9372;-75.7378
CO-050048;6.2518;-75.5636
CO-204067;8.6187;-73.8027
CO-546077;8.0806;-73.2205
CO-235020;8.894;-76.3546
CO-760015;3.4372;-76.5225
CO-522047;1.2985;-77.4061
CO-501057;4.461;-73.6805
CO-153467;5.5124;-73.2444
CO-055437;6.0547;-75.5137
CO-760006;3.4372;-76.5225
CO-761048;3.8605;-76.3836
CO-050031;6.2518;-75.5636
CO-970007;1.2578;-70.2347
CO-502057;4.3133;-72.0816
CO-250848;5.0815;-73.6076
CO-704038;8.6597;-75.1281
CO-057827;8.8505;-76.4269
CO-472027;10.5207;-74.185
CO-194038;2.0063;-76.7803
CO-130547;10.3983;-75.1511
CO-251860;4.2547;-74.0025
CO-733588;4.0491;-74.832
CO-503067;2.9383;-73.2083
CO-687549;7.0682;-73.1698
CO-083010;10.9184;-74.7646
CO-150867;6.3206;-72.5628
CO-192027;2.7798;-76.3282
CO-251237;4.8208;-73.64
CO-055038;5.7893;-75.4273
CO-057057;6.5332;-75.9028
CO-686028;6.2183;-73.8112
CO-862068;0.5133;-76.5007
CO-151820;5.6249;-72.4235
CO-684031;6.5595;-73.1364
CO-861067;1.1484;-77.0045
CO-055827;6.2083;-75.7357
CO-152287;5.7698;-72.941
CO-544050;7.2052;-72.7564
CO-190559;2.757;-76.6172
CO-680002;7.1254;-73.1198
CO-201010;10.1503;-73.9614
CO-252432;4.3008;-74.8075
CO-730587;4.7193;-74.9292
CO-763038;3.9945;-76.2288
CO-055860;6.1564;-75.7872
CO-686057;6.3142;-73.9497
CO-130004;10.3997;-75.5144
CO-192578;2.5159;-76.4044
CO-851017;6.1316;-72.3384
CO-251060;4.9366;-73.8331
CO-540005;7.8939;-72.5078
CO-410006;2.9273;-75.2819
CO-731001;4.784;-74.7627
CO-851050;5.8297;-72.1633
CO-192539;2.5545;-76.0672
CO-186070;1.332;-75.973
CO-154267;5.8764;-73.5728
CO-056068;5.6561;-75.8788
CO-520537;1.412;-76.9853
CO-110731;4.6116;-74.1978
CO-151440;6.4655;-72.4154
CO-185057;1.1951;-75.7071
CO-760537;3.9509;-76.6288
CO-201017;10.1503;-73.9614
CO-050017;6.2518;-75.5636
CO-171040;5.2712;-75.4904
CO-277010;7.4435;-77.1196
CO-475028;9.8017;-74.393
CO-415001;2.4859;-75.7292
CO-051437;6.5654;-75.5169
CO-953001;1.9596;-72.6531
CO-251817;4.4031;-74.0253
CO-131027;10.2544;-75.3439
CO-415087;2.1976;-75.9799
CO-201048;9.4983;-73.9759
CO-414029;2.1959;-75.6278
CO-193579;2.452;-76.8103
CO-054038;6.0824;-75.3351
CO-733501;4.2891;-74.8982
CO-057027;6.8489;-75.8171
CO-151007;6.3337;-72.6828
CO-685067;5.8637;-73.9617
CO-172008;5.4073;-75.4875
CO-473040;9.0011;-73.9758
CO-054827;5.7106;-75.3107
CO-050016;6.2518;-75.5636
CO-154887;5.5353;-74.1078
CO-707037;9.4915;-75.3615
CO-477008;10.8916;-74.6297
CO-055467;6.1577;-75.6432
CO-230019;8.748;-75.8814
CO-540017;7.8939;-72.5078
CO-416007;2.1125;-75.8242
CO-687507;7.4713;-73.2031
CO-525069;1.1374;-77.8489
CO-250247;4.9186;-74.028
CO-478067;10.6114;-74.2682
CO-682017;6.699;-72.7323
CO-734509;3.8587;-74.9313
CO-081001;10.9878;-74.9547
CO-154647;5.6164;-73.8175
CO-253418;5.0089;-74.4723
CO-731548;5.0833;-75.1667
CO-053430;6.2053;-74.5997
CO-686501;6.9007;-73.2835
CO-252827;4.5157;-74.7894
CO-523007;1.1158;-77.4017
CO-253430;5.1873;-74.481
CO-232039;9.1218;-75.5163
CO-683019;6.2639;-73.2988
CO-251207;4.7207;-73.9693
CO-852039;5.8836;-71.8973
CO-133008;9.0919;-74.3597
CO-181039;1.5701;-75.3286
CO-234038;7.7097;-75.7688
CO-520009;1.2136;-77.2811
CO-057050;6.5332;-75.9028
CO-178047;5.4216;-75.7032
CO-941018;3.5142;-67.4153
CO-111621;4.6071;-74.1255
CO-153067;5.0264;-73.4337
CO-083028;10.8595;-74.7739
CO-681517;6.7662;-72.694
CO-051020;6.4381;-75.3314
CO-764001;3.2607;-76.535
CO-523001;1.1158;-77.4017
CO-192579;2.5159;-76.4044
CO-760025;3.4372;-76.5225
CO-185038;1.292;-75.5117
CO-528501;1.7986;-78.8156
CO-525508;1.131;-77.5481
CO-528538;1.7986;-78.8156
CO-231020;9.2365;-75.8135
CO-760501;3.5861;-76.5011
CO-050003;6.2518;-75.5636
CO-110521;4.5177;-74.0916
CO-991018;4.4455;-69.799
CO-523508;1.0947;-77.3948
CO-132517;9.242;-74.7547
CO-052467;7.5836;-75.4007
CO-253048;4.7897;-74.4618
CO-682058;6.6935;-73.0208
CO-544557;7.6423;-72.7994
CO-706018;9.5239;-75.5814
CO-250053;4.5794;-74.2168
CO-417037;1.8537;-76.0507
CO-443028;11.0694;-72.7669
CO-761548;4.5328;-76.1032
CO-444007;10.8969;-72.8861
CO-054847;5.6089;-75.1766
CO-056817;6.9848;-76.7544
CO-154820;5.5519;-74.0086
CO-685561;6.0134;-73.6735
CO-702037;9.3194;-74.9736
CO-190004;2.4382;-76.6132
CO-130008;10.3997;-75.5144
CO-680548;7.2022;-72.965
CO-544578;7.7736;-72.8679
CO-152860;5.0824;-73.3633
CO-253408;4.9671;-74.4351
CO-190547;2.6392;-76.5306
CO-272010;5.5514;-76.6138
CO-731540;5.0833;-75.1667
CO-084008;10.641;-74.7503
CO-854017;4.8172;-72.2886
CO-764509;3.5833;-77.0
CO-232007;9.2377;-75.6749
CO-250447;5.2478;-73.8524
CO-251257;4.6924;-73.5204
CO-152240;5.612;-72.9793
CO-446008;11.2725;-73.3091
CO-253227;4.8725;-74.5393
CO-856058;5.2318;-72.7604
CO-053850;6.2464;-75.221
CO-662001;4.8997;-75.8825
CO-662017;4.9517;-75.9572
CO-503008;2.8118;-73.0279
CO-523548;0.8837;-77.5032
CO-234030;7.7097;-75.7688
CO-810008;7.0847;-70.7591
CO-251847;4.3323;-73.8614
CO-523060;0.9749;-77.5274
CO-681551;6.5758;-72.6459
CO-253601;4.9788;-74.2927
CO-520003;1.2136;-77.2811
CO-861047;1.1903;-76.9737
CO-416020;2.0628;-75.7872
CO-730560;4.7142;-75.098
CO-687557;7.0682;-73.1698
CO-050035;6.2518;-75.5636
CO-526528;1.5147;-77.5044
CO-761558;4.4126;-76.1546
CO-278018;8.5116;-77.2772
CO-507011;3.7116;-73.2434
CO-192509;2.6547;-75.9928
CO-253808;5.3592;-74.3905
CO-527060;1.9339;-77.3025
CO-731048;4.9218;-75.0623
CO-051030;6.3771;-75.4478
CO-180008;1.6144;-75.6062
CO-154860;5.4768;-74.0442
CO-186078;1.332;-75.973
CO-528017;1.905;-78.0492
CO-861060;1.1484;-77.0045
CO-082047;10.777;-74.8534
CO-253848;5.4595;-74.3382
CO-251640;4.488;-73.8975
CO-415060;2.3934;-75.8923
CO-271070;5.266;-76.5649
CO-684057;6.6378;-73.2888
CO-154087;5.5765;-73.367
CO-762027;4.7464;-75.9117
CO-154801;5.6586;-73.9825
CO-415020;2.5436;-75.8085
CO-661002;4.8417;-75.6701
CO-182050;1.9142;-75.145
CO-950008;2.5729;-72.6459
CO-110621;4.5637;-74.1309
CO-520006;1.2136;-77.2811
CO-150448;5.7801;-73.1171
CO-178040;5.4216;-75.7032
CO-052067;7.111;-75.5515
CO-701057;9.379;-75.2677
CO-683541;6.4076;-73.2882
CO-544528;7.5394;-72.7724
CO-277057;6.5213;-76.9723
CO-852050;5.7299;-72.0016
CO-527038;1.7417;-77.3352
CO-055037;5.7893;-75.4273
CO-852038;5.8836;-71.8973
CO-681567;6.6681;-72.6999
CO-972040;-0.5636;-69.6336
CO-051850;6.4857;-75.395
CO-151247;6.4828;-72.4972
CO-195538;2.0396;-77.2168
CO-546552;8.2377;-73.356
CO-253247;4.9483;-74.5939
CO-682568;6.34;-73.1221
CO-443008;11.161;-72.5924
CO-203007;9.7041;-73.2793
CO-761008;4.3387;-76.1834
CO-190587;2.954;-76.6964
CO-441039;11.7139;-72.266
CO-050034;6.2518;-75.5636
CO-763028;4.0847;-76.1954
CO-191037;3.0095;-76.4849
CO-155218;5.9758;-74.5885
CO-418048;1.9287;-76.211
CO-054010;6.2328;-75.3361
CO-055421;6.1759;-75.5917
CO-687511;7.2646;-73.1501
CO-057418;7.6664;-76.6811
CO-705070;9.1836;-75.3817
CO-943017;1.8442;-69.0064
CO-153840;5.5792;-73.6449
CO-991008;4.4455;-69.799
CO-085040;10.4919;-75.1292
CO-521540;1.5063;-77.219
CO-150807;6.0896;-72.7243
CO-687061;7.3483;-73.896
CO-521028;1.5841;-76.9239
CO-441049;11.7139;-72.266
CO-055848;6.04;-75.7032
CO-235008;9.0181;-76.2641
CO-253401;4.9671;-74.4351
CO-524009;0.8591;-77.5195
CO-506021;3.7392;-73.8349
CO-276070;5.516;-76.9745
CO-131507;10.3875;-75.1356
CO-080012;10.9685;-74.7813
CO-915017;-0.6217;-72.384
CO-176007;5.0449;-75.5146
CO-682001;6.8115;-72.8493
CO-052448;7.4897;-74.8692
CO-863007;0.9645;-76.408
CO-526568;1.6517;-77.5822
CO-191507;3.2311;-76.4167
CO-705017;9.2735;-75.241
CO-152427;5.5197;-72.8875
CO-504061;2.8245;-73.6837
CO-520570;1.4977;-77.1359
CO-502041;4.3133;-72.0816
CO-251260;4.7592;-73.4082
CO-951009;2.3302;-72.6276
CO-272058;5.5665;-76.8134
CO-507028;3.6964;-73.6996
CO-084087;10.3242;-74.9602
CO-050014;6.2518;-75.5636
CO-194037;2.0063;-76.7803
CO-110921;4.6768;-74.1548
CO-177068;5.1665;-75.766
CO-548018;8.639;-72.7358
CO-052818;7.0799;-74.6989
CO-527508;2.4501;-77.9794
CO-474028;9.3212;-74.5685
CO-545557;8.041;-72.8654
CO-547059;8.4641;-73.3447
CO-543017;7.611;-72.6477
CO-056028;5.6646;-75.7134
CO-154067;5.5437;-73.4543
CO-055447;6.0911;-75.6357
CO-194088;1.917;-76.8523
CO-134547;8.2752;-73.8688
CO-631008;4.6189;-75.6358
CO-052457;7.5808;-75.3484
CO-056438;5.8647;-75.8219
CO-154680;5.7297;-73.9414
CO-190589;2.954;-76.6964
CO-684001;6.7534;-73.1047
CO-274058;4.6581;-76.4767
CO-153210;5.1486;-73.3994
CO-545538;8.0829;-72.8007
CO-251040;5.1029;-73.7985
CO-272027;5.3707;-76.6044
CO-701038;9.5325;-75.2238
CO-704017;8.7401;-75.1891
CO-761567;4.5079;-76.2362
CO-763022;4.0847;-76.1954
CO-734007;4.2047;-74.6407
CO-522087;1.4599;-77.4454
CO-201018;10.1503;-73.9614
CO-503068;2.9383;-73.2083
CO-507027;3.6964;-73.6996
CO-251208;4.7207;-73.9693
CO-252637;4.5573;-74.4834
CO-200007;10.4631;-73.2532
CO-547017;8.4021;-73.2074
CO-681018;6.9879;-73.0495
CO-050021;6.2518;-75.5636
CO-051054;6.3373;-75.558
CO-418069;1.8788;-76.2672
CO-475027;9.8017;-74.393
CO-476067;10.025;-74.6228
CO-734047;4.06;-74.6921
CO-201040;9.4983;-73.9759
CO-522540;1.2081;-77.4655
CO-130006;10.3997;-75.5144
CO-233027;8.1915;-75.4338
CO-524037;0.8074;-77.5722
CO-733007;4.1326;-75.095
CO-253827;5.3346;-74.3029
CO-133558;8.8653;-73.9114
CO-181037;1.5701;-75.3286
CO-856038;5.2142;-72.8695
CO-191527;3.2499;-76.2281
CO-250407;5.0605;-73.9793
CO-252218;4.3365;-74.3638
CO-545030;7.8643;-72.7162
CO-153260;5.3173;-73.3965
CO-153268;5.3173;-73.3965
CO-524001;0.8591;-77.5195
CO-522068;1.4181;-77.3968
CO-684008;6.7534;-73.1047
CO-195509;2.0689;-77.0527
CO-663038;5.1064;-75.9432
CO-203067;9.1999;-73.5427
CO-231527;9.3741;-75.7589
CO-687039;7.0653;-73.8547
CO-915010;-0.6217;-72.384
CO-276078;5.516;-76.9745
CO-763507;3.7638;-76.3329
CO-526020;1.2398;-77.5972
CO-053017;6.6746;-74.8343
CO-152047;5.7598;-72.8258
CO-230008;8.748;-75.8814
CO-681047;6.8762;-72.8559
CO-706037;9.3333;-75.55
CO-760550;3.6993;-76.4423
CO-233507;8.0479;-75.301
CO-051857;6.4857;-75.395
CO-152267;5.7463;-72.9983
CO-685007;5.9894;-73.7702
CO-761501;4.7628;-76.221
CO-760032;3.4372;-76.5225
CO-110531;4.4891;-74.0877
CO-153040;4.9642;-73.4875
CO-153809;5.5379;-73.632
CO-235048;8.7856;-76.2406
CO-132567;9.2419;-74.4267
CO-525537;1.0888;-77.6183
CO-862087;0.6836;-76.6044
CO-050029;6.2518;-75.5636
CO-250007;4.8588;-74.0587
CO-275030;4.9533;-77.366
CO-152660;5.1961;-73.145
CO-546510;8.3233;-73.1489
CO-054438;6.0434;-74.9937
CO-205040;8.2919;-73.3849
CO-181059;1.4766;-75.4398
CO-195009;1.8399;-76.9689
CO-057837;8.2751;-76.3764
CO-701017;9.5477;-75.3113
CO-111961;4.5276;-74.141
CO-233049;8.4115;-75.5851
CO-735589;3.5308;-75.6806
CO-181018;1.6782;-75.2847
CO-683029;6.2639;-73.2988
CO-418027;1.9924;-76.0434
CO-524069;0.8302;-77.6496
CO-681538;6.5057;-72.593
CO-273010;5.1767;-76.4802
CO-760547;3.822;-76.5224
CO-506061;3.5276;-74.0234
CO-253051;4.8137;-74.3545
CO-193557;2.2609;-76.7399
CO-130540;10.3983;-75.1511
CO-540019;7.8939;-72.5078
CO-684501;5.955;-73.7002
CO-543037;7.4364;-72.6381
CO-135028;7.9579;-73.9436
CO-152620;5.1011;-73.0512
CO-501027;4.2708;-73.4867
CO-270077;6.0265;-76.6945
CO-055420;6.1759;-75.5917
CO-250220;4.9261;-74.173
CO-110421;4.5625;-74.0887
CO-050007;6.2518;-75.5636
CO-735029;3.7994;-75.1947
CO-110611;4.5865;-74.1414
CO-682521;6.3443;-72.8173
CO-153649;5.3675;-73.5207
CO-763577;3.4067;-76.3482
CO-205010;8.3084;-73.6166
CO-201020;9.9689;-73.8836
CO-545057;7.8875;-72.7975
CO-057067;6.7499;-76.0254
CO-253480;5.463;-74.6544
CO-251648;4.488;-73.8975
CO-052410;7.9865;-75.1935
CO-054840;5.6089;-75.1766
CO-444018;10.8861;-72.8487
CO-177027;5.0624;-75.8716
CO-761030;4.1571;-76.2885
CO-154240;5.7091;-73.604
CO-252401;4.306;-74.6208
CO-507001;3.9869;-73.758
CO-191030;3.0095;-76.4849
CO-055010;6.0313;-75.4333
CO-502008;4.0991;-72.9565
CO-943018;1.8442;-69.0064
CO-251058;5.0446;-73.7972
CO-191568;3.173;-76.2627
CO-476020;10.3259;-74.8693
CO-685507;6.34;-73.617
CO-133538;8.8191;-74.0575
CO-170008;5.0689;-75.5174
CO-253658;5.1184;-74.3455
CO-524588;0.9609;-77.7316
CO-272048;5.3596;-76.7723
CO-154428;5.9828;-73.4254
CO-762040;4.6747;-75.7825
CO-631020;4.6375;-75.5703
CO-253468;5.3464;-74.4915
CO-416087;1.9761;-75.7945
CO-111981;4.4228;-74.1722
CO-250077;4.4842;-74.245
CO-154840;5.5138;-73.9491
CO-415088;2.1976;-75.9799
CO-733510;4.29;-74.8161
CO-521060;1.6236;-77.0311
CO-880008;12.5847;-81.7006
CO-972007;0.1814;-70.91
CO-180002;1.6144;-75.6062
CO-681528;6.6271;-72.6262
CO-761037;4.1571;-76.2885
CO-253627;5.067;-74.3844
CO-278050;7.4435;-77.1196
CO-682537;6.2946;-73.0402
CO-153887;5.5845;-73.5418
CO-687032;7.0653;-73.8547
CO-705030;9.315;-75.2928
CO-995007;5.3493;-70.6773
CO-856050;5.2318;-72.7604
CO-230537;8.9583;-75.8363
CO-230009;8.748;-75.8814
CO-253820;5.3346;-74.3029
CO-253667;5.061;-74.2372
CO-052817;7.0799;-74.6989
CO-153608;5.3854;-73.3636
CO-953018;1.9596;-72.6531
CO-131029;10.2544;-75.3439
CO-443048;10.9576;-72.7877
CO-733047;4.2392;-75.24
CO-251008;4.9075;-73.9384
CO-525507;1.131;-77.5481
CO-056450;5.7993;-75.9072
CO-912010;-2.1485;-71.7548
CO-527007;1.6323;-77.462
CO-731560;5.1526;-75.0362
CO-200003;10.4631;-73.2532
CO-851010;6.1316;-72.3384
CO-760043;3.4372;-76.5225
CO-862060;0.5133;-76.5007
CO-851077;5.6406;-72.1986
CO-735530;3.9142;-75.4801
CO-735037;3.7994;-75.1947
CO-973001;1.014;-71.2962
CO-526529;1.5147;-77.5044
CO-660009;4.8133;-75.6961
CO-687517;7.2646;-73.1501
CO-546537;8.2164;-73.2414
CO-150827;6.1316;-72.7089
CO-193588;2.452;-76.8103
CO-253647;5.1985;-74.3937
CO-632007;4.5295;-75.6409
CO-730501;4.5383;-74.8817
CO-541030;7.8339;-72.4742
CO-252257;4.52;-74.3526
CO-050020;6.2518;-75.5636
CO-506041;3.5636;-73.7949
CO-111931;4.5741;-74.1669
CO-233048;8.4115;-75.5851
CO-445027;10.5589;-73.0123
CO-233047;8.4115;-75.5851
CO-762047;4.6747;-75.7825
CO-231029;9.2365;-75.8135
CO-178007;5.4784;-75.5927
CO-111611;4.6239;-74.1057
CO-762001;4.9135;-76.04
CO-682027;6.6587;-72.7334
CO-190508;2.6227;-76.5704
CO-473048;9.0011;-73.9758
CO-528009;1.905;-78.0492
CO-761557;4.4126;-76.1546
CO-270070;6.0265;-76.6945
CO-477047;10.4903;-74.7946
CO-913019;-1.7477;-73.2083
CO-171027;5.2961;-75.5612
CO-235007;9.0181;-76.2641
CO-154040;5.5651;-73.4502
CO-440008;11.5444;-72.9072
CO-504041;3.3699;-73.8727
CO-131548;10.2226;-74.9969
CO-232559;8.9462;-75.4427
CO-273057;4.9551;-76.6053
CO-277030;7.0746;-77.0607
CO-056837;6.317;-76.1342
CO-253801;5.3592;-74.3905
CO-252640;4.5203;-74.5394
CO-525577;1.2656;-77.7356
CO-732048;5.2086;-74.7358
CO-055020;5.9743;-75.362
CO-251627;4.529;-73.9227
CO-250847;5.0815;-73.6076
CO-522040;1.2985;-77.4061
CO-684021;6.6717;-73.1742
CO-853059;4.7912;-71.3354
CO-057040;6.6831;-75.9892
CO-053440;5.8726;-74.6403
CO-414001;2.3868;-75.5474
CO-056017;5.7921;-75.786
CO-053857;6.2464;-75.221
CO-760529;3.6569;-76.6886
CO-685049;5.9183;-73.7911
CO-706010;9.5239;-75.5814
CO-182017;2.1217;-74.7661
CO-661040;4.9372;-75.7378
CO-683537;6.3636;-73.244
CO-444050;10.6522;-72.924
CO-541070;7.6073;-72.6011
CO-523080;0.907;-77.5473
CO-196060;2.8454;-77.2479
CO-175037;5.4478;-74.6631
CO-730567;4.7142;-75.098
CO-548010;8.639;-72.7358
CO-111051;4.6948;-74.1036
CO-686048;6.3142;-73.9497
CO-196067;2.8454;-77.2479
CO-942010;1.9141;-67.07
CO-191520;3.2499;-76.2281
CO-270007;5.6919;-76.6583
CO-170002;5.0689;-75.5174
CO-195067;1.8017;-77.1703
CO-150469;5.8245;-73.0341
CO-194007;2.1783;-76.7626
CO-230004;8.748;-75.8814
CO-912019;-2.1485;-71.7548
CO-133040;8.9564;-74.0782
CO-056077;5.746;-75.9777
CO-155001;5.5228;-74.2328
CO-191569;3.173;-76.2627
CO-525047;1.1811;-77.9612
CO-733508;4.2891;-74.8982
CO-251427;4.5101;-73.3498
CO-527008;1.6323;-77.462
CO-192507;2.6547;-75.9928
CO-278017;8.5116;-77.2772
CO-861088;1.0375;-76.6267
CO-057440;6.8994;-76.1742
CO-507037;3.6964;-73.6996
CO-680557;7.2803;-72.9678
CO-192518;2.6547;-75.9928
CO-230527;8.9583;-75.8363
CO-631027;4.6375;-75.5703
CO-132540;9.3035;-74.5648
CO-052068;7.111;-75.5515
CO-253001;4.7318;-74.3413
CO-153847;5.5792;-73.6449
CO-191017;3.014;-76.6461
CO-505028;2.1837;-73.7848
CO-150268;5.5639;-73.184
CO-730527;4.5661;-74.9623
CO-233001;8.5012;-75.508
CO-544527;7.5394;-72.7724
CO-110741;4.6017;-74.1796
CO-683038;5.946;-73.3443
CO-110511;4.521;-74.1222
CO-507007;3.9869;-73.758
CO-410004;2.9273;-75.2819
CO-192531;2.5545;-76.0672
CO-441059;11.7139;-72.266
CO-051420;6.6051;-75.6662
CO-851078;5.6406;-72.1986
CO-082027;10.7941;-74.9164
CO-472007;10.5918;-74.1898
CO-057457;6.7713;-76.1332
CO-732047;5.2086;-74.7358
CO-193007;2.3425;-76.4958
CO-050044;6.2518;-75.5636
CO-192078;2.6156;-76.3826
CO-134068;8.2373;-74.6677
CO-680567;7.3223;-73.0152
CO-056470;5.965;-75.9654
CO-110561;4.3455;-74.1329
CO-250201;4.8727;-74.1444
CO-503021;2.8118;-73.0279
CO-680011;7.1254;-73.1198
CO-940028;3.8653;-67.9239
CO-111071;4.6756;-74.1089
CO-411028;3.2205;-75.2186
CO-057037;6.7187;-75.9073
CO-526560;1.6517;-77.5822
CO-155040;5.6603;-74.0621
CO-853017;5.4074;-71.6614
CO-130528;10.4447;-75.3697
CO-681001;7.0622;-73.0864
CO-250008;4.8588;-74.0587
CO-417048;1.8537;-76.0507
CO-154847;5.5138;-73.9491
CO-253840;5.4595;-74.3382
CO-660007;4.8133;-75.6961
CO-057420;7.2441;-76.4356
CO-130009;10.3997;-75.5144
CO-730008;4.4389;-75.2322
CO-172029;5.6116;-75.4562
CO-735568;3.7231;-75.4832
CO-417070;1.6867;-76.0207
CO-250055;4.5794;-74.2168
CO-150480;5.874;-72.9822
CO-250640;5.5029;-73.8523
CO-085048;10.4919;-75.1292
CO-195018;1.8399;-76.9689
CO-470001;11.2408;-74.199
CO-130002;10.3997;-75.5144
CO-250618;5.3842;-73.6862
CO-685537;6.1327;-73.4907
CO-911037;-2.8786;-69.7442
CO-055078;5.9258;-75.6706
CO-232558;8.9462;-75.4427
CO-155207;5.9758;-74.5885
CO-134077;8.2971;-74.4733
CO-196001;2.5708;-77.8854
CO-053460;6.552;-74.7874
CO-202001;10.3909;-72.992
CO-683507;6.5933;-73.2455
CO-251267;4.7592;-73.4082
CO-910001;-4.2153;-69.9406
CO-853050;4.7912;-71.3354
CO-253240;4.9483;-74.5939
CO-527588;2.5086;-78.4511
CO-250610;5.3842;-73.6862
CO-526527;1.5147;-77.5044
CO-233007;8.5012;-75.508
CO-193578;2.452;-76.8103
CO-253407;4.9671;-74.4351
CO-203020;9.5623;-73.3341
CO-682558;6.2858;-73.1472
CO-414028;2.1959;-75.6278
CO-251247;4.7629;-73.6109
CO-174038;5.3165;-74.911
CO-475038;9.7903;-74.7824
CO-521528;1.6045;-77.1315
CO-232017;9.1489;-75.6284
CO-052830;6.8361;-74.7532
CO-056057;5.599;-75.8198
CO-991058;4.4455;-69.799
CO-854019;4.8172;-72.2886
CO-506047;3.5636;-73.7949
CO-542058;7.2989;-72.4947
CO-051059;6.3373;-75.558
CO-057860;8.0926;-76.7282
CO-418049;1.9287;-76.211
CO-520004;1.2136;-77.2811
CO-546037;7.741;-73.0483
CO-950007;2.5729;-72.6459
CO-132550;9.2631;-74.6569
CO-814018;6.4606;-71.7362
CO-056020;5.6646;-75.7134
CO-251827;4.4057;-73.9468
CO-111841;4.5455;-74.1107
CO-056478;5.965;-75.9654
CO-154440;6.0575;-73.4811
CO-475020;9.8017;-74.393
CO-270078;6.0265;-76.6945
CO-441007;11.775;-72.4445
CO-544550;7.6423;-72.7994
CO-681561;6.6681;-72.6999
CO-154867;5.4768;-74.0442
CO-704010;8.7401;-75.1891
CO-190518;2.6227;-76.5704
CO-734001;4.2047;-74.6407
CO-524547;0.8828;-77.701
CO-681007;7.0622;-73.0864
CO-251857;4.2147;-73.8172
CO-684037;6.5595;-73.1364
CO-855050;4.8543;-73.04
CO-520501;1.3902;-77.1598
CO-053820;6.3774;-75.1406
CO-860001;1.1528;-76.6521
CO-186059;1.0333;-75.9191
CO-528047;1.6966;-78.2448
CO-132568;9.2419;-74.4267
CO-413027;2.6849;-75.3231
CO-706030;9.3333;-75.55
CO-232027;9.1866;-75.5547
CO-154001;5.6667;-73.5119
CO-703038;8.8114;-74.7208
CO-278010;8.5116;-77.2772
CO-952017;1.3367;-71.9511
CO-414020;2.1959;-75.6278
CO-132501;9.5861;-74.8271
CO-054838;5.7313;-75.1426
CO-445047;10.5167;-73.0833
CO-520010;1.2136;-77.2811
CO-760502;3.5861;-76.5011
CO-151620;6.0403;-72.6351
CO-700009;9.3047;-75.3978
CO-152040;5.7598;-72.8258
CO-682571;6.4475;-73.1436
CO-546551;8.2377;-73.356
CO-733001;4.1326;-75.095
CO-131540;10.2226;-74.9969
CO-052040;6.9189;-75.6641
CO-132512;9.242;-74.7547
CO-252617;4.66;-74.3926
CO-050041;6.2518;-75.5636
CO-763518;3.7246;-76.2667
CO-474047;9.5353;-74.1199
CO-053447;5.8726;-74.6403
CO-528519;1.7986;-78.8156
CO-083003;10.9184;-74.7646
CO-056468;5.8539;-76.0253
CO-251250;4.6924;-73.5204
CO-761537;4.5754;-76.1981
CO-941038;2.7221;-67.5658
CO-111041;4.7043;-74.1202
CO-681547;6.5288;-72.6959
CO-520002;1.2136;-77.2811
CO-525579;1.2656;-77.7356
CO-760517;3.65;-76.5698
CO-913050;-1.0333;-74.0333
CO-251020;4.9911;-73.8715
CO-940018;3.8653;-67.9239
CO-504001;3.5462;-73.7069
CO-528068;1.6715;-78.1398
CO-130520;10.4447;-75.3697
CO-682047;6.6052;-73.0681
CO-110121;4.7136;-74.033
CO-153468;5.5124;-73.2444
CO-705078;9.1836;-75.3817
CO-150440;5.7801;-73.1171
CO-631001;4.6189;-75.6358
CO-152237;5.5801;-72.9669
CO-191070;3.0359;-76.4079
CO-232520;8.8744;-75.6203
CO-230520;8.9583;-75.8363
CO-855038;4.5553;-72.8825
CO-735569;3.7231;-75.4832
CO-528067;1.6715;-78.1398
CO-153007;4.8856;-73.3689
CO-150680;5.9845;-72.7505
CO-050032;6.2518;-75.5636
CO-707018;9.7359;-75.5263
CO-476040;10.1874;-74.915
CO-953017;1.9596;-72.6531
CO-154047;5.5651;-73.4502
CO-411080;3.3761;-74.8015
CO-527537;2.4769;-78.1105
CO-680541;7.2022;-72.965
CO-151201;6.402;-72.5531
CO-057017;7.0212;-75.9093
CO-150607;5.859;-72.9188
CO-524587;0.9609;-77.7316
CO-684039;6.5595;-73.1364
CO-192577;2.5159;-76.4044
CO-196009;2.5708;-77.8854
CO-252410;4.2808;-74.7647
CO-634007;4.6747;-75.6583
CO-232018;9.1489;-75.6284
CO-194080;1.917;-76.8523
CO-190537;2.6392;-76.5306
CO-504007;3.5462;-73.7069
CO-110721;4.628;-74.2055
CO-133028;9.156;-74.2662
CO-944010;3.4842;-69.8108
CO-050012;6.2518;-75.5636
CO-521020;1.5841;-76.9239
CO-760508;3.5861;-76.5011
CO-527009;1.6323;-77.462
CO-194558;1.12;-76.3213
CO-545517;7.9325;-72.6013
CO-760009;3.4372;-76.5225
CO-253207;4.8766;-74.4377
CO-470008;11.2408;-74.199
CO-734048;4.06;-74.6921
CO-082028;10.7941;-74.9164
CO-130537;10.4436;-75.2731
CO-763579;3.4067;-76.3482
CO-527547;2.4808;-78.1912
CO-192020;2.7798;-76.3282
CO-054837;5.7313;-75.1426
CO-233040;8.4115;-75.5851
CO-414040;2.2573;-75.7714
CO-110851;4.626;-74.157
CO-548017;8.639;-72.7358
CO-151601;6.1905;-72.4759
CO-057839;8.2751;-76.3764
CO-057820;8.8505;-76.4269
CO-150447;5.7801;-73.1171
CO-054417;6.1435;-75.1853
CO-474020;9.3212;-74.5685
CO-150009;5.5353;-73.3678
CO-681557;6.5758;-72.6459
CO-855039;4.5553;-72.8825
CO-133048;8.9564;-74.0782
CO-545070;7.9441;-72.8325
CO-130011;10.3997;-75.5144
CO-702030;9.3194;-74.9736
CO-991019;4.4455;-69.799
CO-686008;6.6515;-74.0573
CO-990007;6.189;-67.4859
CO-912017;-2.1485;-71.7548
CO-051017;6.4582;-75.5638
CO-277050;6.5213;-76.9723
CO-052458;7.5808;-75.3484
CO-911039;-2.8786;-69.7442
CO-191009;3.014;-76.6461
CO-151267;6.4453;-72.4627
CO-234537;8.258;-76.1493
CO-054037;6.0824;-75.3351
CO-050037;6.2518;-75.5636
CO-051467;6.6779;-75.8122
CO-418060;1.8788;-76.2672
CO-815017;6.9632;-71.8823
CO-411027;3.2205;-75.2186
CO-135007;7.9644;-74.0544
CO-193537;2.3502;-76.6834
CO-110861;4.6144;-74.1718
CO-151840;5.5622;-72.575
CO-173067;5.3835;-75.1612
CO-527529;2.4769;-78.1105
CO-684048;6.6357;-73.2228
CO-505027;2.1837;-73.7848
CO-540001;7.8939;-72.5078
CO-057417;7.6664;-76.6811
CO-992007;5.4906;-70.4092
CO-990001;6.189;-67.4859
CO-235047;8.7856;-76.2406
CO-253630;5.1261;-74.3849
CO-478040;10.9938;-74.2844
CO-631007;4.6189;-75.6358
CO-151401;6.5564;-72.5038
CO-057877;8.4263;-76.7893
CO-274039;4.8113;-76.8044
CO-274010;5.1605;-76.684
CO-134047;8.5597;-74.2669
CO-525527;1.0888;-77.6183
CO-153427;5.3564;-73.2092
CO-733558;4.0308;-74.9701
CO-813017;6.2805;-71.1
CO-252660;4.4371;-74.5216
CO-056420;5.9628;-75.7381
CO-191540;3.2204;-76.3139
CO-110931;4.657;-74.12
CO-731547;5.0833;-75.1667
CO-254008;5.1328;-74.1598
CO-685021;6.0549;-73.8152
CO-083002;10.9184;-74.7646
CO-682501;6.4756;-72.9705
CO-131077;9.9832;-75.3016
CO-528503;1.7986;-78.8156
CO-153027;4.9708;-73.3797
CO-856019;5.1728;-72.5471
CO-055410;6.1846;-75.5991
CO-150627;5.9557;-72.9478
CO-544517;7.7131;-72.6576
CO-181019;1.6782;-75.2847
CO-177060;5.1665;-75.766
CO-154269;5.8764;-73.5728
CO-154080;5.5765;-73.367
CO-764517;3.5833;-77.0
CO-477009;10.8916;-74.6297
CO-730005;4.4389;-75.2322
CO-201001;10.4171;-73.5804
CO-682578;6.4475;-73.1436
CO-051847;6.7244;-75.2817
CO-230528;8.9583;-75.8363
CO-051070;6.4434;-75.7281
CO-681519;6.7662;-72.694
CO-191501;3.2311;-76.4167
CO-632067;4.3342;-75.7035
CO-441017;11.775;-72.4445
CO-762021;4.7464;-75.9117
CO-502048;4.3133;-72.0816
CO-182057;1.9142;-75.145
CO-052837;6.8361;-74.7532
CO-704037;8.6597;-75.1281
CO-418001;2.0501;-75.9767
CO-443027;11.0694;-72.7669
CO-544010;7.2679;-72.642
CO-683071;6.2901;-73.4735
CO-203048;9.3624;-73.6031
CO-193527;2.3502;-76.6834
CO-050013;6.2518;-75.5636
CO-056828;6.5789;-76.8863
CO-056437;5.8647;-75.8219
CO-176020;4.9825;-75.6036
CO-502058;4.3133;-72.0816
CO-414068;2.2665;-75.8044
CO-054420;6.1879;-74.9931
CO-546010;7.9143;-72.9714
CO-194089;1.917;-76.8523
CO-111311;4.6357;-74.0733
CO-151220;6.4624;-72.5047
CO-186037;1.3287;-75.8782
CO-253650;5.1184;-74.3455
CO-732028;5.1989;-74.8929
CO-730004;4.4389;-75.2322
CO-154448;6.0575;-73.4811
CO-152429;5.5197;-72.8875
CO-154880;5.5353;-74.1078
CO-523028;1.0529;-77.5017
CO-760050;3.4372;-76.5225
CO-416040;2.0248;-75.7559
CO-253258;4.8402;-74.6592
CO-134067;8.2373;-74.6677
CO-685009;5.9894;-73.7702
CO-412087;2.6635;-75.5175
CO-686049;6.3142;-73.9497
CO-524501;0.9189;-77.5665
CO-681048;6.8762;-72.8559
CO-971007;0.615;-69.2081
CO-177067;5.1665;-75.766
CO-252028;4.1786;-74.4231
CO-252647;4.5203;-74.5394
CO-053450;6.4119;-74.7606
CO-760530;3.9509;-76.6288
CO-632080;4.208;-75.7888
CO-953007;1.9596;-72.6531
CO-730568;4.7142;-75.098
CO-253648;5.1985;-74.3937
CO-684007;6.7534;-73.1047
CO-682011;6.699;-72.7323
CO-080006;10.9685;-74.7813
CO-705038;9.315;-75.2928
CO-271057;5.4116;-76.4152
CO-055428;6.1759;-75.5917
CO-150487;5.874;-72.9822
CO-051410;6.8503;-75.6833
CO-442001;11.3832;-72.2432
CO-154201;5.7546;-73.4367
CO-130527;10.4447;-75.3697
CO-545530;8.0829;-72.8007
CO-153640;5.3675;-73.5207
CO-233530;8.3137;-75.1398
CO-703070;8.3813;-74.6744
CO-152820;4.8605;-73.2623
CO-056818;6.9848;-76.7544
CO-134527;8.4593;-73.9433
CO-687571;7.1132;-73.2178
CO-278038;8.0436;-77.0914
CO-130507;10.6036;-75.2882
CO-152640;5.0313;-73.1033
CO-201047;9.4983;-73.9759
CO-270008;5.6919;-76.6583
CO-190597;2.954;-76.6964
CO-252027;4.1786;-74.4231
CO-441008;11.775;-72.4445
CO-057427;7.2441;-76.4356
CO-250410;5.199;-73.8913
CO-861007;1.1764;-76.8784
CO-183019;1.3349;-74.8429
CO-685551;6.062;-73.6372
CO-914050;-0.7333;-73.0167
CO-191078;3.0359;-76.4079
CO-196038;2.7717;-77.6654
CO-230501;9.0389;-75.7897
CO-251830;4.3392;-73.9385
CO-131048;10.2329;-75.1898
CO-762507;4.5758;-75.9739
CO-192029;2.7798;-76.3282
CO-252638;4.5573;-74.4834
CO-194528;1.7027;-76.5739
CO-194557;1.12;-76.3213
CO-252217;4.3365;-74.3638
CO-414008;2.3868;-75.5474
CO-733590;4.1473;-74.7201
CO-150427;5.7648;-73.2476
CO-413007;2.7772;-75.2564
CO-081027;10.8756;-74.9787
CO-733027;4.1987;-75.1173
CO-630003;4.5339;-75.6811
CO-185017;1.4875;-75.7258
CO-973047;1.75;-70.1167
CO-183010;1.3349;-74.8429
CO-195017;1.8399;-76.9689
CO-186077;1.332;-75.973
CO-760034;3.4372;-76.5225
CO-701058;9.379;-75.2677
CO-184018;0.6994;-75.2535
CO-686577;6.6637;-73.5628
CO-632020;4.3932;-75.6894
CO-194001;2.1783;-76.7626
CO-204047;8.6882;-73.6645
CO-663001;5.0724;-75.9634
CO-133557;8.8653;-73.9114
CO-055018;6.0313;-75.4333
CO-683001;6.3443;-73.3739
CO-057047;6.6831;-75.9892
CO-055030;5.7893;-75.4273
CO-231008;9.2455;-76.1302
CO-205059;8.0015;-73.5113
CO-190580;2.954;-76.6964
CO-734560;3.3918;-74.9334
CO-083040;10.7912;-74.7606
CO-544577;7.7736;-72.8679
CO-911018;-3.7889;-70.3558
CO-683577;6.4429;-73.3369
CO-055440;6.0911;-75.6357
CO-150687;5.9845;-72.7505
CO-631028;4.6375;-75.5703
CO-171047;5.2712;-75.4904
CO-506067;3.5276;-74.0234
CO-680511;7.3471;-72.9452
CO-204027;8.8522;-73.8123
CO-520038;1.2136;-77.2811
CO-686021;6.2183;-73.8112
CO-683557;6.4684;-73.2602
CO-083020;10.8595;-74.7739
CO-470003;11.2408;-74.199
CO-762540;4.3324;-75.8267
CO-150207;5.6333;-73.3167
CO-272018;5.5514;-76.6138
CO-525557;1.0333;-77.6
CO-153607;5.3854;-73.3636
CO-683561;6.4429;-73.3369
CO-763537;3.5394;-76.3036
CO-170017;5.0689;-75.5174
CO-417018;1.9714;-75.9312
CO-880007;12.5847;-81.7006
CO-154060;5.5437;-73.4543
CO-191060;3.1748;-76.462
CO-054057;6.2805;-75.4435
CO-151280;6.4115;-72.4488
CO-852037;5.8836;-71.8973
CO-760557;3.6993;-76.4423
CO-055830;6.1107;-75.7092
CO-132058;9.7174;-75.1202
CO-760041;3.4372;-76.5225
CO-151607;6.1905;-72.4759
CO-527527;2.4769;-78.1105
CO-111411;4.6071;-74.0879
CO-234530;8.258;-76.1493
CO-664018;5.3157;-75.7983
CO-760016;3.4372;-76.5225
CO-252040;3.986;-74.4828
CO-763528;3.6855;-76.3137
CO-444057;10.6522;-72.924
CO-057450;6.7713;-76.1332
CO-762520;4.3946;-76.0715
CO-730540;4.63;-75.0954
CO-232529;8.8744;-75.6203
CO-472047;10.1862;-74.0609
CO-271017;5.8108;-76.192
CO-763048;3.9009;-76.2978
CO-134040;8.5597;-74.2669
CO-174008;5.4126;-74.9922
CO-814017;6.4606;-71.7362
CO-502007;4.0991;-72.9565
CO-202017;10.3844;-73.1733
CO-182058;1.9142;-75.145
CO-232508;8.7958;-75.6995
CO-680551;7.2803;-72.9678
CO-154027;5.6041;-73.4852
CO-543010;7.611;-72.6477
CO-193587;2.452;-76.8103
CO-687587;7.1132;-73.2178
CO-175031;5.4478;-74.6631
CO-202050;10.0367;-73.2356
CO-470002;11.2408;-74.199
CO-733548;4.0308;-74.9701
CO-477001;10.8916;-74.6297
CO-733528;4.1492;-74.8843
CO-544510;7.7131;-72.6576
CO-153610;5.4537;-73.3625
CO-057838;8.2751;-76.3764
CO-661007;4.8417;-75.6701
CO-052450;7.5808;-75.3484
CO-681531;6.5057;-72.593
CO-153648;5.3675;-73.5207
CO-476060;10.025;-74.6228
CO-054427;6.1879;-74.9931
CO-132057;9.7174;-75.1202
CO-150208;5.6333;-73.3167
CO-082067;10.75;-74.9833
CO-683571;6.543;-73.3083
CO-547078;8.5106;-73.4478
CO-521067;1.6236;-77.0311
CO-704030;8.6597;-75.1281
CO-761520;4.6117;-76.0814
CO-170001;5.0689;-75.5174
CO-477027;10.702;-74.716
CO-251210;4.866;-73.8775
CO-254050;5.3015;-74.0695
CO-252857;4.3765;-74.67
CO-196008;2.5708;-77.8854
CO-152211;5.7143;-72.9339
CO-134540;8.2752;-73.8688
CO-547018;8.4021;-73.2074
CO-057847;7.883;-76.6259
CO-153287;5.1672;-73.3682
CO-054437;6.0434;-74.9937
CO-056040;5.5478;-75.6437
CO-545050;7.8875;-72.7975
CO-154420;5.9828;-73.4254
CO-133508;8.7944;-74.1658
CO-177087;5.2006;-75.7531
CO-154660;5.5546;-73.8657
CO-417038;1.8537;-76.0507
CO-417077;1.6867;-76.0207
CO-234517;8.1736;-76.0592
CO-700008;9.3047;-75.3978
CO-232001;9.2377;-75.6749
CO-735077;3.197;-75.6451
CO-057857;7.7585;-76.6525
CO-707017;9.7359;-75.5263
CO-683037;5.946;-73.3443
CO-685501;6.34;-73.617
CO-173028;5.2327;-75.1504
CO-547070;8.5106;-73.4478
CO-052857;7.1833;-75.0667
CO-474060;9.3315;-74.3471
CO-913010;-1.7477;-73.2083
CO-057828;8.8505;-76.4269
CO-253020;4.7231;-74.4592
CO-684011;6.733;-73.0959
CO-411001;3.2222;-75.2367
CO-271058;5.4116;-76.4152
CO-154020;5.6041;-73.4852
CO-664027;5.2962;-75.8839
CO-763021;4.0847;-76.1954
CO-253410;5.0089;-74.4723
CO-250450;5.2496;-73.7661
CO-687037;7.0653;-73.8547
CO-441020;11.7139;-72.266
CO-153627;5.3537;-73.4566
CO-111711;4.5966;-74.0721
CO-051077;6.4434;-75.7281
CO-681004;7.0622;-73.0864
CO-252830;4.3978;-74.8273
CO-521087;1.5937;-77.0373
CO-252620;4.6189;-74.3539
CO-735028;3.7994;-75.1947
CO-154601;5.6964;-73.7693
CO-182018;2.1217;-74.7661
CO-528568;2.0965;-78.5857
CO-252001;4.2725;-74.4151
CO-178028;5.453;-75.6507
CO-252807;4.6812;-74.7141
CO-702077;9.3068;-75.0339
CO-080011;10.9685;-74.7813
CO-762018;4.7972;-75.995
CO-681508;6.8431;-72.694
CO-252030;4.0881;-74.4775
CO-523040;1.0595;-77.5655
CO-202057;10.0367;-73.2356
CO-528537;1.7986;-78.8156
CO-763029;4.0847;-76.1954
CO-082020;10.7941;-74.9164
CO-543050;7.3756;-72.6479
CO-521567;1.5749;-77.2867
CO-522080;1.4599;-77.4454
CO-150467;5.8245;-73.0341
CO-473027;9.1433;-74.2238
CO-194060;2.038;-76.9245
CO-441047;11.7139;-72.266
CO-763027;4.0847;-76.1954
CO-052010;7.2889;-75.3978
CO-205001;8.3228;-73.7427
CO-855037;4.5553;-72.8825
CO-053037;6.4851;-75.0196
CO-762008;4.9135;-76.04
CO-110151;4.8044;-74.0222
CO-083001;10.9184;-74.7646
CO-171020;5.2961;-75.5612
CO-685547;6.0251;-73.5731
CO-204028;8.8522;-73.8123
CO-057868;8.0926;-76.7282
CO-200017;10.4631;-73.2532
CO-173040;5.2966;-75.055
CO-174037;5.3165;-74.911
CO-205018;8.3084;-73.6166
CO-545518;7.9325;-72.6013
CO-520007;1.2136;-77.2811
CO-413020;2.6849;-75.3231
CO-191560;3.173;-76.2627
CO-854037;5.0183;-72.7492
CO-520539;1.412;-76.9853
CO-734547;3.5391;-74.8975
CO-861080;1.0375;-76.6267
CO-735001;3.6206;-75.0941
CO-523008;1.1158;-77.4017
CO-686547;6.881;-73.4098
CO-085027;10.4459;-74.9587
CO-410018;2.9273;-75.2819
CO-053427;6.4916;-74.4033
CO-052077;7.1712;-75.764
CO-253058;4.8137;-74.3545
CO-055060;5.7487;-75.6063
CO-917010;-1.3239;-69.5744
CO-520018;1.2136;-77.2811
CO-251840;4.3323;-73.8614
CO-522020;1.2899;-77.3572
CO-193570;2.452;-76.8103
CO-151047;6.5056;-72.7331
CO-546038;7.741;-73.0483
CO-233009;8.5012;-75.508
CO-760024;3.4372;-76.5225
CO-111211;4.677;-74.0692
CO-154667;5.5546;-73.8657
CO-053840;6.2343;-75.1633
CO-526057;1.3385;-77.5957
CO-731020;4.8624;-74.9098
CO-687501;7.4713;-73.2031
CO-055858;6.0628;-75.7937
CO-528502;1.7986;-78.8156
CO-507058;3.8804;-73.7657
CO-412047;2.7419;-75.5674
CO-110311;4.6041;-74.0318
CO-502049;4.3133;-72.0816
CO-702050;9.1609;-75.0481
CO-272057;5.5665;-76.8134
CO-763001;4.2121;-76.1556
CO-155217;5.9758;-74.5885
CO-052468;7.5836;-75.4007
CO-154401;5.9204;-73.4885
CO-684067;6.8153;-73.2677
CO-520017;1.2136;-77.2811
CO-686569;6.6637;-73.5628
CO-501011;4.2817;-72.794
CO-731067;4.8739;-75.1715
CO-684547;5.8049;-73.9703
CO-153860;5.6154;-73.617
CO-082040;10.777;-74.8534
CO-521549;1.5063;-77.219
CO-732068;5.031;-74.8868
CO-991048;4.4455;-69.799
CO-084001;10.641;-74.7503
CO-273077;4.8885;-76.2965
CO-230550;8.8848;-75.7905
CO-083004;10.9184;-74.7646
CO-131060;9.9832;-75.3016
CO-630004;4.5339;-75.6811
CO-055837;6.1107;-75.7092
CO-153480;5.5005;-73.333
CO-852019;6.109;-71.1377
CO-682527;6.3443;-72.8173
CO-703058;8.5389;-74.6204
CO-150007;5.5353;-73.3678
CO-762510;4.5248;-76.0392
CO-111141;4.7382;-74.1072
CO-191067;3.1748;-76.462
CO-683011;6.308;-73.3202
CO-170003;5.0689;-75.5174
CO-152801;4.8205;-73.1685
CO-051868;6.6474;-75.4603
CO-085068;10.6171;-75.1515
CO-546530;8.2164;-73.2414
CO-412080;2.6635;-75.5175
CO-526049;1.3385;-77.5957
CO-446017;11.2725;-73.3091
CO-541038;7.8339;-72.4742
CO-232537;8.8744;-75.6203
CO-251027;4.9911;-73.8715
CO-194507;1.8386;-76.7719
CO-524528;0.8714;-77.6403
CO-474048;9.5353;-74.1199
CO-273058;4.9551;-76.6053
CO-684047;6.6357;-73.2228
CO-250457;5.2496;-73.7661
CO-150227;5.5955;-73.3082
CO-151020;6.4203;-72.6918
CO-523020;1.0529;-77.5017
CO-234008;7.9792;-75.4202
CO-152867;5.0824;-73.3633
CO-177020;5.0624;-75.8716
CO-194008;2.1783;-76.7626
CO-733549;4.0308;-74.9701
CO-761007;4.3387;-76.1834
CO-546030;7.741;-73.0483
CO-134027;8.5682;-74.5541
CO-081048;10.8281;-75.0334
CO-151609;6.1905;-72.4759
CO-940027;3.8653;-67.9239
CO-112031;4.0247;-74.2961
CO-507057;3.8804;-73.7657
CO-150617;5.911;-72.8093
CO-276037;6.2262;-77.4044
CO-760031;3.4372;-76.5225
CO-660004;4.8133;-75.6961
CO-525528;1.0888;-77.6183
CO-730588;4.7193;-74.9292
CO-470017;11.2408;-74.199
CO-544057;7.2052;-72.7564
CO-851038;6.1023;-72.2528
CO-055413;6.1846;-75.5991
CO-052417;7.9865;-75.1935
CO-687069;7.3483;-73.896
CO-687508;7.4713;-73.2031
CO-080015;10.9685;-74.7813
CO-253447;5.0669;-74.595
CO-250252;5.0221;-74.0048
CO-250217;4.8531;-74.26
CO-056810;6.9848;-76.7544
CO-761550;4.4126;-76.1546
CO-734508;3.8587;-74.9313
CO-190007;2.4382;-76.6132
CO-250240;4.9186;-74.028
CO-230028;8.748;-75.8814
CO-181067;1.4766;-75.4398
CO-050025;6.2518;-75.5636
CO-418068;1.8788;-76.2672
CO-083060;10.7577;-74.7545
CO-500008;4.142;-73.6266
CO-418028;1.9924;-76.0434
CO-186038;1.3287;-75.8782
CO-252630;4.5573;-74.4834
CO-172028;5.6116;-75.4562
CO-731060;4.8739;-75.1715
CO-052810;7.0799;-74.6989
CO-251810;4.4031;-74.0253
CO-527037;1.7417;-77.3352
CO-501038;4.2583;-73.5614
CO-231508;9.3533;-75.9524
CO-856030;5.2142;-72.8695
CO-528078;1.6715;-78.1398
CO-543058;7.3756;-72.6479
CO-251607;4.4867;-73.9375
CO-192057;2.7974;-76.4832
CO-055867;6.1564;-75.7872
CO-446001;11.2725;-73.3091
CO-862028;0.4525;-76.9192
CO-663011;5.2383;-76.0364
CO-680005;7.1254;-73.1198
CO-195047;1.6832;-77.0733
CO-052428;8.0942;-74.7757
CO-193008;2.3425;-76.4958
CO-761528;4.6117;-76.0814
CO-941010;3.5142;-67.4153
CO-683039;5.946;-73.3443
CO-251007;4.9075;-73.9384
CO-760022;3.4372;-76.5225
CO-230557;8.8848;-75.7905
CO-683517;6.5323;-73.1731
CO-053028;6.5984;-75.0114
CO-150449;5.7801;-73.1171
CO-685531;6.1327;-73.4907
CO-415077;2.3934;-75.8923
CO-191567;3.173;-76.2627
CO-632087;4.208;-75.7888
CO-111061;4.6804;-74.0918
CO-250207;4.8727;-74.1444
CO-413008;2.7772;-75.2564
CO-762537;4.2642;-75.9309
CO-153401;5.4002;-73.3354
CO-525068;1.1374;-77.8489
CO-413001;2.7772;-75.2564
CO-275050;4.251;-76.9682
CO-130517;10.5665;-75.325
CO-760010;3.4372;-76.5225
CO-442009;11.3832;-72.2432
CO-411008;3.2222;-75.2367
CO-055850;6.0628;-75.7937
CO-275058;4.251;-76.9682
CO-253467;5.3464;-74.4915
CO-152680;5.2822;-73.169
CO-194509;1.8386;-76.7719
CO-541050;7.5775;-72.4757
CO-475037;9.7903;-74.7824
CO-544037;7.1378;-72.6646
CO-733587;4.0491;-74.832
CO-150667;6.0323;-72.8564
CO-195547;2.0396;-77.2168
CO-178049;5.4216;-75.7032
CO-917017;-1.3239;-69.5744
CO-152847;4.9721;-73.3196
CO-276018;7.1042;-77.762
CO-633027;4.4526;-75.7875
CO-192538;2.5545;-76.0672
CO-525001;0.9087;-77.7915
CO-080013;10.9685;-74.7813
CO-234017;7.7533;-75.5659
CO-133537;8.8191;-74.0575
CO-664047;5.2009;-75.8687
CO-253610;5.0018;-74.3417
CO-944019;3.4842;-69.8108
CO-051048;6.3463;-75.5089
CO-191087;3.1333;-76.3927
CO-521001;1.5306;-77.0216
CO-547079;8.5106;-73.4478
CO-134048;8.5597;-74.2669
CO-664008;5.3396;-75.7302
CO-507009;3.9869;-73.758
CO-730002;4.4389;-75.2322
CO-416089;1.9761;-75.7945
CO-476057;10.1186;-74.6914
CO-176008;5.0449;-75.5146
CO-414007;2.3868;-75.5474
CO-272047;5.3596;-76.7723
CO-200005;10.4631;-73.2532
CO-273017;5.1767;-76.4802
CO-661001;4.8417;-75.6701
CO-050018;6.2518;-75.5636
CO-415027;2.5436;-75.8085
CO-253417;5.0089;-74.4723
CO-131560;10.2522;-75.0198
CO-185010;1.4875;-75.7258
CO-252801;4.6812;-74.7141
CO-686537;6.881;-73.4098
CO-051027;6.4381;-75.3314
CO-632001;4.5295;-75.6409
CO-275037;4.9533;-77.366
CO-542037;7.3098;-72.4829
CO-684507;5.955;-73.7002
CO-201030;9.6572;-73.7468
CO-528529;1.7986;-78.8156
CO-475050;9.9009;-74.8599
CO-861008;1.1764;-76.8784
CO-254020;5.2526;-74.2907
CO-055468;6.1577;-75.6432
CO-250258;5.0221;-74.0048
CO-680531;7.3091;-72.8712
CO-853019;5.4074;-71.6614
CO-205070;7.7611;-73.3922
CO-151067;6.3303;-72.585
CO-417067;1.7236;-76.134
CO-253618;5.0018;-74.3417
CO-194029;2.0063;-76.7803
CO-540004;7.8939;-72.5078
CO-251217;4.866;-73.8775
CO-860008;1.1528;-76.6521
CO-083021;10.8595;-74.7739
CO-083087;10.7405;-74.7544
CO-205078;7.7611;-73.3922
CO-862080;0.6836;-76.6044
CO-761040;3.8605;-76.3836
CO-196068;2.8454;-77.2479
CO-055430;6.0547;-75.5137
CO-080001;10.9685;-74.7813
CO-051040;6.3463;-75.5089
CO-528001;1.905;-78.0492
CO-733507;4.2891;-74.8982
CO-917018;-1.3239;-69.5744
CO-880001;12.5847;-81.7006
CO-501037;4.2583;-73.5614
CO-851037;6.1023;-72.2528
CO-202030;10.3362;-73.182
CO-475017;9.8497;-74.2363
CO-503028;2.8118;-73.0279
CO-057410;7.6664;-76.6811
CO-177088;5.2006;-75.7531
CO-253637;5.1261;-74.3849
CO-054457;6.1383;-75.2642
CO-992050;5.3493;-70.6773
CO-131008;10.3294;-75.4114
CO-704050;8.8606;-75.2806
CO-190539;2.6392;-76.5306
CO-052460;7.5836;-75.4007
CO-735008;3.6206;-75.0941
CO-051448;6.5213;-75.7455
CO-277017;7.4435;-77.1196
CO-110131;4.7351;-74.0263
CO-544558;7.6423;-72.7994
CO-205077;7.7611;-73.3922
CO-503047;2.6221;-72.7572
CO-414047;2.2573;-75.7714
CO-232548;8.9462;-75.4427
CO-177080;5.2006;-75.7531
CO-176040;5.0194;-75.6224
CO-053040;6.4728;-75.1655
CO-730007;4.4389;-75.2322
CO-133510;8.946;-74.1065
CO-056410;6.0464;-75.9071
CO-152288;5.7698;-72.941
CO-760507;3.5861;-76.5011
CO-441027;11.7139;-72.266
CO-521048;1.6725;-77.0139
CO-686027;6.2183;-73.8112
CO-971008;0.615;-69.2081
CO-192087;2.6156;-76.3826
CO-525501;1.131;-77.5481
CO-153247;5.2184;-73.3931
CO-660005;4.8133;-75.6961
CO-153487;5.5005;-73.333
CO-763527;3.6855;-76.3137
CO-153867;5.6154;-73.617
CO-761530;4.5754;-76.1981
CO-151807;5.724;-72.4865
CO-734507;3.8587;-74.9313
CO-507048;3.8272;-73.6883
CO-110551;4.4223;-74.1245
CO-684027;6.6717;-73.1742
CO-254001;5.1328;-74.1598
CO-684069;6.8153;-73.2677
CO-760540;3.822;-76.5224
CO-173048;5.2966;-75.055
CO-131567;10.2522;-75.0198
CO-083006;10.9184;-74.7646
CO-444030;10.7711;-73.0031
CO-133020;9.156;-74.2662
CO-684061;6.8153;-73.2677
CO-522060;1.4181;-77.3968
CO-054829;5.7106;-75.3107
CO-080016;10.9685;-74.7813
CO-500001;4.142;-73.6266
CO-234010;7.7533;-75.5659
CO-735058;3.5915;-75.3818
CO-763041;3.9009;-76.2978
CO-253250;4.8402;-74.6592
CO-411060;3.1533;-75.0531
CO-051457;6.6299;-75.803
CO-083027;10.8595;-74.7739
CO-056037;5.615;-75.6242
CO-856010;5.1728;-72.5471
CO-250437;5.3154;-73.8204
CO-991039;4.4455;-69.799
CO-855010;4.8721;-72.8988
CO-150477;5.8245;-73.0341
CO-251001;4.9075;-73.9384
CO-177040;5.0858;-75.7883
CO-547077;8.5106;-73.4478
CO-446009;11.2725;-73.3091
CO-080007;10.9685;-74.7813
CO-522027;1.2899;-77.3572
CO-232038;9.1218;-75.5163
CO-053838;6.2944;-75.0259
CO-274037;4.8113;-76.8044
CO-470006;11.2408;-74.199
CO-660017;4.8133;-75.6961
CO-634008;4.6747;-75.6583
CO-051427;6.6051;-75.6662
CO-418047;1.9287;-76.211
CO-547010;8.4021;-73.2074
CO-110811;4.6544;-74.154
CO-192537;2.5545;-76.0672
CO-134070;8.2971;-74.4733
CO-763049;3.9009;-76.2978
CO-275018;5.1107;-76.9962
CO-416067;2.3934;-75.8923
CO-702070;9.3068;-75.0339
CO-135040;7.4775;-73.9226
CO-190009;2.4382;-76.6132
CO-940001;3.8653;-67.9239
CO-152420;5.5197;-72.8875
CO-231547;9.2366;-75.7219
CO-084020;10.4591;-74.8797
CO-680001;7.1254;-73.1198
CO-132018;9.9516;-75.082
CO-251238;4.8208;-73.64
CO-191547;3.2204;-76.3139
CO-524061;0.8302;-77.6496
CO-730010;4.4389;-75.2322
CO-057430;7.0002;-76.2691
CO-152460;5.55;-73.05
CO-253027;4.7231;-74.4592
CO-132017;9.9516;-75.082
CO-154828;5.5519;-74.0086
CO-541018;7.8379;-72.5037
CO-546050;7.6392;-73.3358
CO-052060;7.111;-75.5515
CO-761527;4.6117;-76.0814
CO-154648;5.6164;-73.8175
CO-153020;4.9708;-73.3797
CO-152440;5.5583;-72.9876
CO-194087;1.917;-76.8523
CO-250010;4.8094;-74.098
CO-540018;7.8939;-72.5078
CO-057817;8.7592;-76.5297
CO-154407;5.9204;-73.4885
CO-230007;8.748;-75.8814
CO-231528;9.3741;-75.7589
CO-500009;4.142;-73.6266
CO-132547;9.3035;-74.5648
CO-764504;3.5833;-77.0
CO-151640;5.9817;-72.715
CO-503041;2.6221;-72.7572
CO-192517;2.6547;-75.9928
CO-524540;0.8828;-77.701
CO-522067;1.4181;-77.3968
CO-662007;4.8997;-75.8825
CO-700001;9.3047;-75.3978
CO-131040;10.2329;-75.1898
CO-542010;7.5061;-72.4833
CO-053048;6.4728;-75.1655
CO-057068;6.7499;-76.0254
CO-050023;6.2518;-75.5636
CO-861001;1.1764;-76.8784
CO-760004;3.4372;-76.5225
CO-734060;3.935;-74.6004
CO-154670;5.6882;-73.9178
CO-181050;1.4766;-75.4398
CO-151040;6.5056;-72.7331
CO-630007;4.5339;-75.6811
CO-154427;5.9828;-73.4254
CO-528567;2.0965;-78.5857
CO-543057;7.3756;-72.6479
CO-685008;5.9894;-73.7702
CO-545017;7.8771;-72.6243
CO-194067;2.038;-76.9245
CO-733570;3.9292;-75.0152
CO-524067;0.8302;-77.6496
CO-193550;2.2609;-76.7399
CO-052848;6.9102;-75.0776
CO-733048;4.2392;-75.24
CO-250818;5.2162;-73.5949
CO-174030;5.3165;-74.911
CO-687001;7.3915;-73.4957
CO-135020;7.9579;-73.9436
CO-202010;10.3844;-73.1733
CO-503007;2.8118;-73.0279
CO-232058;9.1057;-75.3981
CO-686539;6.881;-73.4098
CO-151448;6.4655;-72.4154
CO-544070;7.3006;-72.7467
CO-055422;6.1759;-75.5917
CO-274057;4.6581;-76.4767
CO-250428;5.3486;-73.9017
CO-684551;5.8772;-73.781
CO-050022;6.2518;-75.5636
CO-521560;1.5749;-77.2867
CO-441009;11.775;-72.4445
CO-505048;3.0264;-74.4361
CO-503029;2.8118;-73.0279
CO-170006;5.0689;-75.5174
CO-544077;7.3006;-72.7467
CO-250030;4.7324;-74.2642
CO-253257;4.8402;-74.6592
CO-855018;4.8721;-72.8988
CO-050002;6.2518;-75.5636
CO-417010;1.9714;-75.9312
CO-850007;5.3378;-72.3959
CO-274050;4.6581;-76.4767
CO-763533;3.5394;-76.3036
CO-252601;4.6303;-74.4633
CO-173027;5.2327;-75.1504
CO-056827;6.5789;-76.8863
CO-682511;6.43;-72.8677
CO-053437;6.2053;-74.5997
CO-232059;9.1057;-75.3981
CO-131020;10.2544;-75.3439
CO-442007;11.3832;-72.2432
CO-685061;5.8637;-73.9617
CO-185070;0.874;-75.6188
CO-522507;1.3578;-77.5272
CO-052447;7.4897;-74.8692
CO-991017;4.4455;-69.799
CO-052418;7.9865;-75.1935
CO-052027;6.9792;-75.2972
CO-684527;5.8774;-73.6781
CO-276077;5.516;-76.9745
CO-760023;3.4372;-76.5225
CO-683528;6.4164;-73.17
CO-506008;3.7954;-73.8406
CO-470009;11.2408;-74.199
CO-732507;4.4423;-75.4287
CO-057438;7.0002;-76.2691
CO-686507;6.9007;-73.2835
CO-134060;8.2373;-74.6677
CO-941039;2.7221;-67.5658
CO-054450;6.1383;-75.2642
CO-992001;5.4906;-70.4092
CO-680006;7.1254;-73.1198
CO-522527;1.2863;-77.4692
CO-171007;5.1665;-75.52
CO-150201;5.6333;-73.3167
CO-253260;4.8017;-74.7418
CO-195507;2.0689;-77.0527
CO-190558;2.757;-76.6172
CO-951007;2.3302;-72.6276
CO-234539;8.258;-76.1493
CO-195501;2.0689;-77.0527
CO-475030;9.7903;-74.7824
CO-150008;5.5353;-73.3678
CO-153457;5.4364;-73.2961
CO-760518;3.65;-76.5698
CO-056070;5.746;-75.9777
CO-130010;10.3997;-75.5144
CO-735550;4.0108;-75.6049
CO-707050;9.6381;-75.4603
CO-273038;5.0935;-76.6497
CO-415040;2.4496;-75.775
CO-546057;7.6392;-73.3358
CO-520001;1.2136;-77.2811
CO-687541;7.0682;-73.1698
CO-701037;9.5325;-75.2238
CO-540007;7.8939;-72.5078
CO-154687;5.7297;-73.9414
CO-193009;2.3425;-76.4958
CO-540008;7.8939;-72.5078
CO-682061;6.7543;-72.9744
CO-683051;6.2464;-73.4183
CO-052427;8.0942;-74.7757
CO-703077;8.3813;-74.6744
CO-526567;1.6517;-77.5822
CO-520578;1.4977;-77.1359
CO-683558;6.4684;-73.2602
CO-733008;4.1326;-75.095
CO-417001;2.0117;-75.9397
CO-761038;4.1571;-76.2885
CO-250810;5.2162;-73.5949
CO-134020;8.5682;-74.5541
CO-202018;10.3844;-73.1733
CO-150001;5.5353;-73.3678
CO-250430;5.3154;-73.8204
CO-151287;6.4115;-72.4488
CO-271050;5.4116;-76.4152
CO-110411;4.5607;-74.0558
CO-177089;5.2006;-75.7531
CO-914057;-0.7333;-73.0167
CO-685517;6.1785;-73.5895
CO-683587;6.5377;-73.2923
CO-150880;6.2298;-72.6901
CO-232057;9.1057;-75.3981
CO-133507;8.7944;-74.1658
CO-111021;4.7064;-74.0964
CO-110441;4.5325;-74.0901
CO-253201;4.8766;-74.4377
CO-251048;5.1029;-73.7985
CO-150461;5.8245;-73.0341
CO-204020;8.8522;-73.8123
CO-154220;5.7566;-73.5395
CO-190501;2.6227;-76.5704
CO-178001;5.4784;-75.5927
CO-191079;3.0359;-76.4079
CO-684517;5.9317;-73.6151
CO-528539;1.7986;-78.8156
CO-685047;5.9183;-73.7911
CO-051810;6.8851;-75.3347
CO-526027;1.2398;-77.5972
CO-684051;6.6378;-73.2888
CO-505008;3.3846;-74.0442
CO-528509;1.7986;-78.8156
CO-173060;5.3835;-75.1612
CO-861068;1.1484;-77.0045
CO-763539;3.5394;-76.3036
CO-230017;8.748;-75.8814
CO-278030;8.0436;-77.0914
CO-150610;5.911;-72.8093
CO-682541;6.1373;-73.0985
CO-703057;8.5389;-74.6204
CO-150401;5.6897;-73.2278
CO-053410;6.2859;-74.6188
CO-412008;2.8917;-75.4375
CO-254027;5.2526;-74.2907
CO-278037;8.0436;-77.0914
CO-991009;4.4455;-69.799
CO-687548;7.0682;-73.1698
CO-850008;5.3378;-72.3959
CO-134007;8.9192;-74.4677
CO-155007;5.5228;-74.2328
CO-193508;2.2546;-76.6109
CO-683031;5.946;-73.3443
CO-056067;5.6561;-75.8788
CO-251808;4.4425;-74.0442
CO-181010;1.6782;-75.2847
CO-055818;6.326;-75.7683
CO-733557;4.0308;-74.9701
CO-271077;5.266;-76.5649
CO-523528;1.0027;-77.4507
CO-681012;6.9879;-73.0495
CO-853010;5.4074;-71.6614
CO-232050;9.1057;-75.3981
CO-250037;4.7324;-74.2642
CO-273050;4.9551;-76.6053
CO-501047;4.3534;-73.7115
CO-734068;3.935;-74.6004
CO-233538;8.3137;-75.1398
CO-733580;4.0491;-74.832
CO-250058;4.5794;-74.2168
CO-051860;6.6474;-75.4603
CO-542057;7.2989;-72.4947
CO-111821;4.5723;-74.1094
CO-528518;1.7986;-78.8156
CO-253657;5.1184;-74.3455
CO-153267;5.3173;-73.3965
CO-522088;1.4599;-77.4454
CO-915018;-0.6217;-72.384
CO-192547;2.5545;-76.0672
CO-685568;6.0134;-73.6735
CO-054050;6.2805;-75.4435
CO-527568;2.286;-78.2933
CO-154247;5.7091;-73.604
CO-055810;6.326;-75.7683
CO-992018;5.4906;-70.4092
CO-523047;1.0595;-77.5655
CO-055077;5.9258;-75.6706
CO-250237;4.9173;-74.0936
CO-474068;9.3315;-74.3471
CO-702018;9.3956;-75.0648
CO-054448;6.0573;-75.1852
CO-085067;10.6171;-75.1515
CO-663007;5.0724;-75.9634
CO-150820;6.1316;-72.7089
CO-178020;5.453;-75.6507
CO-417007;2.0117;-75.9397
CO-731567;5.1526;-75.0362
CO-702010;9.3956;-75.0648
CO-684531;5.7614;-73.9178
CO-185058;1.1951;-75.7071
CO-194028;2.0063;-76.7803
CO-190517;2.6227;-76.5704
CO-944017;3.4842;-69.8108
CO-178057;5.4216;-75.7032
CO-662010;4.9517;-75.9572
CO-111511;4.5889;-74.103
CO-500002;4.142;-73.6266
CO-664010;5.3157;-75.7983
CO-861087;1.0375;-76.6267
CO-054028;6.1736;-75.3362
CO-528039;1.6966;-78.2448
CO-522007;1.3594;-77.2837
CO-080005;10.9685;-74.7813
CO-200004;10.4631;-73.2532
CO-110881;4.6388;-74.1757
CO-944057;2.8101;-70.2856
CO-153207;5.0708;-73.4246
CO-730528;4.5661;-74.9623
CO-193529;2.3502;-76.6834
CO-703078;8.3813;-74.6744
CO-544038;7.1378;-72.6646
CO-731507;5.0307;-75.1161
CO-133001;9.0919;-74.3597
CO-682037;6.6732;-72.8087
CO-254057;5.3015;-74.0695
CO-731027;4.8624;-74.9098
CO-732027;5.1989;-74.8929
CO-232527;8.8744;-75.6203
CO-991049;4.4455;-69.799
CO-252207;4.3072;-74.3006
CO-110321;4.5806;-74.0421
CO-760040;3.4372;-76.5225
CO-253007;4.7318;-74.3413
CO-185018;1.4875;-75.7258
CO-735588;3.5308;-75.6806
CO-276057;5.6741;-77.2909
CO-410003;2.9273;-75.2819
CO-132037;9.8277;-75.1217
CO-760044;3.4372;-76.5225
CO-202007;10.3909;-72.992
CO-663030;5.1064;-75.9432
CO-761027;4.2122;-76.3195
CO-153420;5.3564;-73.2092
CO-194027;2.0063;-76.7803
CO-111971;4.4883;-74.1529
CO-524007;0.8591;-77.5195
CO-232501;8.7958;-75.6995
CO-232557;8.9462;-75.4427
CO-680003;7.1254;-73.1198
CO-733547;4.0308;-74.9701
CO-660002;4.8133;-75.6961
CO-173001;5.2839;-75.2602
CO-417078;1.6867;-76.0207
CO-183027;1.3349;-74.8429
CO-183018;1.3349;-74.8429
CO-476001;10.4028;-74.8242
CO-191047;3.0095;-76.4849
CO-054428;6.1879;-74.9931
CO-683527;6.4164;-73.17
CO-701078;9.3335;-75.3054
CO-522520;1.2863;-77.4692
CO-191048;3.0095;-76.4849
CO-083005;10.9184;-74.7646
CO-151001;6.3337;-72.6828
CO-970009;1.2578;-70.2347
CO-193589;2.452;-76.8103
CO-155201;5.9758;-74.5885
CO-544058;7.2052;-72.7564
CO-415047;2.4496;-75.775
CO-185078;0.874;-75.6188
CO-445001;10.6053;-72.98
CO-056868;6.1128;-75.9838
CO-056010;5.7921;-75.786
CO-251230;4.8208;-73.64
CO-942057;1.2451;-66.8647
CO-527589;2.5086;-78.4511
CO-152218;5.7143;-72.9339
CO-528060;1.6715;-78.1398
CO-185030;1.292;-75.5117
CO-687067;7.3483;-73.896
CO-203060;9.1999;-73.5427
CO-681548;6.5288;-72.6959
CO-081067;10.7485;-75.1078
CO-150462;5.8245;-73.0341
CO-473047;9.0011;-73.9758
CO-230529;8.9583;-75.8363
CO-152827;4.8605;-73.2623
CO-194508;1.8386;-76.7719
CO-054447;6.0573;-75.1852
CO-051051;6.3373;-75.558
CO-133550;8.8653;-73.9114
CO-546557;8.2377;-73.356
CO-733529;4.1492;-74.8843
CO-682567;6.34;-73.1221
CO-173020;5.2327;-75.1504
CO-053827;6.3774;-75.1406
CO-478037;10.7964;-74.178
CO-053057;6.5383;-75.0886
CO-085007;10.6296;-74.9206
CO-853039;5.4214;-71.7317
CO-152610;5.2268;-73.1261
CO-445020;10.5589;-73.0123
CO-852010;6.109;-71.1377
CO-973007;1.014;-71.2962
CO-528528;1.7986;-78.8156
CO-412007;2.8917;-75.4375
CO-130005;10.3997;-75.5144
CO-190548;2.6392;-76.5306
CO-760008;3.4372;-76.5225
CO-473049;9.0011;-73.9758
CO-545558;8.041;-72.8654
CO-186050;1.0333;-75.9191
CO-232010;9.1489;-75.6284
CO-232020;9.1866;-75.5547
CO-195530;2.0396;-77.2168
CO-132507;9.5861;-74.8271
CO-110841;4.6075;-74.1458
CO-254007;5.1328;-74.1598
CO-056467;5.8539;-76.0253
CO-057867;8.0926;-76.7282
CO-084007;10.641;-74.7503
CO-172040;5.5271;-75.4593
CO-252407;4.306;-74.6208
CO-056440;5.7918;-75.841
CO-411020;3.2205;-75.2186
CO-686041;6.3142;-73.9497
CO-763550;3.4211;-76.2447
CO-253057;4.8137;-74.3545
CO-506007;3.7954;-73.8406
CO-175030;5.4478;-74.6631
CO-763560;3.3223;-76.2348
CO-864007;-0.1934;-74.7819
CO-151427;6.9989;-72.1092
CO-231507;9.3533;-75.9524
CO-527560;2.286;-78.2933
CO-130530;10.4436;-75.2731
CO-250817;5.2162;-73.5949
CO-443049;10.9576;-72.7877
CO-661047;4.9372;-75.7378
CO-664048;5.2009;-75.8687
CO-252010;4.1911;-74.4875
CO-410007;2.9273;-75.2819
CO-250420;5.3486;-73.9017
CO-733517;4.29;-74.8161
CO-683049;6.159;-73.4476
CO-276019;7.1042;-77.762
CO-133518;8.946;-74.1065
CO-680547;7.2022;-72.965
CO-250807;5.1447;-73.6858
CO-052037;7.0303;-75.5906
CO-175001;5.5778;-74.8852
CO-734520;3.7512;-74.93
CO-250440;5.2478;-73.8524
CO-851030;6.1023;-72.2528
CO-054440;6.0573;-75.1852
CO-634001;4.6747;-75.6583
CO-111941;4.5618;-74.1608
CO-050004;6.2518;-75.5636
CO-112041;3.8584;-74.3534
CO-856057;5.2318;-72.7604
CO-521529;1.6045;-77.1315
CO-053428;6.4916;-74.4033
CO-251010;4.9653;-73.913
CO-761517;4.7234;-76.1191
CO-252837;4.3978;-74.8273
CO-192570;2.5159;-76.4044
CO-057018;7.0212;-75.9093
CO-522048;1.2985;-77.4061
CO-155027;5.5194;-74.1777
CO-131069;9.9832;-75.3016
CO-943058;2.4298;-69.8328
CO-278058;7.4435;-77.1196
CO-051038;6.3771;-75.4478
CO-181057;1.4766;-75.4398
CO-130013;10.3997;-75.5144
CO-180017;1.6144;-75.6062
CO-850002;5.3378;-72.3959
CO-991057;4.4455;-69.799
CO-851058;5.8297;-72.1633
CO-763030;3.9945;-76.2288
CO-441018;11.775;-72.4445
CO-505021;2.1837;-73.7848
CO-133047;8.9564;-74.0782
CO-941037;2.7221;-67.5658
CO-418067;1.8788;-76.2672
CO-992017;5.4906;-70.4092
CO-445008;10.6053;-72.98
CO-057038;6.7187;-75.9073
CO-057447;6.8994;-76.1742
CO-110871;4.6455;-74.1675
CO-700007;9.3047;-75.3978
CO-132519;9.242;-74.7547
CO-273030;5.0935;-76.6497
CO-132050;9.7174;-75.1202
CO-151260;6.4453;-72.4627
CO-734567;3.3918;-74.9334
CO-254047;5.3636;-74.1458
CO-913057;-1.0333;-74.0333
CO-153460;5.5124;-73.2444
CO-682519;6.3443;-72.8173
CO-682529;6.3443;-72.8173
CO-055057;5.8746;-75.5671
CO-470004;11.2408;-74.199
CO-441048;11.7139;-72.266
CO-411087;3.3761;-74.8015
CO-730001;4.4389;-75.2322
CO-972008;0.1814;-70.91
CO-192508;2.6547;-75.9928
CO-505041;3.0264;-74.4361
CO-526001;1.2633;-77.5138
CO-940008;3.8653;-67.9239
CO-951008;2.3302;-72.6276
CO-205030;8.3894;-73.3799
CO-055040;5.9449;-75.5243
CO-544030;7.1378;-72.6646
CO-150620;5.9557;-72.9478
CO-110211;4.6687;-74.0263
CO-055058;5.8746;-75.5671
CO-252657;4.5195;-74.5929
CO-183017;1.3349;-74.8429
CO-195068;1.8017;-77.1703
CO-507051;3.8804;-73.7657
CO-731520;5.0796;-75.1206
CO-251037;5.05;-73.8833
CO-181058;1.4766;-75.4398
CO-251030;5.05;-73.8833
CO-054027;6.1736;-75.3362
CO-175007;5.5778;-74.8852
CO-541017;7.8379;-72.5037
CO-111321;4.6439;-74.092
CO-201050;9.2578;-73.8123
CO-852018;6.109;-71.1377
CO-134548;8.2752;-73.8688
CO-235027;8.894;-76.3546
CO-415080;2.1976;-75.9799
CO-054030;6.0824;-75.3351
CO-251837;4.3392;-73.9385
CO-151847;5.5622;-72.575
CO-057030;6.7187;-75.9073
CO-764507;3.5833;-77.0
CO-057810;8.7592;-76.5297
CO-274030;4.8113;-76.8044
CO-734020;4.177;-74.5325
CO-253237;4.8738;-74.5624
CO-683551;6.4684;-73.2602
CO-134507;8.5874;-73.839
CO-190550;2.757;-76.6172
CO-730006;4.4389;-75.2322
CO-155209;5.9758;-74.5885
CO-054817;5.9643;-75.1016
CO-952001;1.3367;-71.9511
CO-152448;5.5583;-72.9876
CO-111121;4.7115;-74.08
CO-762010;4.7972;-75.995
CO-185077;0.874;-75.6188
CO-051057;6.3373;-75.558
CO-052438;7.6035;-74.8095
CO-762547;4.3324;-75.8267
CO-176047;5.0194;-75.6224
CO-151407;6.5564;-72.5038
CO-444037;10.7711;-73.0031
CO-253040;4.7897;-74.4618
CO-682009;6.8115;-72.8493
CO-730003;4.4389;-75.2322
CO-251067;4.9366;-73.8331
CO-191008;3.014;-76.6461
CO-735501;3.9361;-75.2217
CO-541057;7.5775;-72.4757
CO-703010;8.929;-75.0271
CO-732060;5.031;-74.8868
CO-501001;4.5696;-72.9668
CO-191001;3.014;-76.6461
CO-274038;4.8113;-76.8044
CO-762022;4.7464;-75.9117
CO-687007;7.3915;-73.4957
CO-526058;1.3385;-77.5957
CO-540013;7.8939;-72.5078
CO-252037;4.0881;-74.4775
CO-201008;10.4171;-73.5804
CO-194501;1.8386;-76.7719
CO-251601;4.4867;-73.9375
CO-251218;4.866;-73.8775
CO-153440;5.4087;-73.2957
CO-682008;6.8115;-72.8493
CO-056867;6.1128;-75.9838
CO-252847;4.4582;-74.6343
CO-760528;3.6569;-76.6886
CO-154608;5.6964;-73.7693
CO-231540;9.2366;-75.7219
CO-680568;7.3223;-73.0152
CO-683017;6.308;-73.3202
CO-195539;2.0396;-77.2168
CO-110831;4.6292;-74.1301
CO-234518;8.1736;-76.0592
CO-132527;9.242;-74.7547
CO-051820;6.8145;-75.2406
CO-683047;6.159;-73.4476
CO-253607;4.9788;-74.2927
CO-054017;6.2328;-75.3361
CO-250001;4.8588;-74.0587
CO-522501;1.3578;-77.5272
CO-762528;4.3946;-76.0715
CO-130001;10.3997;-75.5144
CO-414067;2.2665;-75.8044
CO-703037;8.8114;-74.7208
CO-152080;5.8305;-72.8842
CO-170009;5.0689;-75.5174
CO-687579;7.1132;-73.2178
CO-276038;6.2262;-77.4044
CO-131547;10.2226;-74.9969
CO-418007;2.0501;-75.9767
CO-056847;6.4051;-75.9825
CO-682551;6.2858;-73.1472
CO-685527;6.1816;-73.531
CO-051047;6.3463;-75.5089
CO-541077;7.6073;-72.6011
CO-154609;5.6964;-73.7693
CO-681509;6.8431;-72.694
CO-053047;6.4728;-75.1655
CO-687033;7.0653;-73.8547
CO-546058;7.6392;-73.3358
CO-250617;5.3842;-73.6862
CO-951017;2.3302;-72.6276
CO-083080;10.7405;-74.7544
CO-416088;1.9761;-75.7945
CO-253487;5.463;-74.6544
CO-410002;2.9273;-75.2819
CO-863008;0.9645;-76.408
CO-251850;4.2147;-73.8172
CO-478047;10.9938;-74.2844
CO-685569;6.0134;-73.6735
CO-132557;9.2631;-74.6569
CO-051818;6.8851;-75.3347
CO-200008;10.4631;-73.2532
CO-056460;5.8539;-76.0253
CO-546517;8.3233;-73.1489
CO-760026;3.4372;-76.5225
CO-205037;8.3894;-73.3799
CO-253052;4.8137;-74.3545
CO-194068;2.038;-76.9245
CO-446007;11.2725;-73.3091
CO-054818;5.9643;-75.1016
CO-540006;7.8939;-72.5078
CO-134520;8.4593;-73.9433
CO-524520;0.8714;-77.6403
CO-253267;4.8017;-74.7418
CO-731528;5.0796;-75.1206
CO-478020;10.7964;-74.178
CO-682538;6.2946;-73.0402
CO-250051;4.5794;-74.2168
CO-684521;5.8774;-73.6781
CO-732067;5.031;-74.8868
CO-152230;5.5801;-72.9669
CO-053420;6.4916;-74.4033
CO-172007;5.4073;-75.4875
CO-230029;8.748;-75.8814
CO-250808;5.1447;-73.6858
CO-682021;6.6587;-72.7334
CO-527520;2.4769;-78.1105
CO-052828;7.0308;-74.5333
CO-202038;10.3362;-73.182
CO-476068;10.025;-74.6228
CO-681518;6.7662;-72.694
CO-525520;1.0888;-77.6183
CO-706050;9.4041;-75.6963
CO-545537;8.0829;-72.8007
CO-152027;5.8026;-72.8059
CO-150840;6.1459;-72.5708
CO-952009;1.3367;-71.9511
CO-154677;5.6882;-73.9178
CO-816019;7.0292;-71.4281
CO-232008;9.2377;-75.6749
CO-084047;10.3781;-74.8836
CO-234509;8.1736;-76.0592
CO-735508;3.9361;-75.2217
CO-682038;6.6732;-72.8087
CO-682517;6.43;-72.8677
CO-080010;10.9685;-74.7813
CO-111176;4.823;-74.0579
CO-055411;6.1846;-75.5991
CO-111151;4.7494;-74.1178
CO-276030;6.2262;-77.4044
CO-052850;7.1833;-75.0667
CO-444001;10.8969;-72.8861
CO-272020;5.3707;-76.6044
CO-686568;6.6637;-73.5628
CO-054058;6.2805;-75.4435
CO-252668;4.4371;-74.5216
CO-705050;9.1019;-75.1951
CO-111111;4.7101;-74.0627
CO-193577;2.452;-76.8103
CO-417017;1.9714;-75.9312
CO-193597;2.452;-76.8103
CO-682067;6.7543;-72.9744
CO-193520;2.3502;-76.6834
CO-683061;6.2452;-73.4966
CO-548037;8.3636;-72.4063
CO-152247;5.612;-72.9793
CO-478001;11.007;-74.2476
CO-735078;3.197;-75.6451
CO-763531;3.5394;-76.3036
CO-191528;3.2499;-76.2281
CO-502059;4.3133;-72.0816
CO-520037;1.2136;-77.2811
CO-523068;0.9749;-77.5274
CO-151060;6.3303;-72.585
CO-250070;4.4842;-74.245
CO-250627;5.4043;-73.7964
CO-195069;1.8017;-77.1703
CO-203027;9.5623;-73.3341
CO-130007;10.3997;-75.5144
CO-542038;7.3098;-72.4829
CO-528508;1.7986;-78.8156
CO-682018;6.699;-72.7323
CO-057458;6.7713;-76.1332
CO-205017;8.3084;-73.6166
CO-684028;6.6717;-73.1742
CO-445040;10.5167;-73.0833
CO-441038;11.7139;-72.266
CO-053027;6.5984;-75.0114
CO-991038;4.4455;-69.799
CO-050043;6.2518;-75.5636
CO-442008;11.3832;-72.2432
CO-195019;1.8399;-76.9689
CO-231039;9.2365;-75.8135
CO-682041;6.6052;-73.0681
CO-051450;6.6299;-75.803
CO-057020;6.8489;-75.8171
CO-250630;5.4519;-73.8144
CO-682561;6.34;-73.1221
CO-252237;4.3206;-74.4872
CO-055847;6.04;-75.7032
CO-520039;1.2136;-77.2811
CO-056860;6.1128;-75.9838
CO-411040;3.0669;-75.1378
CO-250020;4.7164;-74.212
CO-762037;4.7044;-75.7403
CO-703018;8.929;-75.0271
CO-500005;4.142;-73.6266
CO-686508;6.9007;-73.2835
CO-253608;4.9788;-74.2927
CO-681017;6.9879;-73.0495
CO-972048;-0.5636;-69.6336
CO-201027;9.9689;-73.8836
CO-203047;9.3624;-73.6031
CO-441037;11.7139;-72.266
CO-661027;4.8681;-75.6214
CO-111831;4.5592;-74.1141
CO-411088;3.3761;-74.8015
CO-051037;6.3771;-75.4478
CO-707030;9.4915;-75.3615
CO-053448;5.8726;-74.6403
CO-252408;4.306;-74.6208
CO-681037;6.9902;-72.907
CO-861040;1.1903;-76.9737
CO-051430;6.5654;-75.5169
CO-132047;9.745;-74.8815
CO-052057;7.0131;-75.6953
CO-520509;1.3902;-77.1598
CO-152020;5.8026;-72.8059
CO-816017;7.0292;-71.4281
CO-523027;1.0529;-77.5017
CO-153030;4.9854;-73.4327
CO-250078;4.4842;-74.245
CO-684537;5.7614;-73.9178
CO-687558;7.0682;-73.1698
CO-275017;5.1107;-76.9962
CO-252608;4.6303;-74.4633
CO-542030;7.3098;-72.4829
CO-195007;1.8399;-76.9689
CO-702017;9.3956;-75.0648
CO-052437;7.6035;-74.8095
CO-277018;7.4435;-77.1196
CO-111631;4.6028;-74.114
CO-050027;6.2518;-75.5636
CO-524030;0.8074;-77.5722
CO-251801;4.4425;-74.0442
CO-527587;2.5086;-78.4511
CO-054018;6.2328;-75.3361
CO-700003;9.3047;-75.3978
CO-663008;5.0724;-75.9634
CO-527068;1.9339;-77.3025
CO-501021;4.2708;-73.4867
CO-110431;4.5343;-74.0673
CO-526507;1.49;-77.5835
CO-443047;10.9576;-72.7877
CO-734501;3.8587;-74.9313
CO-664001;5.3396;-75.7302
CO-523540;0.8837;-77.5032
CO-953008;1.9596;-72.6531
CO-152467;5.55;-73.05
CO-684058;6.6378;-73.2888
CO-186017;1.4183;-75.8775
CO-153057;5.0062;-73.4727
CO-705057;9.1019;-75.1951
CO-052827;7.0308;-74.5333
CO-507041;3.8272;-73.6883
CO-195001;1.8399;-76.9689
CO-760030;3.4372;-76.5225
CO-253437;5.1873;-74.481
CO-733577;3.9292;-75.0152
CO-762538;4.2642;-75.9309
CO-205048;8.2919;-73.3849
CO-687008;7.3915;-73.4957
CO-525008;0.9087;-77.7915
CO-687547;7.0682;-73.1698
CO-153217;5.1486;-73.3994
CO-250620;5.4043;-73.7964
CO-251017;4.9653;-73.913
CO-525558;1.0333;-77.6
CO-084067;10.3335;-74.8802
CO-053467;6.552;-74.7874
CO-057869;8.0926;-76.7282
CO-251407;4.3758;-73.2155
CO-083067;10.7577;-74.7545
CO-474040;9.5353;-74.1199
CO-681537;6.5057;-72.593
CO-630002;4.5339;-75.6811
CO-172048;5.5271;-75.4593
CO-763557;3.4211;-76.2447
CO-734027;4.177;-74.5325
CO-706057;9.4041;-75.6963
CO-525570;1.2656;-77.7356
CO-152280;5.7698;-72.941
CO-051837;6.6818;-75.2191
CO-685557;6.062;-73.6372
CO-052047;6.9189;-75.6641
CO-250230;4.9173;-74.0936
CO-705079;9.1836;-75.3817
CO-154467;6.0175;-73.547
CO-707010;9.7359;-75.5263
CO-762017;4.7972;-75.995
CO-548050;8.5756;-73.0949
CO-527567;2.286;-78.2933
CO-760002;3.4372;-76.5225
CO-683567;6.4429;-73.3369
CO-733597;4.1473;-74.7201
CO-051867;6.6474;-75.4603
CO-528008;1.905;-78.0492
CO-203001;9.7041;-73.2793
CO-233008;8.5012;-75.508
CO-195508;2.0689;-77.0527
CO-252250;4.52;-74.3526
CO-273037;5.0935;-76.6497
CO-416080;1.9761;-75.7945
CO-683021;6.2639;-73.2988
CO-134510;8.5269;-74.0374
CO-730507;4.5383;-74.8817
CO-155028;5.5194;-74.1777
CO-523507;1.0947;-77.3948
CO-252008;4.2725;-74.4151
CO-155060;5.6567;-74.1825
CO-522508;1.3578;-77.5272
CO-056857;6.3032;-75.8538
CO-274018;5.1605;-76.684
CO-080020;10.9685;-74.7813
CO-230002;8.748;-75.8814
CO-254037;5.2737;-74.1961
CO-470005;11.2408;-74.199
CO-152201;5.7215;-72.8491
CO-763508;3.7638;-76.3329
CO-525038;1.1811;-77.9612
CO-540010;7.8939;-72.5078
CO-505001;3.3846;-74.0442
CO-731007;4.784;-74.7627
CO-081040;10.8281;-75.0334
CO-081020;10.8756;-74.9787
CO-250607;5.3071;-73.7115
CO-410008;2.9273;-75.2819
CO-176048;5.0194;-75.6224
CO-252820;4.5157;-74.7894
CO-545510;7.9325;-72.6013
CO-253210;4.8774;-74.4674
CO-952008;1.3367;-71.9511
CO-057058;6.5332;-75.9028
CO-252007;4.2725;-74.4151
CO-526501;1.49;-77.5835
CO-190008;2.4382;-76.6132
CO-852057;5.7299;-72.0016
CO-416047;2.0248;-75.7559
CO-055047;5.9449;-75.5243
CO-131028;10.2544;-75.3439
CO-473001;9.2378;-74.3517
CO-230559;8.8848;-75.7905
CO-251428;4.5101;-73.3498
CO-253010;4.7588;-74.3802
CO-055067;5.7487;-75.6063
CO-054047;6.1551;-75.3737
CO-476050;10.1186;-74.6914
CO-685541;6.0251;-73.5731
CO-910007;-4.2153;-69.9406
CO-181017;1.6782;-75.2847
CO-685511;6.1785;-73.5895
CO-861020;1.203;-76.9227
CO-417030;1.8537;-76.0507
CO-053050;6.5383;-75.0886
CO-686538;6.881;-73.4098
CO-503061;2.9383;-73.2083
CO-684038;6.5595;-73.1364
CO-150860;6.3206;-72.5628
CO-178027;5.453;-75.6507
CO-476058;10.1186;-74.6914
CO-153827;5.5185;-73.7224
CO-445007;10.6053;-72.98
CO-194020;2.0063;-76.7803
CO-051058;6.3373;-75.558
CO-760003;3.4372;-76.5225
CO-682528;6.3443;-72.8173
CO-952007;1.3367;-71.9511
CO-202058;10.0367;-73.2356
CO-270002;5.6919;-76.6583
CO-232540;8.9462;-75.4427
CO-413060;2.5833;-75.45
CO-132548;9.3035;-74.5648
CO-684068;6.8153;-73.2677
CO-251628;4.529;-73.9227
CO-735507;3.9361;-75.2217
CO-521007;1.5306;-77.0216
CO-682539;6.2946;-73.0402
CO-252201;4.3072;-74.3006
CO-474007;9.5211;-74.6491
CO-501018;4.2817;-72.794
CO-252020;4.1786;-74.4231
CO-234001;7.9792;-75.4202
CO-054020;6.1736;-75.3362
CO-131010;10.2717;-75.4422
CO-057028;6.8489;-75.8171
CO-547039;8.7637;-73.1569
CO-131047;10.2329;-75.1898
CO-111811;4.5825;-74.1185
CO-180001;1.6144;-75.6062
CO-683569;6.4429;-73.3369
CO-252219;4.3365;-74.3638
CO-731040;4.9218;-75.0623
CO-196030;2.7717;-77.6654
CO-862069;0.5133;-76.5007
CO-521508;1.5368;-77.1014
CO-410005;2.9273;-75.2819
CO-440007;11.5444;-72.9072
CO-526520;1.5147;-77.5044
CO-053837;6.2944;-75.0259
CO-050015;6.2518;-75.5636
CO-701070;9.3335;-75.3054
CO-630001;4.5339;-75.6811
CO-085008;10.6296;-74.9206
CO-476007;10.4028;-74.8242
CO-191039;3.0095;-76.4849
CO-730017;4.4389;-75.2322
CO-527039;1.7417;-77.3352
CO-521047;1.6725;-77.0139
CO-520517;1.3902;-77.1598
CO-810007;7.0847;-70.7591
CO-052440;7.4897;-74.8692
CO-940009;3.8653;-67.9239
CO-682508;6.4756;-72.9705
CO-110541;4.4788;-74.1081
CO-543030;7.4364;-72.6381
CO-111921;4.5882;-74.1718
CO-525529;1.0888;-77.6183
CO-051827;6.8145;-75.2406
CO-522548;1.2081;-77.4655
CO-253660;5.061;-74.2372
CO-418020;1.9924;-76.0434
CO-735050;3.5915;-75.3818
CO-524580;0.9609;-77.7316
CO-686001;6.6515;-74.0573
CO-854038;5.0183;-72.7492
CO-528038;1.6966;-78.2448
CO-172027;5.6116;-75.4562
CO-521527;1.6045;-77.1315
CO-081060;10.7485;-75.1078
CO-250228;4.9261;-74.173
CO-150887;6.2298;-72.6901
CO-202037;10.3362;-73.182
CO-735557;4.0108;-75.6049
CO-682549;6.1373;-73.0985
CO-735560;3.7231;-75.4832
CO-050040;6.2518;-75.5636
CO-153601;5.3854;-73.3636
CO-152601;5.2;-73.05
CO-853018;5.4074;-71.6614
CO-055068;5.7487;-75.6063
CO-252667;4.4371;-74.5216
CO-272037;5.2854;-76.645
CO-521507;1.5368;-77.1014
CO-051440;6.5213;-75.7455
CO-477007;10.8916;-74.6297
CO-733578;3.9292;-75.0152
CO-250208;4.8727;-74.1444
CO-943019;1.8442;-69.0064
CO-186057;1.0333;-75.9191
CO-880027;13.3754;-81.3691
CO-545539;8.0829;-72.8007
CO-131007;10.3294;-75.4114
CO-733040;4.2392;-75.24
CO-153240;5.2184;-73.3931
CO-416001;2.1125;-75.8242
CO-813018;6.2805;-71.1
CO-700017;9.3047;-75.3978
CO-173068;5.3835;-75.1612
CO-547057;8.4641;-73.3447
CO-682051;6.6935;-73.0208
CO-195060;1.8017;-77.1703
CO-412067;2.6487;-75.6346
CO-682507;6.4756;-72.9705
CO-501031;4.2583;-73.5614
CO-916058;-0.6853;-71.1859
CO-152469;5.55;-73.05
CO-250052;4.5794;-74.2168
CO-764501;3.5833;-77.0
CO-851070;5.6406;-72.1986
CO-051447;6.5213;-75.7455
CO-686058;6.3142;-73.9497
CO-731508;5.0307;-75.1161
CO-520019;1.2136;-77.2811
CO-545550;8.041;-72.8654
CO-150801;6.0896;-72.7243
CO-944058;2.8101;-70.2856
CO-540011;7.8939;-72.5078
CO-525009;0.9087;-77.7915
CO-252648;4.5203;-74.5394
CO-151627;6.0403;-72.6351
CO-761510;4.7234;-76.1191
CO-250017;4.8094;-74.098
CO-761507;4.7628;-76.221
CO-153001;4.8856;-73.3689
CO-251047;5.1029;-73.7985
CO-760046;3.4372;-76.5225
CO-524038;0.8074;-77.5722
CO-050011;6.2518;-75.5636
CO-735538;3.9142;-75.4801
CO-686029;6.2183;-73.8112
CO-544520;7.5394;-72.7724
CO-911030;-2.8786;-69.7442
CO-232549;8.9462;-75.4427
CO-250257;5.0221;-74.0048
CO-254040;5.3636;-74.1458
CO-477040;10.4903;-74.7946
CO-682048;6.6052;-73.0681
CO-507019;3.7116;-73.2434
CO-271037;5.496;-76.5494
CO-856037;5.2142;-72.8695
CO-735070;3.197;-75.6451
CO-760014;3.4372;-76.5225
CO-413040;2.5238;-75.3173
CO-057437;7.0002;-76.2691
CO-864001;-0.1934;-74.7819
CO-153248;5.2184;-73.3931
CO-680507;7.3663;-72.9836
CO-862047;0.3431;-76.9112
CO-057010;7.0212;-75.9093
CO-853030;5.4214;-71.7317
CO-411007;3.2222;-75.2367
CO-233537;8.3137;-75.1398
CO-547037;8.7637;-73.1569
CO-153667;5.4927;-73.4854
CO-052070;7.1712;-75.764
CO-810009;7.0847;-70.7591
CO-703050;8.5389;-74.6204
CO-417047;1.8537;-76.0507
CO-181030;1.5701;-75.3286
CO-475001;10.1108;-74.2601
CO-251867;4.2547;-74.0025
CO-546558;8.2377;-73.356
CO-681541;6.5288;-72.6959
CO-685567;6.0134;-73.6735
CO-231501;9.3533;-75.9524
CO-681019;6.9879;-73.0495
CO-151447;6.4655;-72.4154
CO-470007;11.2408;-74.199
CO-683501;6.5933;-73.2455
CO-133027;9.156;-74.2662
CO-190507;2.6227;-76.5704
CO-687519;7.2646;-73.1501
CO-441029;11.7139;-72.266
CO-191007;3.014;-76.6461
CO-152060;5.8297;-72.8433
CO-250038;4.7324;-74.2642
CO-683568;6.4429;-73.3369
CO-134008;8.9192;-74.4677
CO-683531;6.3636;-73.244
CO-133567;8.6657;-73.8215
CO-501051;4.461;-73.6805
CO-542017;7.5061;-72.4833
CO-413048;2.5238;-75.3173
CO-051840;6.7244;-75.2817
CO-111156;4.7432;-74.0653
CO-204060;8.6187;-73.8027
CO-687542;7.0682;-73.1698
CO-524560;0.8757;-77.7364
CO-253448;5.0669;-74.595
CO-632047;4.3539;-75.7178
CO-201058;9.2578;-73.8123
CO-154808;5.6586;-73.9825
CO-112011;4.2127;-74.1848
CO-506001;3.7954;-73.8406
CO-525007;0.9087;-77.7915
CO-081047;10.8281;-75.0334
CO-684557;5.8772;-73.781
CO-414060;2.2665;-75.8044
CO-056840;6.4051;-75.9825
CO-548058;8.5756;-73.0949
CO-190017;2.4382;-76.6132
CO-050042;6.2518;-75.5636
CO-151801;5.724;-72.4865
CO-415068;2.3934;-75.8923
CO-111031;4.7175;-74.137
CO-706017;9.5239;-75.5814
CO-523547;0.8837;-77.5032
CO-943059;2.4298;-69.8328
CO-205007;8.3228;-73.7427
CO-682007;6.8115;-72.8493
CO-052020;6.9792;-75.2972
CO-814058;6.6965;-71.8569
CO-527067;1.9339;-77.3025
CO-501007;4.5696;-72.9668
CO-252850;4.3765;-74.67
CO-153408;5.4002;-73.3354
CO-056430;5.8647;-75.8219
CO-472020;10.5207;-74.185
CO-735587;3.5308;-75.6806
CO-111161;4.7688;-74.0978
CO-520029;1.2136;-77.2811
CO-506048;3.5636;-73.7949
CO-152407;5.3842;-72.697
CO-731047;4.9218;-75.0623
CO-252810;4.5631;-74.6952
CO-275010;5.1107;-76.9962
CO-082007;10.8969;-74.886
CO-761028;4.2122;-76.3195
CO-053830;6.2944;-75.0259
CO-528069;1.6715;-78.1398
CO-521027;1.5841;-76.9239
CO-186030;1.3287;-75.8782
CO-991007;4.4455;-69.799
CO-992008;5.4906;-70.4092
CO-052820;7.0308;-74.5333
CO-153660;5.4927;-73.4854
CO-504028;3.4626;-73.6216
CO-253220;4.8725;-74.5393
CO-056820;6.5789;-76.8863
CO-057878;8.4263;-76.7893
CO-151240;6.4828;-72.4972
CO-761001;4.3387;-76.1834
CO-854010;4.8172;-72.2886
CO-474027;9.3212;-74.5685
CO-132059;9.7174;-75.1202
CO-916017;0.0551;-71.222
CO-523520;1.0027;-77.4507
CO-176001;5.0449;-75.5146
CO-195008;1.8399;-76.9689
CO-251420;4.5101;-73.3498
CO-520530;1.412;-76.9853
CO-523067;0.9749;-77.5274
CO-995009;5.3493;-70.6773
CO-760042;3.4372;-76.5225
CO-732020;5.1989;-74.8929
CO-154607;5.6964;-73.7693
CO-681027;6.9879;-73.0495
CO-250801;5.1447;-73.6858
CO-763501;3.7638;-76.3329
CO-152268;5.7463;-72.9983
CO-504048;3.3699;-73.8727
CO-250417;5.199;-73.8913
CO-231037;9.2365;-75.8135
CO-441058;11.7139;-72.266
CO-153220;5.1138;-73.4587
CO-683518;6.5323;-73.1731
CO-153447;5.4087;-73.2957
CO-250047;4.7059;-74.2302
CO-231520;9.3741;-75.7589
CO-734540;3.5391;-74.8975
CO-912018;-2.1485;-71.7548
CO-527030;1.7417;-77.3352
CO-476027;10.3259;-74.8693
CO-232030;9.1218;-75.5163
CO-953009;1.9596;-72.6531
CO-681002;7.0622;-73.0864
CO-507047;3.8272;-73.6883
CO-683547;6.4076;-73.2882
CO-410009;2.9273;-75.2819
CO-152428;5.5197;-72.8875
CO-547058;8.4641;-73.3447
CO-944059;2.8101;-70.2856
CO-151647;5.9817;-72.715
CO-476008;10.4028;-74.8242
CO-135001;7.9644;-74.0544
CO-172001;5.4073;-75.4875
CO-764503;3.5833;-77.0
CO-851057;5.8297;-72.1633
CO-732008;5.1156;-74.9489
CO-411067;3.1533;-75.0531
CO-130012;10.3997;-75.5144
CO-503001;2.8118;-73.0279
CO-475019;9.8497;-74.2363
CO-252247;4.4037;-74.3867
CO-234037;7.7097;-75.7688
CO-683578;6.543;-73.3083
CO-633007;4.5664;-75.7511
CO-853037;5.4214;-71.7317
CO-151027;6.4203;-72.6918
CO-686561;6.6637;-73.5628
CO-201057;9.2578;-73.8123
CO-991037;4.4455;-69.799
CO-683027;6.2639;-73.2988
CO-734028;4.177;-74.5325
CO-190509;2.6227;-76.5704
CO-192008;2.9548;-76.2684
CO-880028;13.3754;-81.3691
CO-472008;10.5918;-74.1898
CO-192077;2.6156;-76.3826
CO-190538;2.6392;-76.5306
CO-545037;7.8643;-72.7162
CO-152840;4.9721;-73.3196
CO-528507;1.7986;-78.8156
CO-472001;10.5918;-74.1898
CO-415078;2.3934;-75.8923
CO-682557;6.2858;-73.1472
CO-525067;1.1374;-77.8489
CO-660003;4.8133;-75.6961
CO-052420;8.0942;-74.7757
CO-503027;2.8118;-73.0279
CO-275038;4.9533;-77.366
CO-205058;8.0015;-73.5113
CO-732040;5.2086;-74.7358
CO-760021;3.4372;-76.5225
CO-234007;7.9792;-75.4202
CO-660001;4.8133;-75.6961
CO-527001;1.6323;-77.462
CO-192548;2.5545;-76.0672
CO-862040;0.3431;-76.9112
CO-814010;6.4606;-71.7362
CO-050030;6.2518;-75.5636
CO-942017;1.9141;-67.07
CO-528560;2.0965;-78.5857
CO-154827;5.5519;-74.0086
CO-251227;4.7903;-73.6601
CO-130501;10.6036;-75.2882
CO-764502;3.5833;-77.0
CO-153201;5.0708;-73.4246
CO-704057;8.8606;-75.2806
CO-524567;0.8757;-77.7364
CO-131068;9.9832;-75.3016
CO-762030;4.7044;-75.7403
CO-250027;4.7164;-74.212
CO-632040;4.3539;-75.7178
CO-178048;5.4216;-75.7032
CO-704018;8.7401;-75.1891
CO-152067;5.8297;-72.8433
CO-153037;4.9854;-73.4327
CO-056830;6.317;-76.1342
CO-761540;4.5328;-76.1032
CO-731587;5.117;-75.0173
CO-250408;5.0605;-73.9793
CO-250820;5.0523;-73.5046
CO-233020;8.1915;-75.4338
CO-082001;10.8969;-74.886
CO-253640;5.1985;-74.3937
CO-683057;6.2464;-73.4183
CO-252017;4.1911;-74.4875
CO-276050;5.6741;-77.2909
CO-052079;7.1712;-75.764
CO-231047;9.2365;-75.8135
CO-080002;10.9685;-74.7813
CO-972047;-0.5636;-69.6336
CO-153047;4.9642;-73.4875
CO-155047;5.6603;-74.0621
CO-192070;2.6156;-76.3826
CO-911010;-3.7889;-70.3558
CO-130027;10.3997;-75.5144
CO-192501;2.6547;-75.9928
CO-520507;1.3902;-77.1598
CO-763538;3.5394;-76.3036
CO-084027;10.4591;-74.8797
CO-250418;5.199;-73.8913
CO-520518;1.3902;-77.1598
CO-681008;7.0622;-73.0864
CO-473028;9.1433;-74.2238
CO-150847;6.1459;-72.5708
CO-541010;7.8379;-72.5037
CO-990009;6.189;-67.4859
CO-417079;1.6867;-76.0207
CO-231048;9.2365;-75.8135
CO-057830;8.2751;-76.3764
CO-548030;8.3636;-72.4063
CO-056030;5.615;-75.6242
CO-701077;9.3335;-75.3054
CO-705037;9.315;-75.2928
CO-761508;4.7628;-76.221
CO-177001;4.9953;-75.8128
CO-234501;8.1736;-76.0592
CO-520538;1.412;-76.9853
CO-444010;10.8861;-72.8487
CO-760527;3.6569;-76.6886
CO-680004;7.1254;-73.1198
CO-853038;5.4214;-71.7317
CO-132508;9.5861;-74.8271
CO-862008;0.6675;-76.873
CO-232528;8.8744;-75.6203
CO-546070;8.0806;-73.2205
CO-992009;5.4906;-70.4092
CO-271018;5.8108;-76.192
CO-053457;6.4119;-74.7606
CO-763042;3.9009;-76.2978
CO-150003;5.5353;-73.3678
CO-231027;9.2365;-75.8135
CO-152667;5.1961;-73.145
CO-132007;10.0316;-74.9761
CO-152627;5.1011;-73.0512
CO-501041;4.3534;-73.7115
CO-526007;1.2633;-77.5138
CO-544017;7.2679;-72.642
CO-271030;5.496;-76.5494
CO-763510;3.7246;-76.2667
CO-111011;4.7253;-74.116
CO-153801;5.5379;-73.632
CO-253030;4.7481;-74.5631
CO-085047;10.4919;-75.1292
CO-250827;5.0523;-73.5046
CO-054848;5.6089;-75.1766
CO-683007;6.3443;-73.3739
CO-662030;4.9878;-76.0084
CO-862020;0.4525;-76.9192
CO-251201;4.7207;-73.9693
CO-523087;0.907;-77.5473
CO-084060;10.3335;-74.8802
CO-942018;1.9141;-67.07
CO-053817;6.3941;-75.2583
CO-880020;13.3754;-81.3691
CO-412020;2.939;-75.5858
CO-153630;5.3236;-73.4907
CO-154617;5.6964;-73.7693
CO-181038;1.5701;-75.3286
CO-686531;6.881;-73.4098
CO-950009;2.5729;-72.6459
CO-687527;7.2646;-73.1501
CO-686047;6.3142;-73.9497
CO-196037;2.7717;-77.6654
CO-763007;4.2121;-76.1556
CO-941047;2.7221;-67.5658
CO-150640;5.9889;-72.9125
CO-132560;9.2419;-74.4267
CO-680007;7.1254;-73.1198
CO-174007;5.4126;-74.9922
CO-633020;4.4526;-75.7875
CO-730018;4.4389;-75.2322
CO-155219;5.9758;-74.5885
CO-111221;4.6617;-74.078
CO-681521;6.6271;-72.6262
CO-190003;2.4382;-76.6132
CO-277037;7.0746;-77.0607
CO-193528;2.3502;-76.6834
CO-132001;10.0316;-74.9761
CO-200002;10.4631;-73.2532
CO-051830;6.6818;-75.2191
CO-151420;6.9989;-72.1092
CO-760538;3.9509;-76.6288
CO-250840;5.0815;-73.6076
CO-083047;10.7912;-74.7606
CO-173047;5.2966;-75.055
CO-051417;6.8503;-75.6833
CO-152257;5.6688;-72.9929
CO-855030;4.5553;-72.8825
CO-854039;5.0183;-72.7492
CO-111171;4.7927;-74.0747
CO-500007;4.142;-73.6266
CO-232547;8.9462;-75.4427
CO-153060;5.0264;-73.4337
CO-705077;9.1836;-75.3817
CO-734040;4.06;-74.6921
CO-176028;4.9825;-75.6036
CO-200001;10.4631;-73.2532
CO-051838;6.6818;-75.2191
CO-991047;4.4455;-69.799
CO-525578;1.2656;-77.7356
CO-131067;9.9832;-75.3016
CO-051052;6.3373;-75.558
CO-154268;5.8764;-73.5728
CO-250608;5.3071;-73.7115
CO-660008;4.8133;-75.6961
CO-081008;10.9878;-74.9547
CO-174009;5.4126;-74.9922
CO-500017;4.142;-73.6266
CO-185037;1.292;-75.5117
CO-763520;3.6855;-76.3137
CO-190567;2.757;-76.6172
CO-234508;8.1736;-76.0592
CO-055457;6.1515;-75.6166
CO-252817;4.5631;-74.6952
CO-683041;6.159;-73.4476
CO-681501;6.8431;-72.694
CO-681507;6.8431;-72.694
CO-251240;4.7629;-73.6109
CO-050047;6.2518;-75.5636
CO-733520;4.1492;-74.8843
CO-190530;2.6392;-76.5306
CO-205050;8.0015;-73.5113
CO-231001;9.2455;-76.1302
CO-155067;5.6567;-74.1825
CO-153668;5.4927;-73.4854
CO-521520;1.6045;-77.1315
CO-081028;10.8756;-74.9787
CO-527540;2.4808;-78.1912
CO-816010;7.0292;-71.4281
CO-664007;5.3396;-75.7302
CO-152087;5.8305;-72.8842
CO-472028;10.5207;-74.185
CO-080004;10.9685;-74.7813
CO-053810;6.3941;-75.2583
CO-133517;8.946;-74.1065
CO-201007;10.4171;-73.5804
CO-252212;4.3365;-74.3638
CO-478008;11.007;-74.2476
CO-732001;5.1156;-74.9489
CO-111951;4.5365;-74.1646
CO-762517;4.5248;-76.0392
CO-634020;4.6231;-75.7628
CO-528517;1.7986;-78.8156
CO-502047;4.3133;-72.0816
CO-991029;4.4455;-69.799
CO-153620;5.3537;-73.4566
CO-764008;3.2607;-76.535
CO-477020;10.702;-74.716
CO-502009;4.0991;-72.9565
CO-525550;1.0333;-77.6
CO-702078;9.3068;-75.0339
CO-203040;9.3624;-73.6031
CO-052847;6.9102;-75.0776
CO-053417;6.2859;-74.6188
CO-685041;5.9183;-73.7911
CO-057467;6.6315;-76.0644
CO-520557;1.4769;-77.0829
CO-150220;5.5955;-73.3082
CO-815010;6.9632;-71.8823
CO-735027;3.7994;-75.1947
CO-135047;7.4775;-73.9226
CO-056047;5.5478;-75.6437
CO-153407;5.4002;-73.3354
CO-056050;5.599;-75.8198
CO-251057;5.0446;-73.7972
CO-083007;10.9184;-74.7646
CO-151827;5.6249;-72.4235
CO-527501;2.4501;-77.9794
CO-683028;6.2639;-73.2988
CO-970001;1.2578;-70.2347
CO-250040;4.7059;-74.2302
CO-812010;6.3017;-70.2042
CO-050001;6.2518;-75.5636
CO-543018;7.611;-72.6477
CO-761547;4.5328;-76.1032
CO-990017;6.189;-67.4859
CO-732501;4.4423;-75.4287
CO-080014;10.9685;-74.7813
CO-230027;8.748;-75.8814
CO-173007;5.2839;-75.2602
CO-760035;3.4372;-76.5225
CO-528037;1.6966;-78.2448
CO-682509;6.4756;-72.9705
CO-192009;2.9548;-76.2684
CO-413047;2.5238;-75.3173
CO-051050;6.3373;-75.558
CO-526047;1.3385;-77.5957
CO-856017;5.1728;-72.5471
CO-763567;3.3223;-76.2348
CO-085060;10.6171;-75.1515
CO-184017;0.6994;-75.2535
CO-763023;4.0847;-76.1954
CO-272017;5.5514;-76.6138
CO-542018;7.5061;-72.4833
CO-520008;1.2136;-77.2811
CO-152207;5.7215;-72.8491
CO-632060;4.3342;-75.7035
CO-411047;3.0669;-75.1378
CO-252437;4.3008;-74.8075
CO-763558;3.4211;-76.2447
CO-135060;7.376;-73.9196
CO-443009;11.161;-72.5924
CO-475007;10.1108;-74.2601
CO-440003;11.5444;-72.9072
CO-705018;9.2735;-75.241
CO-684009;6.7534;-73.1047
CO-412060;2.6487;-75.6346
CO-855057;4.8543;-73.04
CO-548057;8.5756;-73.0949
CO-852017;6.109;-71.1377
CO-521569;1.5749;-77.2867
CO-277038;7.0746;-77.0607
CO-528030;1.6966;-78.2448
CO-684017;6.733;-73.0959
CO-504068;2.8245;-73.6837
CO-760012;3.4372;-76.5225
CO-233539;8.3137;-75.1398
CO-411048;3.0669;-75.1378
CO-855017;4.8721;-72.8988
CO-193558;2.2609;-76.7399
CO-151608;6.1905;-72.4759
CO-476037;10.2576;-74.8333
CO-684041;6.6357;-73.2228
CO-130510;10.5665;-75.325
CO-527569;2.286;-78.2933
CO-056447;5.7918;-75.841
CO-703017;8.929;-75.0271
CO-478007;11.007;-74.2476
CO-055448;6.0911;-75.6357
CO-412001;2.8917;-75.4375
CO-418008;2.0501;-75.9767
CO-854018;4.8172;-72.2886
CO-683511;6.5323;-73.1731
CO-731580;5.117;-75.0173
CO-050006;6.2518;-75.5636
CO-155068;5.6567;-74.1825
CO-764007;3.2607;-76.535
CO-475018;9.8497;-74.2363
CO-681527;6.6271;-72.6262
CO-152260;5.7463;-72.9983
CO-134001;8.9192;-74.4677
CO-410001;2.9273;-75.2819
CO-130019;10.3997;-75.5144
CO-680527;7.3091;-72.8712
CO-055857;6.0628;-75.7937
CO-057060;6.7499;-76.0254
CO-685027;6.0549;-73.8152
CO-730547;4.63;-75.0954
CO-054828;5.7106;-75.3107
CO-505047;3.0264;-74.4361
CO-443001;11.161;-72.5924
CO-681021;6.9902;-72.907
CO-055027;5.9743;-75.362
CO-417060;1.7236;-76.134
CO-174001;5.4126;-74.9922
CO-540003;7.8939;-72.5078
CO-194527;1.7027;-76.5739
CO-991027;4.4455;-69.799
CO-415007;2.4859;-75.7292
CO-051028;6.4381;-75.3314
CO-951001;2.3302;-72.6276
CO-252627;4.6189;-74.3539
CO-201038;9.6572;-73.7468
CO-733527;4.1492;-74.8843
CO-111131;4.7306;-74.0943
CO-152001;5.7508;-72.8034
CO-661020;4.8681;-75.6214
CO-763568;3.3223;-76.2348
CO-760510;3.65;-76.5698
CO-176027;4.9825;-75.6036
CO-150660;6.0323;-72.8564
CO-057858;7.7585;-76.6525
CO-250401;5.0605;-73.9793
CO-052430;7.6035;-74.8095
CO-133007;9.0919;-74.3597
CO-812019;6.3017;-70.2042
CO-050028;6.2518;-75.5636
CO-991001;4.4455;-69.799
CO-684541;5.8049;-73.9703
CO-682547;6.1373;-73.0985
CO-440017;11.5444;-72.9072
CO-761020;4.2122;-76.3195
CO-524068;0.8302;-77.6496
CO-150002;5.5353;-73.3678
CO-250054;4.5794;-74.2168
CO-252840;4.4582;-74.6343
CO-633008;4.5664;-75.7511
CO-760045;3.4372;-76.5225
CO-444038;10.7711;-73.0031
CO-504021;3.4626;-73.6216
CO-478060;10.6114;-74.2682
CO-190018;2.4382;-76.6132
CO-761047;3.8605;-76.3836
CO-705010;9.2735;-75.241
CO-250427;5.3486;-73.9017
CO-175038;5.4478;-74.6631
CO-053418;6.2859;-74.6188
CO-152401;5.3842;-72.697
CO-253847;5.4595;-74.3382
CO-250251;5.0221;-74.0048
CO-687038;7.0653;-73.8547
CO-150428;5.7648;-73.2476
CO-763547;3.5394;-76.3036
CO-763532;3.5394;-76.3036
CO-130017;10.3997;-75.5144
CO-154447;6.0575;-73.4811
CO-191088;3.0359;-76.4079
CO-852058;5.7299;-72.0016
CO-252431;4.3008;-74.8075
CO-252240;4.4037;-74.3867
CO-473029;9.1433;-74.2238
CO-441057;11.7139;-72.266
CO-762527;4.3946;-76.0715
CO-204007;8.9565;-73.6255
CO-252208;4.3072;-74.3006
CO-634027;4.6231;-75.7628
CO-253449;5.0669;-74.595
CO-521568;1.5749;-77.2867
CO-172020;5.6116;-75.4562
CO-504008;3.5462;-73.7069
CO-862001;0.6675;-76.873
CO-700002;9.3047;-75.3978
CO-153808;5.5379;-73.632
CO-154227;5.7566;-73.5395
CO-521547;1.5063;-77.219
CO-172009;5.4073;-75.4875
CO-276058;5.6741;-77.2909
CO-130014;10.3997;-75.5144
CO-664020;5.2962;-75.8839
CO-477050;10.4617;-74.6162
CO-502001;4.0991;-72.9565
CO-474001;9.5211;-74.6491
CO-133049;8.9564;-74.0782
CO-152007;5.7508;-72.8034
CO-132030;9.8277;-75.1217
CO-254030;5.2737;-74.1961
CO-150267;5.5639;-73.184
CO-150647;5.9889;-72.9125
CO-205008;8.3228;-73.7427
CO-055820;6.2083;-75.7357
CO-276017;7.1042;-77.762
CO-054810;5.9643;-75.1016
CO-052030;7.0303;-75.5906
CO-762007;4.9135;-76.04
CO-192079;2.6156;-76.3826
CO-863001;0.9645;-76.408
CO-252607;4.6303;-74.4633
CO-543038;7.4364;-72.6381
CO-475008;10.1108;-74.2601
CO-547038;8.7637;-73.1569
CO-195537;2.0396;-77.2168
CO-172047;5.5271;-75.4593
CO-055050;5.8746;-75.5671
CO-443020;11.0694;-72.7669
CO-253620;5.067;-74.3844
CO-681003;7.0622;-73.0864
CO-506068;3.5276;-74.0234
CO-520027;1.2136;-77.2811
CO-443007;11.161;-72.5924
CO-913018;-1.7477;-73.2083
CO-682559;6.2858;-73.1472
CO-862067;0.5133;-76.5007
CO-681031;6.8762;-72.8559
CO-476048;10.1874;-74.915
CO-204068;8.6187;-73.8027
CO-762548;4.3324;-75.8267
CO-527548;2.4808;-78.1912
CO-545010;7.8771;-72.6243
CO-735567;3.7231;-75.4832
CO-520577;1.4977;-77.1359
CO-524527;0.8714;-77.6403
CO-185050;1.1951;-75.7071
CO-056060;5.6561;-75.8788
CO-473020;9.1433;-74.2238
CO-231509;9.3533;-75.9524
CO-973048;1.75;-70.1167
CO-057829;8.8505;-76.4269
CO-763517;3.7246;-76.2667
CO-200009;10.4631;-73.2532
CO-253230;4.8738;-74.5624
CO-507008;3.9869;-73.758
CO-444017;10.8861;-72.8487
CO-235040;8.7856;-76.2406
CO-276010;7.1042;-77.762
CO-252047;3.986;-74.4828
CO-418077;1.8788;-76.2672
CO-950001;2.5729;-72.6459
CO-855058;4.8543;-73.04
CO-275057;4.251;-76.9682
CO-763017;4.1706;-76.1664
CO-504067;2.8245;-73.6837
CO-057841;7.883;-76.6259
CO-190002;2.4382;-76.6132
CO-418040;1.9287;-76.211
CO-252417;4.2808;-74.7647
CO-051858;6.4857;-75.395
CO-475057;9.9009;-74.8599
CO-055817;6.326;-75.7683
CO-520028;1.2136;-77.2811
CO-687047;7.0653;-73.8547
CO-233028;8.1915;-75.4338
CO-478027;10.7964;-74.178
CO-055070;5.9258;-75.6706
CO-153647;5.3675;-73.5207
CO-084080;10.3242;-74.9602
CO-182010;2.1217;-74.7661
CO-230507;9.0389;-75.7897
CO-192028;2.7798;-76.3282
CO-525030;1.1811;-77.9612
CO-701010;9.5477;-75.3113
CO-253427;5.1174;-74.4794
CO-544529;7.5394;-72.7724
CO-193501;2.2546;-76.6109
CO-250601;5.3071;-73.7115
CO-052018;7.2889;-75.3978
CO-250830;5.0086;-73.5412
CO-171028;5.2961;-75.5612
CO-687518;7.2646;-73.1501
CO-860007;1.1528;-76.6521
CO-194550;1.12;-76.3213
CO-733020;4.1987;-75.1173
CO-661028;4.8681;-75.6214
CO-253460;5.3464;-74.4915
CO-192040;2.7974;-76.4832
CO-195567;2.2556;-77.2488
CO-680501;7.3663;-72.9836
CO-681011;6.9879;-73.0495
CO-760011;3.4372;-76.5225
CO-191038;3.0095;-76.4849
CO-132040;9.745;-74.8815
CO-853057;4.7912;-71.3354
CO-230001;8.748;-75.8814
CO-051010;6.4582;-75.5638
CO-410010;2.9273;-75.2819
CO-864009;-0.1934;-74.7819
CO-850009;5.3378;-72.3959
CO-916057;-0.6853;-71.1859
CO-733540;4.0308;-74.9701
CO-204040;8.6882;-73.6645
CO-731568;5.1526;-75.0362
CO-184019;0.6994;-75.2535
CO-050033;6.2518;-75.5636
CO-944018;3.4842;-69.8108
CO-055412;6.1846;-75.5991
CO-270009;5.6919;-76.6583
CO-763578;3.4067;-76.3482
CO-730520;4.5661;-74.9623
CO-152617;5.2268;-73.1261
CO-110821;4.6397;-74.1426
CO-995008;5.3493;-70.6773
CO-546078;8.0806;-73.2205
CO-415008;2.4859;-75.7292
CO-763008;4.2121;-76.1556
CO-193507;2.2546;-76.6109
CO-052078;7.1712;-75.764
CO-110221;4.6639;-74.0448
CO-251038;5.05;-73.8833
CO-701050;9.379;-75.2677
CO-760020;3.4372;-76.5225
CO-055427;6.1759;-75.5917
CO-864008;-0.1934;-74.7819
CO-152647;5.0313;-73.1033
CO-253617;5.0018;-74.3417
CO-680008;7.1254;-73.1198
CO-272030;5.2854;-76.645
CO-131501;10.3875;-75.1356
CO-054820;5.7106;-75.3107
CO-111166;4.7825;-74.0521
CO-527580;2.5086;-78.4511
CO-152807;4.8205;-73.1685
CO-478028;10.7964;-74.178
CO-133530;8.8191;-74.0575
CO-760007;3.4372;-76.5225
CO-130003;10.3997;-75.5144
CO-130508;10.6036;-75.2882
CO-500004;4.142;-73.6266
CO-131001;10.3294;-75.4114
CO-703030;8.8114;-74.7208
CO-205047;8.2919;-73.3849
CO-231028;9.2365;-75.8135
CO-663018;5.2383;-76.0364
CO-130018;10.3997;-75.5144
CO-973008;1.014;-71.2962
CO-414027;2.1959;-75.6278
CO-546017;7.9143;-72.9714
CO-501017;4.2817;-72.794
CO-131527;10.3696;-75.0734
CO-941017;3.5142;-67.4153
CO-687031;7.0653;-73.8547
CO-913017;-1.7477;-73.2083
CO-052017;7.2889;-75.3978
CO-253440;5.0669;-74.595
CO-273070;4.8885;-76.2965
CO-110111;4.6882;-74.0298
CO-234039;7.7097;-75.7688
CO-763010;4.1706;-76.1664
CO-440009;11.5444;-72.9072
CO-547050;8.4641;-73.3447
CO-507021;3.6964;-73.6996
CO-701030;9.5325;-75.2238
CO-540002;7.8939;-72.5078
CO-685001;5.9894;-73.7702
CO-055450;6.1515;-75.6166
CO-970008;1.2578;-70.2347
CO-686567;6.6637;-73.5628
CO-186018;1.4183;-75.8775
CO-473008;9.2378;-74.3517
CO-055460;6.1577;-75.6432
CO-130015;10.3997;-75.5144
CO-205057;8.0015;-73.5113
CO-525037;1.1811;-77.9612
CO-735057;3.5915;-75.3818
CO-150407;5.6897;-73.2278
CO-734067;3.935;-74.6004
CO-525039;1.1811;-77.9612
CO-476047;10.1874;-74.915
CO-682031;6.6732;-72.8087
CO-250057;4.5794;-74.2168
CO-135067;7.376;-73.9196
CO-191529;3.2499;-76.2281
CO-662037;4.9878;-76.0084
CO-272050;5.5665;-76.8134
CO-154807;5.6586;-73.9825
CO-815018;6.9632;-71.8823
CO-235028;8.894;-76.3546
CO-940007;3.8653;-67.9239
CO-683048;6.159;-73.4476
CO-154007;5.6667;-73.5119
CO-132010;9.9516;-75.082
CO-250210;4.8531;-74.26
CO-911038;-2.8786;-69.7442
CO-230558;8.8848;-75.7905
CO-760033;3.4372;-76.5225
CO-250002;4.8588;-74.0587
CO-702057;9.1609;-75.0481
CO-085020;10.4459;-74.9587
CO-055028;5.9743;-75.362
CO-762530;4.2642;-75.9309
CO-940019;3.8653;-67.9239
CO-235001;9.0181;-76.2641
CO-521040;1.6725;-77.0139
CO-180009;1.6144;-75.6062
CO-683067;6.2452;-73.4966
CO-151660;5.9104;-72.78
CO-735020;3.7994;-75.1947
CO-154640;5.6164;-73.8175
CO-055048;5.9449;-75.5243
CO-151667;5.9104;-72.78
CO-663017;5.2383;-76.0364
CO-112021;4.0924;-74.1774
CO-050024;6.2518;-75.5636
CO-150240;5.5582;-73.282
CO-685048;5.9183;-73.7911
CO-504047;3.3699;-73.8727
CO-528527;1.7986;-78.8156
CO-682577;6.4475;-73.1436
CO-546079;8.0806;-73.2205
CO-663037;5.1064;-75.9432
CO-153820;5.5185;-73.7224
CO-707057;9.6381;-75.4603
CO-680517;7.3471;-72.9452
CO-760036;3.4372;-76.5225
CO-526040;1.3385;-77.5957
CO-230003;8.748;-75.8814
CO-232517;8.7958;-75.6995
CO-525060;1.1374;-77.8489
CO-170004;5.0689;-75.5174
CO-252230;4.3206;-74.4872
CO-200018;10.4631;-73.2532
CO-234507;8.1736;-76.0592
CO-991059;4.4455;-69.799
CO-813010;6.2805;-71.1
CO-856018;5.1728;-72.5471
CO-055840;6.04;-75.7032
CO-192001;2.9548;-76.2684
CO-253037;4.7481;-74.5631
CO-412027;2.939;-75.5858
CO-057850;7.7585;-76.6525
CO-630008;4.5339;-75.6811
CO-412040;2.7419;-75.5674
CO-053030;6.4851;-75.0196
CO-523527;1.0027;-77.4507
CO-192049;2.7974;-76.4832
CO-056477;5.965;-75.9654
CO-705039;9.315;-75.2928
CO-440002;11.5444;-72.9072
CO-152217;5.7143;-72.9339
CO-253047;4.7897;-74.4618
CO-505007;3.3846;-74.0442
CO-251807;4.4425;-74.0442
CO-150260;5.5639;-73.184
CO-252610;4.66;-74.3926
CO-232507;8.7958;-75.6995
CO-854030;5.0183;-72.7492
CO-764508;3.5833;-77.0
CO-814057;6.6965;-71.8569
CO-542050;7.2989;-72.4947
CO-504027;3.4626;-73.6216
CO-196007;2.5708;-77.8854
CO-153807;5.5379;-73.632
CO-051468;6.6779;-75.8122
CO-056838;6.317;-76.1342
CO-812017;6.3017;-70.2042
CO-251620;4.529;-73.9227
CO-053847;6.2343;-75.1633
CO-680561;7.3223;-73.0152
CO-052038;7.0303;-75.5906
CO-154207;5.7546;-73.4367
CO-417087;1.6867;-76.0207
CO-052840;6.9102;-75.0776
CO-171008;5.1665;-75.52
CO-111911;4.5829;-74.1528
CO-476030;10.2576;-74.8333
CO-056457;5.7993;-75.9072
CO-154260;5.8764;-73.5728
CO-180007;1.6144;-75.6062
CO-057840;7.883;-76.6259
CO-250227;4.9261;-74.173
CO-134028;8.5682;-74.5541
CO-182019;2.1217;-74.7661
CO-734527;3.7512;-74.93
CO-182059;1.9142;-75.145
CO-681529;6.6271;-72.6262
CO-441001;11.775;-72.4445
CO-521050;1.4769;-77.0829
CO-172067;5.3934;-75.5581
CO-527507;2.4501;-77.9794
CO-440001;11.5444;-72.9072
CO-270001;5.6919;-76.6583
CO-153637;5.3236;-73.4907
CO-760001;3.4372;-76.5225
CO-252211;4.3365;-74.3638
CO-521548;1.5063;-77.219
CO-152447;5.5583;-72.9876
CO-152210;5.7143;-72.9339
CO-152219;5.7143;-72.9339
CO-687068;7.3483;-73.896
CO-911017;-3.7889;-70.3558
CO-192007;2.9548;-76.2684
CO-052050;7.0131;-75.6953
CO-192047;2.7974;-76.4832
CO-443040;10.9576;-72.7877
CO-273078;4.8885;-76.2965
CO-732007;5.1156;-74.9489
CO-632027;4.3932;-75.6894
CO-664028;5.2962;-75.8839
CO-054040;6.1551;-75.3737
CO-524078;0.8302;-77.6496
CO-943057;2.4298;-69.8328
CO-056417;6.0464;-75.9071
CO-735517;3.9361;-75.2217
CO-524507;0.9189;-77.5665
CO-682548;6.1373;-73.0985
CO-272040;5.3596;-76.7723
CO-204001;8.9565;-73.6255
CO-852030;5.8836;-71.8973
CO-507029;3.6964;-73.6996
CO-850001;5.3378;-72.3959
CO-521501;1.5368;-77.1014
CO-735007;3.6206;-75.0941
CO-528007;1.905;-78.0492
CO-081007;10.9878;-74.9547
CO-056027;5.6646;-75.7134
CO-253807;5.3592;-74.3905
CO-414009;2.3868;-75.5474
CO-760520;3.6569;-76.6886
CO-050026;6.2518;-75.5636
CO-683077;6.2901;-73.4735
CO-135027;7.9579;-73.9436
CO-915019;-0.6217;-72.384
CO-910008;-4.2153;-69.9406
CO-760013;3.4372;-76.5225
CO-506027;3.7392;-73.8349
CO-056427;5.9628;-75.7381
CO-417039;1.8537;-76.0507
CO-231007;9.2455;-76.1302
CO-054830;5.7313;-75.1426
CO-478048;10.9938;-74.2844
CO-150601;5.859;-72.9188
CO-810001;7.0847;-70.7591
CO-155208;5.9758;-74.5885
CO-057428;7.2441;-76.4356
CO-444008;10.8969;-72.8861
CO-152250;5.6688;-72.9929
CO-730580;4.7193;-74.9292
CO-705058;9.1019;-75.1951
CO-251268;4.7592;-73.4082
CO-110231;4.6313;-74.0344
CO-528077;1.6715;-78.1398
CO-546559;8.2377;-73.356
CO-154460;6.0175;-73.547
CO-251401;4.3758;-73.2155
CO-544570;7.7736;-72.8679
CO-991028;4.4455;-69.799
CO-861027;1.203;-76.9227
CO-761560;4.5079;-76.2362
CO-055017;6.0313;-75.4333
CO-730019;4.4389;-75.2322
CO-151207;6.402;-72.5531
CO-190001;2.4382;-76.6132
CO-681511;6.7662;-72.694
CO-687509;7.4713;-73.2031
CO-816018;7.0292;-71.4281
CO-193001;2.3425;-76.4958
CO-475010;9.8497;-74.2363
CO-253217;4.8774;-74.4674
CO-194520;1.7027;-76.5739
CO-682531;6.2946;-73.0402
CO-686007;6.6515;-74.0573
CO-195560;2.2556;-77.2488
CO-057870;8.4263;-76.7893
CO-234538;8.258;-76.1493
CO-251647;4.488;-73.8975
CO-731501;5.0307;-75.1161
CO-110141;4.7648;-74.0287
CO-132518;9.242;-74.7547
CO-278057;7.4435;-77.1196
CO-230538;8.9583;-75.8363
CO-171001;5.1665;-75.52
CO-250637;5.4519;-73.8144
CO-080003;10.9685;-74.7813
CO-524008;0.8591;-77.5195
CO-990018;6.189;-67.4859
CO-150408;5.6897;-73.2278
CO-441028;11.7139;-72.266
CO-085009;10.6296;-74.9206
CO-051053;6.3373;-75.558
CO-134517;8.5269;-74.0374
CO-053010;6.6746;-74.8343
CO-152687;5.2822;-73.169
CO-153880;5.5845;-73.5418
CO-762501;4.5758;-75.9739
CO-735509;3.9361;-75.2217
CO-053020;6.5984;-75.0114
CO-054410;6.1435;-75.1853
CO-735537;3.9142;-75.4801
CO-055438;6.0547;-75.5137
CO-134501;8.5874;-73.839
CO-521080;1.5937;-77.0373
CO-524077;0.8302;-77.6496
CO-054048;6.1551;-75.3737
CO-150488;5.874;-72.9822
CO-190557;2.757;-76.6172
CO-252650;4.5195;-74.5929
CO-274017;5.1605;-76.684
CO-050005;6.2518;-75.5636
CO-853058;4.7912;-71.3354
CO-520508;1.3902;-77.1598
CO-735580;3.5308;-75.6806
CO-763037;3.9945;-76.2288
CO-150420;5.7648;-73.2476
CO-155048;5.6603;-74.0621
CO-730548;4.63;-75.0954
CO-417088;1.6867;-76.0207
CO-990008;6.189;-67.4859
CO-192048;2.7974;-76.4832
CO-050010;6.2518;-75.5636
CO-545077;7.9441;-72.8325
CO-153617;5.4537;-73.3625
CO-110911;4.6926;-74.1423
CO-862007;0.6675;-76.873
CO-814050;6.6965;-71.8569
CO-151628;6.0403;-72.6351
CO-172060;5.3934;-75.5581
CO-050036;6.2518;-75.5636
CO-416048;2.0248;-75.7559
CO-478029;10.7964;-74.178
CO-763047;3.9009;-76.2978
CO-186058;1.0333;-75.9191
CO-681038;6.9902;-72.907
CO-195040;1.6832;-77.0733
CO-472040;10.1862;-74.0609
CO-684511;5.9317;-73.6151
CO-230018;8.748;-75.8814
CO-251050;5.0446;-73.7972
CO-232509;8.7958;-75.6995
CO-633001;4.5664;-75.7511
CO-412068;2.6487;-75.6346
CO-056850;6.3032;-75.8538
CO-683521;6.4164;-73.17
CO-177007;4.9953;-75.8128
CO-526048;1.3385;-77.5957
CO-233057;8.4115;-75.5851
CO-763570;3.4067;-76.3482
CO-524060;0.8302;-77.6496
CO-731527;5.0796;-75.1206
CO-503037;2.8118;-73.0279
CO-500003;4.142;-73.6266
CO-524039;0.8074;-77.5722
CO-170007;5.0689;-75.5174
CO-253017;4.7588;-74.3802
CO-133501;8.7944;-74.1658
CO-084040;10.3781;-74.8836
CO-152607;5.2;-73.05
CO-110571;4.3329;-74.1873
CO-274019;5.1605;-76.684
CO-413067;2.5833;-75.45
CO-682057;6.6935;-73.0208
CO-416027;2.0628;-75.7872
CO-812018;6.3017;-70.2042
CO-132511;9.242;-74.7547
CO-940017;3.8653;-67.9239
CO-687578;7.1132;-73.2178
CO-252248;4.4037;-74.3867
CO-734528;3.7512;-74.93
CO-186010;1.4183;-75.8775
CO-133560;8.6657;-73.8215
CO-135008;7.9644;-74.0544
CO-191077;3.0359;-76.4079
CO-478002;11.007;-74.2476
CO-522547;1.2081;-77.4655
CO-082060;10.75;-74.9833
CO-153280;5.1672;-73.3682
CO-661008;4.8417;-75.6701
CO-410017;2.9273;-75.2819
CO-155020;5.5194;-74.1777
CO-153450;5.4364;-73.2961
CO-415069;2.3934;-75.8923
CO-085001;10.6296;-74.9206
CO-477057;10.4617;-74.6162
CO-250647;5.5029;-73.8523
CO-862027;0.4525;-76.9192
CO-501028;4.2708;-73.4867
CO-522001;1.3594;-77.2837
CO-473007;9.2378;-74.3517
CO-271010;5.8108;-76.192
CO-152468;5.55;-73.05
CO-184010;0.6994;-75.2535
CO-233501;8.0479;-75.301
CO-150468;5.8245;-73.0341
CO-547030;8.7637;-73.1569
CO-056858;6.3032;-75.8538
CO-730009;4.4389;-75.2322
CO-173069;5.3835;-75.1612
CO-051460;6.6779;-75.8122
CO-131017;10.2717;-75.4422
CO-523501;1.0947;-77.3948
CO-135048;7.4775;-73.9226
CO-250837;5.0086;-73.5412
CO-051817;6.8851;-75.3347
CO-632008;4.5295;-75.6409
CO-110711;4.6369;-74.1885
CO-507017;3.7116;-73.2434
CO-474067;9.3315;-74.3471
CO-664017;5.3157;-75.7983
CO-054430;6.0434;-74.9937
CO-477058;10.4617;-74.6162
CO-664040;5.2009;-75.8687
CO-191049;3.0095;-76.4849
CO-760548;3.822;-76.5224
CO-057460;6.6315;-76.0644
CO-177047;5.0858;-75.7883
CO-055417;6.1846;-75.5991
CO-685518;6.1785;-73.5895
CO-231038;9.2365;-75.8135
CO-413028;2.6849;-75.3231
CO-150247;5.5582;-73.282
CO-131520;10.3696;-75.0734
CO-201037;9.6572;-73.7468
CO-154848;5.5138;-73.9491