MY-96250;2.6413;111.4437
MY-20519;5.3117;103.1199
MY-30634;4.6117;101.1135
MY-62677;2.9264;101.6964
MY-34520;4.9876;100.8302
MY-36010;4.4706;100.8573
MY-17509;5.8074;102.151
MY-05556;6.1194;100.3677
MY-50642;3.139;101.6869
MY-93551;2.8774;112.8511
MY-05580;6.2434;100.2418
MY-30682;4.6117;101.1135
MY-87010;5.2913;115.2459
MY-80648;1.4634;103.7547
MY-80594;1.4634;103.7547
MY-28740;3.2308;102.1151
MY-10634;5.4179;100.3296
MY-91112;5.0488;118.3593
MY-20576;5.3117;103.1199
MY-05610;6.1194;100.3677
MY-15536;6.122;102.2523
MY-90729;5.8456;118.0571
MY-93718;1.531;110.3442
MY-70604;2.7186;101.949
MY-88586;5.9566;116.0732
MY-15646;6.122;102.2523
MY-71150;2.5272;102.026
MY-89808;5.3475;115.7273
MY-50534;3.139;101.6869
MY-15720;6.122;102.2492
MY-05661;6.1194;100.3677
MY-59800;3.139;101.6869
MY-55200;3.139;101.706
MY-88867;5.9765;116.1158
MY-75300;2.2074;102.251
MY-75100;2.207;102.2545
MY-46547;3.1071;101.6083
MY-15604;6.122;102.2523
MY-40702;3.0906;101.5296
MY-15517;6.122;102.2523
MY-15616;6.1152;102.2414
MY-88873;5.9765;116.1158
MY-71359;2.5083;102.1423
MY-50742;3.139;101.6869
MY-24009;4.2327;103.4152
MY-90000;5.848;117.9591
MY-02400;6.4547;100.2144
MY-50582;3.1374;101.6889
MY-96007;2.31;111.84
MY-50948;3.139;101.6869
MY-62200;2.9264;101.6964
MY-88612;5.9765;116.1158
MY-73209;2.5946;102.4134
MY-30540;4.6117;101.1135
MY-50552;3.139;101.6869
MY-25516;3.825;103.3239
MY-71409;2.5797;102.1024
MY-71259;2.4267;101.8659
MY-76109;2.3149;102.2814
MY-93704;1.531;110.3442
MY-20673;5.3117;103.1199
MY-36309;3.9014;100.8616
MY-93610;1.531;110.3442
MY-88869;5.9765;116.1158
MY-88690;5.9765;116.1158
MY-78000;2.3618;102.2215
MY-97014;3.1906;113.0901
MY-53700;3.139;101.6869
MY-22300;5.7998;102.5579
MY-25502;3.825;103.3239
MY-05720;6.1194;100.3677
MY-15505;6.122;102.2523
MY-96508;2.2138;111.5514
MY-44000;3.386;101.5488
MY-52100;3.1833;101.6584
MY-87026;5.2913;115.2459
MY-10622;5.4179;100.3296
MY-31100;4.7421;101.0601
MY-50588;3.139;101.6869
MY-89768;5.3195;115.3756
MY-02200;6.6472;100.2022
MY-84000;1.99095;102.82300000000001
MY-80622;1.4634;103.7547
MY-87033;5.2913;115.2459
MY-87011;5.2913;115.2459
MY-08200;5.8207;100.6951
MY-88837;5.9765;116.1158
MY-20517;5.3117;103.1199
MY-27200;4.0629;102.1071
MY-05534;6.1194;100.3677
MY-14009;5.3538;100.4744
MY-95409;1.7362;111.3528
MY-87031;5.2913;115.2459
MY-26360;3.6518;103.0645
MY-88725;5.4204;116.7968
MY-89747;5.4914;115.5491
MY-25570;3.825;103.3239
MY-89260;5.7090499999999995;116.66290000000001
MY-15538;6.122;102.2523
MY-30586;4.6117;101.1135
MY-30660;4.6055;101.0767
MY-50594;3.139;101.6869
MY-96600;1.783;111.9699
MY-50720;3.139;101.6869
MY-50768;3.139;101.6869
MY-89650;5.6933;116.3797
MY-72309;2.9571;102.3035
MY-71759;2.8226;101.9
MY-94760;1.0172;110.3577
MY-26460;3.7263;102.5438
MY-62582;2.9264;101.6964
MY-25676;3.8087;103.3267
MY-08100;5.7879;100.4719
MY-79532;1.5014;103.6439
MY-40673;3.0906;101.5296
MY-71709;2.8226;101.9
MY-76300;2.2867;102.1406
MY-31610;4.6123;101.0937
MY-46551;3.1071;101.6083
MY-88757;5.9765;116.1158
MY-93904;1.531;110.3442
MY-97000;2.6262;112.1367
MY-30554;4.6117;101.1135
MY-15658;6.122;102.2523
MY-46783;3.1071;101.6083
MY-71250;2.5045;101.9217
MY-52000;3.2029;101.6647
MY-20554;5.3117;103.1199
MY-25504;3.825;103.3239
MY-70570;2.7186;101.949
MY-80664;1.4634;103.7547
MY-71500;2.73;102.1526
MY-40646;3.0906;101.5296
MY-10516;5.4179;100.3296
MY-91109;5.0488;118.3593
MY-75505;2.2057;102.2562
MY-20566;5.3117;103.1199
MY-35400;4.2684;101.1236
MY-40512;3.0906;101.5296
MY-41506;3.0431;101.4407
MY-88904;5.9765;116.1158
MY-70578;2.7186;101.949
MY-75260;2.2428;102.2376
MY-90707;5.8456;118.0571
MY-15159;6.122;102.2523
MY-84700;2.215;102.7854
MY-07000;6.2439;99.9533
MY-88622;5.9765;116.1158
MY-50652;3.139;101.6869
MY-10564;5.4179;100.3296
MY-93690;1.531;110.3442
MY-10576;5.4179;100.3296
MY-88860;5.9765;116.1158
MY-89000;5.3561;116.3049
MY-93744;1.531;110.3442
MY-75730;2.2057;102.2562
MY-79540;1.5014;103.6439
MY-75902;2.2057;102.2562
MY-62584;2.9422;101.707
MY-20200;5.3165;103.1246
MY-12100;5.4126;100.3748
MY-48000;3.2549;101.5705
MY-89767;5.3195;115.3756
MY-89300;5.9589;116.6402
MY-05460;6.09985;100.38114999999999
MY-55100;3.13485;101.73375
MY-50638;3.139;101.6869
MY-34130;4.9877;100.756
MY-89909;4.9872;115.9241
MY-10646;5.4179;100.3296
MY-93672;1.531;110.3442
MY-26800;2.9496;103.4089
MY-21020;5.3205;103.0596
MY-50664;3.139;101.6869
MY-05674;6.1179;100.3674
MY-77400;2.14935;102.46799999999999
MY-50612;3.1683;101.7118
MY-17030;5.8931;102.1712
MY-50712;3.139;101.6869
MY-42509;2.9129;101.4686
MY-79503;1.5014;103.6439
MY-16300;6.0269;102.3366
MY-20648;5.3117;103.1199
MY-50546;3.139;101.6869
MY-27600;3.7577;101.9827
MY-70200;2.7518;101.9428
MY-75576;2.2057;102.2562
MY-36009;4.0124;101.018
MY-10594;5.4179;100.3296
MY-43650;2.9918;101.7455
MY-88858;5.9771;116.0678
MY-51000;3.1911;101.6932
MY-81800;1.6728;103.6325
MY-10770;5.4179;100.3296
MY-01582;6.4118;100.2001
MY-93722;1.531;110.3442
MY-79681;1.5014;103.6439
MY-93582;1.4267;110.1452
MY-93572;1.531;110.3442
MY-88840;5.9765;116.1158
MY-10690;5.4179;100.3296
MY-32800;4.5504;100.9064
MY-50626;3.139;101.6869
MY-26500;3.65755;102.66695
MY-50776;3.139;101.6869
MY-36008;4.0124;101.018
MY-15590;6.122;102.2523
MY-91020;4.2825;117.9148
MY-30720;4.6117;101.1135
MY-30550;4.6117;101.1135
MY-50788;3.139;101.6869
MY-15570;6.122;102.2523
MY-77100;2.38;102.4819
MY-88568;5.9765;116.1158
MY-18300;5.0356;102.0247
MY-62623;2.9151;101.6837
MY-20504;5.3117;103.1199
MY-25300;3.8091;103.2363
MY-15600;6.1303;102.2369
MY-01608;6.4455;100.2002
MY-50988;3.1428;101.6902
MY-85200;2.1737;102.9493
MY-75536;2.2057;102.2562
MY-01620;6.4421;100.2337
MY-28007;3.4532;102.4245
MY-31400;4.6114;101.1043
MY-89109;6.4852;116.7328
MY-89857;5.0202;115.5811
MY-46710;3.1071;101.6083
MY-88618;5.94;116.0547
MY-95007;1.2336;111.4637
MY-87019;5.2913;115.2459
MY-98058;1.3526;111.5176
MY-15670;6.122;102.2523
MY-88778;5.9765;116.1158
MY-11409;5.4179;100.3296
MY-88610;5.9765;116.1158
MY-71109;2.589;101.9629
MY-96107;2.1178;111.5212
MY-71609;2.9472;102.0855
MY-23007;4.7565;103.3997
MY-96008;2.31;111.84
MY-15661;6.122;102.2523
MY-20560;5.3117;103.1199
MY-46796;3.1071;101.6083
MY-41700;3.0433;101.4413
MY-41916;3.0431;101.4407
MY-88800;5.9765;116.1158
MY-21070;5.271;103.1235
MY-10750;5.4179;100.3296
MY-88558;5.8515;118.0476
MY-88570;5.9765;116.1158
MY-80720;1.4634;103.7547
MY-06300;6.1461;100.5833
MY-72109;2.8046;102.3876
MY-87018;5.2913;115.2459
MY-25614;3.79;103.3161
MY-90732;5.8456;118.0571
MY-40620;3.0934;101.5833
MY-71159;2.4674;102.0523
MY-01614;6.4455;100.2002
MY-70500;2.7186;101.949
MY-88849;5.9765;116.1158
MY-11700;5.3653;100.3067
MY-40660;3.0906;101.5296
MY-88551;4.4801;118.6164
MY-79521;1.5014;103.6439
MY-55720;3.139;101.6869
MY-01518;6.4455;100.2002
MY-34120;5.1677;100.6876
MY-33320;5.4506;101.1319
MY-30580;4.5874;101.07
MY-25604;3.825;103.3239
MY-88620;5.934;116.1014
MY-88656;5.9765;116.1158
MY-88853;5.9765;116.1158
MY-88830;5.9765;116.1158
MY-47500;3.0713999999999997;101.60095
MY-46976;3.1071;101.6083
MY-21309;5.3117;103.1199
MY-80506;1.4634;103.7547
MY-50560;3.139;101.6869
MY-62532;2.9264;101.6964
MY-75542;2.2057;102.2562
MY-50945;3.139;101.6869
MY-46506;3.1083;101.6423
MY-40470;3.0608;101.5661
MY-10920;5.4179;100.3296
MY-93694;1.531;110.3442
MY-15634;6.122;102.2523
MY-15100;6.0706;102.2458
MY-31409;4.6117;101.1135
MY-30508;4.6117;101.1135
MY-46790;3.1071;101.6083
MY-16080;6.1411;102.1763
MY-53800;3.139;101.6869
MY-93508;1.531;110.3442
MY-62630;2.9264;101.6964
MY-89508;5.8794;116.104
MY-20556;5.3117;103.1199
MY-93566;1.531;110.3442
MY-27090;3.8803;102.4837
MY-94707;1.1727;110.5639
MY-50946;3.139;101.6869
MY-26630;3.5333;103.2986
MY-06009;6.2663;100.4271
MY-75674;2.2057;102.2562
MY-30988;4.608;101.079
MY-30582;4.6043;101.0764
MY-15514;6.122;102.2523
MY-70450;2.7724;101.9402
MY-50758;3.139;101.6869
MY-10450;5.4182;100.3068
MY-88621;5.9765;116.1158
MY-24300;4.6985;103.3568
MY-88828;5.9765;116.1158
MY-62518;2.9384;101.7037
MY-80990;1.4634;103.7547
MY-28010;3.5162;102.4182
MY-27070;3.884;102.5606
MY-25600;3.825;103.3239
MY-98109;4.4803;114.0108
MY-20500;5.3046;103.1607
MY-90712;5.8456;118.0571
MY-10546;5.4179;100.3296
MY-46804;3.1071;101.6083
MY-88824;5.9765;116.1158
MY-89728;5.5243;115.6889
MY-96807;1.9098;113.6356
MY-08110;5.6793;100.4423
MY-88661;5.9765;116.1158
MY-70502;2.7186;101.949
MY-43500;2.9982;101.8017
MY-15150;6.1187;102.2508
MY-50716;3.139;101.6869
MY-76100;2.3013;102.2842
MY-57990;3.139;101.6869
MY-21000;5.3018;103.1259
MY-75648;2.2057;102.2562
MY-98800;3.9777;114.0651
MY-55990;3.139;101.6869
MY-25590;3.8188;103.3257
MY-93619;1.5585;110.3833
MY-15300;6.1159;102.2452
MY-69000;3.422;101.7892
MY-82300;1.423;103.4425
MY-88998;5.9765;116.1158
MY-28100;3.5018;102.6455
MY-05590;6.1194;100.3677
MY-41560;3.0431;101.4407
MY-91008;4.2825;117.9148
MY-93764;1.531;110.3442
MY-40594;3.0906;101.5296
MY-15623;6.122;102.2523
MY-75646;2.2057;102.2562
MY-16109;6.122;102.2523
MY-05250;6.0976;100.3864
MY-42200;3.1331;101.4207
MY-79612;1.5014;103.6439
MY-01540;6.4455;100.2002
MY-89108;6.4852;116.7328
MY-05628;6.1194;100.3677
MY-93564;1.5977;110.34
MY-93550;3.1785;113.0391
MY-62602;2.9267;101.6935
MY-44300;3.2978500000000004;101.60204999999999
MY-35000;4.3279;101.1595
MY-47140;3.0034;101.6115
MY-01578;6.4455;100.2002
MY-06000;6.1316;100.4351
MY-30200;4.5979;101.0884
MY-15000;6.1253;102.2461
MY-94850;1.3337;110.9275
MY-30519;4.6117;101.1135
MY-15534;6.122;102.2523
MY-40710;3.0906;101.5296
MY-75572;2.2057;102.2562
MY-50688;3.139;101.6869
MY-88805;5.9765;116.1158
MY-21060;5.3185;103.0739
MY-62576;2.9264;101.6964
MY-47800;3.1149;101.5869
MY-88566;5.9765;116.1158
MY-35909;3.6913;101.5236
MY-88843;5.9765;116.1158
MY-01596;6.4455;100.2002
MY-62007;2.9376;101.7032
MY-23200;5.0395;102.7909
MY-41914;3.0431;101.4407
MY-21810;5.0178;103.1339
MY-62540;2.9264;101.6964
MY-93592;1.531;110.3442
MY-21450;5.3867;102.8676
MY-10050;5.4195;100.3278
MY-33600;4.8218;100.946
MY-50551;3.139;101.6869
MY-24060;4.1149;103.2909
MY-05564;6.1194;100.3677
MY-05690;6.1194;100.3677
MY-50528;3.139;101.6869
MY-70670;2.7186;101.949
MY-81900;1.7427;103.7788
MY-25558;3.825;103.3239
MY-46964;3.1071;101.6083
MY-20620;5.3147;103.133
MY-33020;4.8069;100.9321
MY-10990;5.4179;100.3296
MY-26430;3.7507;102.56435
MY-55908;3.139;101.6869
MY-94807;1.1862;110.9032
MY-50935;3.139;101.6869
MY-98857;4.8211;115.4274
MY-26250;3.8173;103.1733
MY-34500;4.9553;100.8398
MY-53200;3.1702;101.7056
MY-91017;4.2825;117.9148
MY-31950;4.3333;101.0979
MY-40706;3.0906;101.5296
MY-40990;3.0906;101.5296
MY-93738;1.531;110.3442
MY-89769;5.3195;115.3756
MY-16040;6.0573;102.1743
MY-01628;6.4455;100.2002
MY-50480;3.163;101.6753
MY-94650;1.8453;111.4252
MY-25612;3.825;103.3239
MY-80534;1.4634;103.7547
MY-26700;3.2041;102.8052
MY-30902;4.6117;101.1135
MY-26310;3.7071;103.0815
MY-71950;2.6981;101.9075
MY-88000;5.8626;115.9946
MY-06900;5.8366;100.4039
MY-09310;5.5849;100.7507
MY-96400;2.4118;112.0435
MY-93662;1.531;110.3442
MY-50590;3.139;101.6869
MY-80500;1.4634;103.7547
MY-50580;3.155;101.6889
MY-41900;3.0431;101.4407
MY-50540;3.139;101.6869
MY-20570;5.3117;103.1199
MY-50814;3.139;101.6869
MY-08210;5.9359;100.7472
MY-88676;5.9765;116.1158
MY-62504;2.9264;101.6964
MY-26600;3.5374;103.2801
MY-40726;3.0906;101.5296
MY-50661;3.139;101.6869
MY-93612;1.5852;110.3723
MY-20610;5.3117;103.1199
MY-88997;5.9765;116.1158
MY-79250;1.5034;103.6522
MY-95800;1.2817;110.9074
MY-06800;5.9008;100.4089
MY-41400;3.0557;101.4611
MY-81310;1.5107;103.6984
MY-25661;3.825;103.3239
MY-15500;6.122;102.2523
MY-88100;5.9412;116.0096
MY-01516;6.4455;100.2002
MY-70606;2.7186;101.949
MY-84400;2.0749;102.7197
MY-43900;2.9765;101.7067
MY-30576;4.6117;101.1135
MY-18200;5.4938;102.0523
MY-50536;3.139;101.6869
MY-71007;2.5364;101.8068
MY-50662;3.139;101.6869
MY-15609;6.122;102.2523
MY-71900;2.7339;101.8927
MY-25505;3.825;103.3239
MY-12710;5.4283;100.387
MY-25626;3.825;103.3239
MY-43700;2.952;101.8261
MY-94800;1.2657;110.8125
MY-40806;3.0906;101.5296
MY-70632;2.6287;102.057
MY-40712;3.0906;101.5296
MY-88902;5.9765;116.1158
MY-75608;2.2057;102.2562
MY-90713;5.8456;118.0571
MY-50620;3.139;101.6869
MY-89809;5.3475;115.7273
MY-91300;4.4363;118.5318
MY-62050;2.9264;101.6964
MY-43007;2.9977;101.7864
MY-34100;4.829;100.8841
MY-02709;6.3279;100.1958
MY-83200;1.8138;103.0467
MY-25050;3.8109;103.2884
MY-20586;5.3249;103.151
MY-50684;3.1479;101.6919
MY-70592;2.7186;101.949
MY-91019;4.2825;117.9148
MY-91033;4.2825;117.9148
MY-73509;2.6945;102.5264
MY-86600;2.1593;103.507
MY-62648;2.9213;101.6858
MY-57000;3.1013;101.6915
MY-50744;3.139;101.6869
MY-17200;5.9632;102.0073
MY-50915;3.139;101.6869
MY-93736;1.531;110.3442
MY-55912;3.139;101.6869
MY-91100;5.0434;118.346
MY-88780;5.9765;116.1158
MY-34600;4.8263;100.7717
MY-35007;4.204;101.261
MY-08400;5.7262;100.4529
MY-30614;4.36;100.9725
MY-10800;5.4179;100.3296
MY-01551;6.4455;100.2002
MY-01612;6.4455;100.2002
MY-91128;5.0488;118.3593
MY-26320;3.6745;103.04
MY-71000;2.5932;101.8413
MY-50644;3.139;101.6869
MY-93100;1.6138;110.4597
MY-22110;5.5436;102.818
MY-20700;5.3117;103.1199
MY-20990;5.3117;103.1199
MY-93507;1.531;110.3442
MY-59990;3.139;101.6869
MY-88871;5.9765;116.1158
MY-14000;5.3344;100.4673
MY-72127;2.8708;102.2548
MY-26490;3.7416;102.5443
MY-51990;3.139;101.6869
MY-72200;2.8352;102.2086
MY-82100;1.6927;103.2524
MY-88833;5.9765;116.1158
MY-17070;6.0102;102.1486
MY-25660;3.825;103.3239
MY-10578;5.4179;100.3296
MY-17700;5.8142;101.9253
MY-25710;3.825;103.3239
MY-75916;2.2057;102.2562
MY-73440;2.6873;102.5585
MY-88905;5.9765;116.1158
MY-21600;5.2424;103.126
MY-96100;2.0455;111.5346
MY-40592;3.0906;101.5296
MY-46667;3.1071;101.6083
MY-90702;5.8456;118.0571
MY-28700;3.5281;101.9763
MY-21800;5.0619;103.0496
MY-51700;3.139;101.6869
MY-91207;4.7563;118.0895
MY-36030;4.1617;101.0354
MY-10300;5.4111;100.3334
MY-93756;1.531;110.3442
MY-46805;3.1071;101.6083
MY-15516;6.122;102.2523
MY-50088;3.1479;101.7008
MY-01590;6.4455;100.2002
MY-72007;2.749;102.2502
MY-88672;5.9765;116.1158
MY-88819;5.9765;116.1158
MY-98300;3.9671;114.2984
MY-80584;1.4634;103.7547
MY-27050;3.8629;102.35
MY-93604;1.5649;110.3121
MY-50604;3.139;101.6869
MY-90720;5.8456;118.0571
MY-36209;3.9167;100.759
MY-96150;1.9636;111.0947
MY-83500;1.9663;102.9015
MY-30350;4.6105;101.1045
MY-73400;2.6637;102.5259
MY-70517;2.7186;101.949
MY-70564;2.7186;101.949
MY-15576;6.122;102.2523
MY-79513;1.5014;103.6439
MY-70586;2.7186;101.949
MY-95008;1.2336;111.4637
MY-91010;4.2825;117.9148
MY-40529;3.0906;101.5296
MY-06910;5.8336;100.3925
MY-15622;6.122;102.2523
MY-87016;5.2913;115.2459
MY-01546;6.4199;100.1698
MY-15578;6.122;102.2523
MY-93714;1.531;110.3442
MY-89007;5.265;116.3283
MY-10590;5.4179;100.3296
MY-25990;3.7;103.0226
MY-46801;3.1071;101.6083
MY-62592;2.9264;101.6964
MY-40576;3.0906;101.5296
MY-50605;3.139;101.6869
MY-98750;2.5574;113.0012
MY-15564;6.1093;102.2382
MY-10542;5.4179;100.3296
MY-20676;5.3117;103.1199
MY-33200;5.4297;101.0342
MY-28330;3.2919;102.5316
MY-40520;3.0906;101.5296
MY-41906;3.0431;101.4407
MY-50250;3.1447;101.6951
MY-01674;6.4248;100.1975
MY-90728;5.8456;118.0571
MY-20690;5.3117;103.1199
MY-90200;5.2438;117.4841
MY-89250;6.117;116.2675
MY-16200;6.1174;102.1685
MY-71960;2.6616;101.7687
MY-20506;5.3117;103.1199
MY-13200;5.4457;100.4566
MY-20710;5.3117;103.1199
MY-70730;2.7186;101.949
MY-93750;1.531;110.3442
MY-59100;3.1317;101.6707
MY-48010;3.3351;101.5498
MY-28310;3.2641;102.4548
MY-02000;6.2683;100.2088
MY-15664;6.122;102.2523
MY-10790;5.4179;100.3296
MY-88724;5.4204;116.7968
MY-88861;5.9765;116.1158
MY-08509;5.6454;100.3551
MY-45800;3.1944;101.4281
MY-88781;5.9765;116.1158
MY-14101;5.3599;100.3102
MY-06500;6.0479;100.407
MY-08007;5.649;100.4951
MY-50940;3.139;101.6869
MY-89740;5.4894;115.5347
MY-64000;2.8239;101.687
MY-05516;6.1194;100.3677
MY-89507;5.8794;116.104
MY-01564;6.4455;100.2002
MY-93540;1.531;110.3442
MY-11100;5.4452;100.2911
MY-21100;5.3199;103.1074
MY-50554;3.139;101.6869
MY-10661;5.4179;100.3296
MY-30534;4.6117;101.1135
MY-17020;6.0403;102.1465
MY-91031;4.2825;117.9148
MY-91030;4.2825;117.9148
MY-46799;3.1071;101.6083
MY-81700;1.5002;103.8273
MY-18400;5.7612;102.1769
MY-93712;1.531;110.3442
MY-50902;3.139;101.6869
MY-34020;4.8719;100.7297
MY-15644;6.122;102.2523
MY-50578;3.139;101.6869
MY-63000;2.9679;101.653
MY-01673;6.4455;100.2002
MY-30504;4.6117;101.1135
MY-05626;6.1194;100.3677
MY-70672;2.7186;101.949
MY-25552;3.825;103.3239
MY-46793;3.1071;101.6083
MY-25576;3.825;103.3239
MY-70532;2.7186;101.949
MY-80560;1.4634;103.7547
MY-89107;6.4852;116.7328
MY-98000;4.2678;113.9692
MY-93502;1.531;110.3442
MY-46598;3.1071;101.6083
MY-46770;3.1071;101.6083
MY-20632;4.5782;103.2743
MY-22309;5.8201;102.5377
MY-89500;5.8883;116.1026
MY-09010;5.5956;100.6129
MY-71909;2.7633;101.7696
MY-90400;6.0793;117.5024
MY-46860;3.1071;101.6083
MY-13100;5.4632;100.4027
MY-79523;1.5014;103.6439
MY-30520;4.6117;101.1135
MY-93514;1.531;110.3442
MY-15608;5.9453;102.2339
MY-70620;2.6338;102.0522
MY-01626;6.4455;100.2002
MY-17007;6.0427;102.1391
MY-47620;3.0337;101.5873
MY-88782;5.9765;116.1158
MY-13300;5.3581;100.4798
MY-25646;3.825;103.3239
MY-25582;3.4923;103.3896
MY-18000;5.5693;102.1786
MY-88789;5.9765;116.1158
MY-88818;5.9765;116.1158
MY-55934;3.139;101.6869
MY-42960;2.8879;101.3913
MY-75900;2.2057;102.2562
MY-88770;5.9765;116.1158
MY-91126;5.0488;118.3593
MY-42800;2.7691;101.5625
MY-90716;5.8456;118.0571
MY-48050;3.2559;101.5642
MY-28730;3.4095;102.0024
MY-88990;5.9765;116.1158
MY-88721;5.4204;116.7968
MY-79517;1.5014;103.6439
MY-95400;1.6629;111.2076
MY-40300;3.0549;101.5314
MY-88872;5.9765;116.1158
MY-11020;5.3662;100.238
MY-50932;3.139;101.6869
MY-06350;6.1542;100.5613
MY-21610;5.0599;103.2796
MY-11609;5.4075;100.3206
MY-88546;5.9765;116.1158
MY-27607;3.7926;101.8584
MY-45700;3.1956;101.3926
MY-05000;6.1063;100.3685
MY-46787;3.1071;101.6083
MY-30612;4.6117;101.1135
MY-34900;4.5708;100.6901
MY-30546;4.6117;101.1135
MY-40802;3.0906;101.5296
MY-40560;3.0906;101.5296
MY-79000;1.5014;103.6439
MY-06750;5.9562;100.4823
MY-50917;3.139;101.6869
MY-25551;3.825;103.3239
MY-05630;6.1201;100.3918
MY-50515;3.139;101.6869
MY-26607;3.5007;103.3901
MY-75506;2.2039;102.2526
MY-50668;3.139;101.6869
MY-88807;5.9765;116.1158
MY-81850;1.7832;103.4388
MY-79505;1.5014;103.6439
MY-26090;3.822;103.0217
MY-77309;2.1389;102.4051
MY-75628;2.2057;102.2562
MY-50614;3.139;101.6869
MY-40632;3.0906;101.5296
MY-15350;6.1118;102.249
MY-85000;2.3134;102.9786
MY-91014;4.2825;117.9148
MY-62550;2.9264;101.6964
MY-50912;3.139;101.6869
MY-93728;1.531;110.3442
MY-26150;3.9317;103.3769
MY-36110;4.1077;100.9751
MY-09007;5.3895;100.5634
MY-88866;5.9765;116.1158
MY-91032;4.2825;117.9148
MY-20656;5.3117;103.1199
MY-40720;3.0906;101.5296
MY-88502;5.9765;116.1158
MY-88826;5.9765;116.1158
MY-50906;3.139;101.6869
MY-08010;5.7166;100.5062
MY-94507;1.6752;109.8007
MY-31000;4.4422;101.0546
MY-35820;3.814;101.4223
MY-25548;3.4931;103.3912
MY-50936;3.139;101.6869
MY-71009;2.5364;101.8068
MY-93900;1.531;110.3442
MY-10558;5.4179;100.3296
MY-88592;5.9765;116.1158
MY-50600;3.139;101.6869
MY-20592;5.3117;103.1199
MY-70540;2.7186;101.949
MY-91026;4.2825;117.9148
MY-75460;2.21;102.2906
MY-10596;5.4179;100.3296
MY-30790;4.6117;101.1135
MY-25564;3.4924;103.3896
MY-20626;5.3117;103.1199
MY-25609;3.825;103.3239
MY-93505;1.531;110.3442
MY-46730;3.1071;101.6083
MY-05100;6.1272;100.3698
MY-40622;3.0906;101.5296
MY-73500;2.694;102.4612
MY-75564;2.2057;102.2562
MY-96850;1.735;112.533
MY-26440;3.6808;102.6015
MY-89657;5.6915;116.3775
MY-15502;6.122;102.2523
MY-40648;3.0906;101.5296
MY-41300;3.0641;101.466
MY-40730;3.0906;101.5296
MY-55000;3.1532;101.7252
MY-72100;2.8199;102.2934
MY-23000;4.8168;103.3036
MY-28380;3.2452;102.4252
MY-26810;2.8956;103.3812
MY-50666;3.139;101.6869
MY-72307;2.9571;102.3035
MY-47600;3.0473;101.5712
MY-90100;5.9945;117.3361
MY-05644;6.1194;100.3677
MY-75612;2.2057;102.2562
MY-13800;5.3723;100.4418
MY-75904;2.2057;102.2562
MY-40598;3.0906;101.5296
MY-50740;3.139;101.6869
MY-01632;6.5233;100.23
MY-10670;5.4179;100.3296
MY-51100;3.175;101.6893
MY-40590;3.0906;101.5296
MY-81450;1.7601;103.6852
MY-96410;2.8576;111.8762
MY-34800;4.6539;100.7739
MY-36800;4.3923;100.9307
MY-17060;6.0061;102.1743
MY-93450;1.5484;110.3676
MY-45100;3.776;100.875
MY-50450;3.1512;101.7091
MY-05300;6.0907;100.3819
MY-93702;1.531;110.3442
MY-34010;4.7024;100.7738
MY-79632;1.4788;103.7416
MY-77109;2.3862;102.492
MY-05620;6.13;100.3665
MY-25000;3.8099;103.2893
MY-20930;5.3117;103.1199
MY-50920;3.139;101.6869
MY-46789;3.1071;101.6083
MY-41902;3.0431;101.4407
MY-32500;4.2702;100.8909
MY-30674;4.6117;101.1135
MY-93518;1.531;110.3442
MY-15504;6.122;102.2523
MY-71309;2.5797;102.1024
MY-47200;3.1851;101.6275
MY-71459;2.7186;101.949
MY-70582;2.7186;101.949
MY-87025;5.2913;115.2459
MY-30770;4.6117;101.1135
MY-22200;5.7332;102.613
MY-16600;5.8908;102.2376
MY-30990;4.6117;101.1135
MY-50800;3.139;101.6869
MY-50812;3.139;101.6869
MY-42500;3.0639;101.5355
MY-30552;4.6117;101.1135
MY-87000;5.296;115.2429
MY-62604;2.9293;101.6986
MY-01664;6.4455;100.2002
MY-23400;4.6199;103.2089
MY-87021;5.2913;115.2459
MY-33420;5.1596;101.0009
MY-89729;5.5243;115.6889
MY-40100;3.0799;101.5334
MY-10840;5.4179;100.3296
MY-15548;6.122;102.2523
MY-46968;3.1071;101.6083
MY-01672;6.4455;100.2002
MY-05696;6.1194;100.3677
MY-46720;3.1071;101.6083
MY-50933;3.139;101.6869
MY-79626;1.4875;103.7518
MY-47400;3.1296;101.6274
MY-91023;4.2825;117.9148
MY-83000;1.8578;103.0357
MY-93760;1.531;110.3442
MY-01604;6.4455;100.2002
MY-44200;3.3861;101.6093
MY-30646;4.6117;101.1135
MY-20606;5.3117;103.1199
MY-90719;5.8456;118.0571
MY-91127;5.0488;118.3593
MY-05594;6.1194;100.3677
MY-62686;2.9264;101.6964
MY-91025;4.2825;117.9148
MY-90738;5.8456;118.0571
MY-50798;3.139;101.6869
MY-88670;5.9765;116.1158
MY-93626;1.531;110.3442
MY-30560;4.6117;101.1135
MY-08009;5.649;100.4951
MY-40460;3.0538;101.5304
MY-30740;4.6117;101.1135
MY-73430;2.7184;102.5765
MY-70690;2.7186;101.949
MY-45500;3.316;101.3201
MY-12990;5.4283;100.387
MY-16060;6.0547;102.3868
MY-25750;3.825;103.3239
MY-72500;2.7566;102.2523
MY-88816;5.9765;116.1158
MY-53100;3.2321;101.69425000000001
MY-10820;5.4179;100.3296
MY-31920;4.3612;101.1063
MY-55916;3.139;101.6869
MY-15560;6.122;102.2523
MY-02707;6.3279;100.1958
MY-50682;3.1306;101.6983
MY-40505;3.0906;101.5296
MY-55930;3.139;101.6869
MY-50730;3.139;101.6869
MY-88839;5.9765;116.1158
MY-62516;2.9264;101.6964
MY-46564;3.1071;101.6083
MY-50672;3.139;101.6869
MY-46781;3.1071;101.6083
MY-15990;6.122;102.2523
MY-98850;3.9117;114.0909
MY-42920;3.05175;101.56195
MY-79603;1.5014;103.6439
MY-30628;4.6117;101.1135
MY-85400;2.0491;103.1443
MY-16050;6.032;102.3251
MY-50930;3.139;101.6869
MY-31250;4.5601;101.1448
MY-24000;4.3305;103.352
MY-50738;3.139;101.6869
MY-88783;5.9765;116.1158
MY-88788;5.9765;116.1158
MY-88823;5.9765;116.1158
MY-70518;2.7186;101.949
MY-11920;5.3185;100.2691
MY-88776;5.9765;116.1158
MY-40716;3.0906;101.5296
MY-25524;3.825;103.3239
MY-30840;4.6117;101.1135
MY-47000;3.1618;101.598
MY-05520;6.1194;100.3677
MY-10660;5.4179;100.3296
MY-50632;3.139;101.6869
MY-91124;5.0488;118.3593
MY-02800;6.3194;100.2031
MY-31600;4.5193;101.1153
MY-88598;5.9765;116.1158
MY-24107;4.3364;103.4683
MY-50808;3.139;101.6869
MY-33040;4.7272;100.9564
MY-25350;3.7745;103.2176
MY-96509;2.2138;111.5514
MY-46792;3.1071;101.6083
MY-42100;3.0592;101.4615
MY-50100;3.1513;101.6947
MY-88624;5.9765;116.1158
MY-77000;2.2933;102.4146
MY-91309;4.4363;118.5318
MY-88634;5.9765;116.1158
MY-50596;3.139;101.6869
MY-50653;3.139;101.6869
MY-06720;5.9352;100.4749
MY-94600;1.5424;110.516
MY-40578;3.0906;101.5296
MY-13220;5.4636;100.4213
MY-36600;4.2992;101.0101
MY-30664;4.6117;101.1135
MY-36300;4.0448;100.8621
MY-96709;1.9064;112.2371
MY-15572;6.122;102.2523
MY-30912;4.6117;101.1135
MY-20502;5.3117;103.1199
MY-88988;5.9765;116.1158
MY-94750;1.1335;110.5286
MY-73100;2.6182;102.2701
MY-90714;5.8456;118.0571
MY-46675;3.1071;101.6083
MY-10620;5.3518;100.3042
MY-20536;5.3117;103.1199
MY-34850;4.7067;100.832
MY-93010;1.5361;110.3442
MY-88582;5.9587;116.0657
MY-10538;5.4179;100.3296
MY-34950;5.1873;100.5156
MY-36207;3.9167;100.759
MY-05518;6.1194;100.3677
MY-98100;4.4803;114.0108
MY-05576;6.1194;100.3677
MY-93590;1.531;110.3442
MY-81600;1.4656;103.9435
MY-73507;2.6945;102.5264
MY-27210;4.5119;101.9734
MY-41586;3.0431;101.4407
MY-25509;3.825;103.3239
MY-30542;4.6117;101.1135
MY-88815;5.9765;116.1158
MY-88855;5.9765;116.1158
MY-17040;6.0284;102.1551
MY-34250;4.9011;100.5731
MY-06650;6.013;100.4018
MY-70572;2.7186;101.949
MY-15506;6.122;102.2523
MY-88505;5.9765;116.1158
MY-30590;4.6117;101.1135
MY-27609;3.7926;101.8584
MY-46582;3.1071;101.6083
MY-33007;4.7727;100.9403
MY-88774;5.9765;116.1158
MY-15660;6.122;102.2523
MY-87014;5.2913;115.2459
MY-40500;3.0906;101.5296
MY-56000;3.0853333333333333;101.73146666666668
MY-70700;2.7186;101.949
MY-88862;5.9765;116.1158
MY-01572;6.4455;100.2002
MY-90700;5.8456;118.0571
MY-46780;3.1071;101.6083
MY-10676;5.4186;100.3438
MY-31650;4.5756;101.0788
MY-88534;5.9765;116.1158
MY-30551;4.6117;101.1135
MY-20916;5.3117;103.1199
MY-89958;5.0414;116.4267
MY-46970;3.1071;101.6083
MY-26100;3.87465;103.3084
MY-50752;3.139;101.6869
MY-84200;2.0102;102.6981
MY-14300;5.2141;100.4518
MY-31050;4.9134;101.0665
MY-88646;5.9765;116.1158
MY-14110;5.3299;100.3927
MY-11600;5.3956;100.3111
MY-80676;1.4634;103.7547
MY-93990;1.531;110.3442
MY-88527;5.9765;116.1158
MY-06207;6.2017;100.4128
MY-15630;6.1996;102.1696
MY-75990;2.2057;102.2562
MY-46798;3.1071;101.6083
MY-05990;6.1194;100.3677
MY-06050;6.3493;100.4429
MY-50718;3.139;101.6869
MY-22020;5.6795;102.5851
MY-89207;6.1686;116.2348
MY-90721;5.8456;118.0571
MY-47410;3.12;101.5952
MY-75600;2.2057;102.2562
MY-62596;2.9264;101.6964
MY-62628;2.9264;101.6964
MY-88994;5.9765;116.1158
MY-88777;5.9765;116.1158
MY-05660;6.1194;100.3677
MY-44020;3.4593;101.4807
MY-93916;1.531;110.3442
MY-20658;5.3117;103.1199
MY-70558;2.7186;101.949
MY-95709;1.4196;111.5959
MY-44010;3.3057;101.5167
MY-36700;4.2015;101.0814
MY-70546;2.7186;101.949
MY-93732;1.531;110.3442
MY-30500;4.6117;101.1135
MY-70750;2.7186;101.949
MY-06250;5.9619;100.36609999999999
MY-50921;3.139;101.6869
MY-15626;6.122;102.2523
MY-47830;3.1871;101.5917
MY-46672;3.1071;101.6083
MY-50750;3.139;101.6869
MY-62000;2.9264;101.6964
MY-09110;5.7874;100.6923
MY-50673;3.139;101.6869
MY-88763;5.9765;116.1158
MY-21009;5.3117;103.1199
MY-30502;4.6117;101.1135
MY-75672;2.2057;102.2562
MY-15730;6.122;102.2523
MY-75622;2.2057;102.2562
MY-40582;3.0906;101.5296
MY-88722;5.4204;116.7968
MY-90701;5.8456;118.0571
MY-62150;2.9264;101.6964
MY-93503;1.531;110.3442
MY-25610;3.825;103.3239
MY-25628;3.825;103.3239
MY-89057;6.8285;116.7241
MY-10720;5.4179;100.3296
MY-20672;5.3117;103.1199
MY-50529;3.139;101.6869
MY-13050;5.4161;100.4047
MY-40608;3.6795;100.9886
MY-75700;2.2057;102.2562
MY-10593;5.4179;100.3296
MY-40704;3.0906;101.5296
MY-62676;2.9264;101.6964
MY-08340;5.8969;100.6685
MY-40700;3.0906;101.5296
MY-62574;2.9264;101.6964
MY-31800;4.3912;101.0461
MY-80628;1.4634;103.7547
MY-90735;5.8456;118.0571
MY-43300;3.0383;101.7094
MY-15508;6.122;102.2523
MY-30648;4.6117;101.1135
MY-20564;5.3117;103.1199
MY-20400;5.2184;103.1682
MY-20668;5.3117;103.1199
MY-22109;5.5837;102.7858
MY-90708;5.8456;118.0571
MY-89807;5.3475;115.7273
MY-93552;1.531;110.3442
MY-62510;2.9264;101.6964
MY-75676;2.2057;102.2562
MY-55928;3.139;101.6869
MY-88835;5.9765;116.1158
MY-70503;2.7186;101.949
MY-25656;3.825;103.3239
MY-89708;5.4835;115.7834
MY-26200;3.8104;102.9129
MY-88508;5.9765;116.1158
MY-05621;6.1194;100.3677
MY-80100;1.5041;103.7052
MY-75519;2.2046;102.2468
MY-31900;4.2164;101.1838
MY-50532;3.139;101.6869
MY-50943;3.139;101.6869
MY-20503;5.3117;103.1199
MY-40000;3.0797;101.5186
MY-59000;3.1328;101.6783
MY-88825;5.9765;116.1158
MY-71807;2.8393;101.7949
MY-89200;6.132;116.2069
MY-70648;2.7186;101.949
MY-34700;4.7183;100.7986
MY-89959;5.0414;116.4267
MY-48300;3.3083;101.5123
MY-78300;2.3301;102.1472
MY-55914;3.139;101.6869
MY-25608;3.8023;101.8558
MY-10508;5.4179;100.3296
MY-58100;3.1185;101.687
MY-05552;6.1194;100.3677
MY-93506;1.531;110.3442
MY-71050;2.5099;102.0049
MY-80604;1.4634;103.7547
MY-50937;3.139;101.6869
MY-93614;1.531;110.3442
MY-28300;3.3177;102.4798
MY-77008;2.3048;102.4258
MY-26340;2.638;103.6324
MY-85300;2.2604;103.5458
MY-71770;2.738;101.9624
MY-70634;2.7186;101.949
MY-88648;5.9765;116.1158
MY-13000;5.4219;100.3888
MY-91011;4.2825;117.9148
MY-44100;3.5566;101.5612
MY-88787;5.9765;116.1158
MY-14320;5.1894;100.4501
MY-30570;4.6117;101.1135
MY-62606;2.9264;101.6964
MY-89907;4.9872;115.9241
MY-88784;5.9765;116.1158
MY-80508;1.4634;103.7547
MY-79601;1.5014;103.6439
MY-17009;6.0427;102.1391
MY-20550;4.505;103.4432
MY-88790;5.9765;116.1158
MY-20926;5.3117;103.1199
MY-47810;3.144;101.5875
MY-30592;4.6117;101.1135
MY-13110;5.4852;100.3937
MY-10000;5.4166;100.3305
MY-12720;5.4283;100.387
MY-34300;4.8687;100.6968
MY-10662;5.4179;100.3296
MY-73420;2.6592;102.5529
MY-62654;2.9264;101.6964
MY-88991;5.9765;116.1158
MY-13400;5.402;100.394
MY-40804;3.0906;101.5296
MY-88769;5.9765;116.1158
MY-50746;3.139;101.6869
MY-50500;3.1325;101.6957
MY-50944;3.139;101.6869
MY-27630;3.71535;101.99719999999999
MY-25670;3.825;103.3239
MY-72507;2.749;102.2502
MY-95600;1.6533;111.5983
MY-50700;3.139;101.6869
MY-21820;5.0464;103.0901
MY-91113;5.0488;118.3593
MY-20918;5.3117;103.1199
MY-01503;6.4455;100.2002
MY-50926;3.139;101.6869
MY-39100;4.3557;101.6275
MY-27300;3.9583;102.1692
MY-10610;5.4179;100.3296
MY-30690;4.6117;101.1135
MY-88820;5.9765;116.1158
MY-20582;5.0737;103.0221
MY-25584;3.825;103.3239
MY-79514;1.5014;103.6439
MY-88772;5.9765;116.1158
MY-71100;2.5693;101.997
MY-30300;4.6381;101.075
MY-88560;5.9765;116.1158
MY-75540;2.2057;102.2562
MY-88450;5.9558;116.0368
MY-10400;5.4172;100.3233
MY-62526;2.9264;101.6964
MY-40572;3.0906;101.5296
MY-30830;4.6117;101.1135
MY-23050;4.7789;103.3726
MY-23100;4.7314;103.358
MY-35350;4.3504;101.1622
MY-86500;2.1332;103.4663
MY-41720;3.0431;101.4407
MY-05050;6.0141;100.3832
MY-46050;3.095;101.6232
MY-26420;3.699;102.5528
MY-50656;3.1466;101.6933
MY-05675;6.1194;100.3677
MY-88848;5.9765;116.1158
MY-62522;2.935;101.6945
MY-50564;3.1078;101.7282
MY-73470;2.9001;102.5625
MY-93700;1.531;110.3442
MY-89760;5.3398;115.3766
MY-94809;1.1862;110.9032
MY-27650;4.1582;101.84
MY-88874;5.9765;116.1158
MY-55300;3.1177;101.7424
MY-26140;3.957;103.226
MY-50544;3.139;101.6869
MY-91029;4.2825;117.9148
MY-10503;5.4179;100.3296
MY-55900;3.139;101.6869
MY-36307;3.9014;100.8616
MY-28040;3.4884;102.431
MY-79150;1.4968;103.6524
MY-10552;5.4179;100.3296
MY-46806;3.1071;101.6083
MY-50556;3.139;101.6869
MY-46100;3.1026;101.6288
MY-25514;3.825;103.3239
MY-98200;3.195;112.6848
MY-80590;1.4634;103.7547
MY-02609;6.415;100.2823
MY-25598;3.825;103.3239
MY-06550;6.11655;100.36019999999999
MY-88767;5.9765;116.1158
MY-10560;5.4179;100.3296
MY-62624;2.9264;101.6964
MY-75720;2.2057;102.2562
MY-93532;1.531;110.3442
MY-50400;3.149;101.697
MY-26609;3.5007;103.3901
MY-47308;3.1298;101.6275
MY-12700;5.4283;100.387
MY-34310;4.9058;100.7568
MY-01694;6.4455;100.2002
MY-68100;3.2251;101.6803
MY-40450;3.0612;101.5189
MY-25503;3.825;103.3239
MY-79200;1.4836;103.6364
MY-89950;4.7676;116.4017
MY-25700;3.825;103.3239
MY-26050;3.7793;102.9106
MY-70628;2.7186;101.949
MY-30661;4.6117;101.1135
MY-05514;6.1194;100.3677
MY-98008;4.3331;113.9949
MY-86900;2.5415;103.542
MY-23300;4.4348;103.3763
MY-30900;4.6117;101.1135
MY-79504;1.5014;103.6439
MY-75710;2.2057;102.2562
MY-88838;5.9765;116.1158
MY-75578;2.2057;102.2562
MY-81750;1.5599500000000002;103.7727
MY-20928;5.3117;103.1199
MY-80620;1.5384;103.7686
MY-80668;1.4634;103.7547
MY-01592;6.4455;100.2002
MY-40564;3.0906;101.5296
MY-88832;5.9765;116.1158
MY-13700;5.3834;100.393
MY-50350;3.1512;101.6956
MY-93300;1.5992;110.4436
MY-30524;4.6117;101.1135
MY-01648;6.4455;100.2002
MY-88759;5.9765;116.1158
MY-15582;6.122;102.2523
MY-89159;6.3648;116.4476
MY-88562;5.9765;116.1158
MY-15672;6.122;102.2523
MY-87013;5.2913;115.2459
MY-01556;6.4455;100.2002
MY-79100;1.4835;103.6341
MY-24050;4.3038;103.2105
MY-47820;3.1571;101.6019
MY-09810;5.3649;100.6151
MY-25622;3.825;103.3239
MY-22100;5.4698;102.8602
MY-05582;6.2434;100.2418
MY-10582;5.4614;100.2192
MY-33009;4.7727;100.9403
MY-50732;3.139;101.6869
MY-88844;5.9765;116.1158
MY-90726;5.8456;118.0571
MY-40517;3.1583;101.6943
MY-17600;5.728;101.9225
MY-06150;6.1893;100.2859
MY-91120;5.0488;118.3593
MY-22107;5.5837;102.7858
MY-13310;5.4558;100.4549
MY-46966;3.1071;101.6083
MY-88564;5.9765;116.1158
MY-26450;3.7028;102.5393
MY-80586;1.4583;103.7462
MY-50941;3.139;101.6869
MY-50901;3.139;101.6869
MY-70536;2.7186;101.949
MY-62551;2.9264;101.6964
MY-96009;2.31;111.84
MY-16320;6.0547;102.3868
MY-05622;6.1194;100.3677
MY-93658;1.531;110.3442
MY-46795;3.1071;101.6083
MY-41050;3.0645;101.4786
MY-89850;5.0331;115.5728
MY-50802;3.139;101.6869
MY-46802;3.1071;101.6083
MY-80050;1.4863;103.7713
MY-32100;4.8073;100.8
MY-50908;3.139;101.6869
MY-88760;5.9765;116.1158
MY-80608;1.4634;103.7547
MY-20505;5.3117;103.1199
MY-88723;5.4204;116.7968
MY-75630;2.2057;102.2562
MY-20520;5.3117;103.1199
MY-62300;2.9264;101.6964
MY-80536;1.4634;103.7547
MY-31450;4.5904;101.0807
MY-81930;1.6712;103.9725
MY-42600;2.9723;101.5282
MY-90723;5.8456;118.0571
MY-10500;5.4179;100.3296
MY-93578;1.5306;110.3376
MY-30505;4.6117;101.1135
MY-05700;6.1194;100.3677
MY-15558;6.122;102.2523
MY-97300;3.264;113.0846
MY-96707;1.9064;112.2371
MY-01576;6.4455;100.2002
MY-70609;2.7186;101.949
MY-81500;1.5884;103.5598
MY-20622;5.3117;103.1199
MY-75551;2.2057;102.2562
MY-88814;5.9765;116.1158
MY-81100;1.5495;103.708
MY-85100;2.4247;102.8497
MY-93608;1.1658;110.5655
MY-15503;6.122;102.2523
MY-81000;1.5946500000000001;103.6279
MY-01009;6.4455;100.2002
MY-93716;1.531;110.3442
MY-79520;1.457;103.7623
MY-88762;5.9765;116.1158
MY-89609;5.6064;115.9625
MY-17000;6.0129;102.1459
MY-88590;5.9765;116.1158
MY-20618;5.3117;103.1199
MY-50676;3.139;101.6869
MY-70710;2.7186;101.949
MY-81400;1.6446;103.5973
MY-21220;5.2188;103.0314
MY-77009;2.3048;102.4258
MY-10674;5.4179;100.3296
MY-50506;3.139;101.6869
MY-14007;5.3538;100.4744
MY-58990;3.139;101.6869
MY-88626;5.9765;116.1158
MY-20900;5.3117;103.1199
MY-72107;2.8046;102.3876
MY-25546;3.825;103.3239
MY-93752;1.531;110.3442
MY-26350;3.665;103.1005
MY-93677;1.4264;110.3212
MY-93560;1.531;110.3442
MY-75500;2.2057;102.2562
MY-71550;2.6982;102.1791
MY-91123;5.0488;118.3593
MY-13600;5.3769;100.3848
MY-10551;5.4179;100.3296
MY-40800;3.0906;101.5296
MY-90709;5.8456;118.0571
MY-62536;2.9264;101.6964
MY-01680;6.4455;100.2002
MY-01500;6.4455;100.2002
MY-28320;3.1929;102.2939
MY-50818;3.139;101.6869
MY-88460;6.0349;116.147
MY-12200;5.4211;100.3762
MY-75908;2.2057;102.2562
MY-20540;5.3117;103.1199
MY-09020;5.5494;100.5186
MY-84300;2.1122;102.7617
MY-91000;4.2901;117.8994
MY-25538;3.825;103.3239
MY-10760;5.4179;100.3296
MY-20534;5.3117;103.1199
MY-50931;3.139;101.6869
MY-33410;5.1139;101.0489
MY-15518;6.122;102.2523
MY-88516;5.9765;116.1158
MY-88785;5.9765;116.1158
MY-50714;3.139;101.6869
MY-20551;5.3117;103.1199
MY-50502;3.139;101.6869
MY-30626;4.6117;101.1135
MY-14100;5.2875;100.4709
MY-08407;5.7246;100.3688
MY-50990;3.139;101.6869
MY-93730;1.531;110.3442
MY-93554;1.531;110.3442
MY-89659;5.6915;116.3775
MY-40551;3.0851;101.5234
MY-16090;6.0338;102.3572
MY-79552;1.5014;103.6439
MY-30564;4.6117;101.1135
MY-50934;3.139;101.6869
MY-62512;2.9264;101.6964
MY-05680;6.1194;100.3677
MY-35700;3.9577;101.3342
MY-25578;3.825;103.3239
MY-93500;1.531;110.3442
MY-21300;5.3436;103.0796
MY-11060;5.4019;100.3036
MY-50562;3.139;101.6869
MY-27310;3.9168;102.0663
MY-46972;3.1071;101.6083
MY-06509;6.1237;100.4445
MY-20542;5.3117;103.1199
MY-81200;1.5249;103.6874
MY-15586;6.1237;102.2468
MY-88993;5.9765;116.1158
MY-80592;1.4634;103.7547
MY-88846;5.9765;116.1158
MY-33400;4.9846;100.973
MY-88779;5.9765;116.1158
MY-88766;5.9765;116.1158
MY-40670;3.0906;101.5296
MY-16030;6.0547;102.3868
MY-75586;2.2193;102.2612
MY-14200;5.2691;100.47174999999999
MY-83100;1.664;103.2453
MY-50911;3.139;101.6869
MY-01622;6.4455;100.2002
MY-26300;3.7444;103.1378
MY-62652;2.9232;101.6915
MY-50928;3.139;101.6869
MY-81550;1.4619;103.5857
MY-80350;1.5388;103.7012
MY-93720;1.531;110.3442
MY-79518;1.5014;103.6439
MY-20660;5.3117;103.1199
MY-40548;3.0906;101.5296
MY-08507;5.6454;100.3551
MY-93250;1.562;110.3152
MY-88802;5.9765;116.1158
MY-75760;2.2057;102.2562
MY-98050;2.0768;112.3837
MY-47610;3.0439;101.5792
MY-14400;5.4088;100.4837
MY-72120;2.8299;102.2531
MY-87020;5.2913;115.2459
MY-55926;3.139;101.6869
MY-88594;5.9765;116.1158
MY-88995;5.9765;116.1158
MY-68000;3.1549;101.7412
MY-25250;3.751;103.1276
MY-26370;3.7137;103.0738
MY-50603;3.1249;101.6528
MY-90705;5.8456;118.0571
MY-81920;1.77885;103.55577500000001
MY-89307;5.9371;116.6695
MY-88842;5.9765;116.1158
MY-50610;3.139;101.6869
MY-50576;3.139;101.6869
MY-46978;3.0689;101.5742
MY-15520;6.122;102.2523
MY-27040;3.9721;102.3729
MY-93520;1.531;110.3442
MY-34030;4.7348;100.8402
MY-27000;3.4004;102.0898
MY-08800;5.7896;100.5238
MY-05632;6.1643;100.5356
MY-88775;5.9765;116.1158
MY-43009;2.9977;101.7864
MY-20552;5.3117;103.1199
MY-97200;2.5733;112.6906
MY-50505;3.139;101.6869
MY-90733;5.8456;118.0571
MY-30536;4.6117;101.1135
MY-88552;5.9765;116.1158
MY-47120;3.0122;101.6283
MY-30604;4.6117;101.1135
MY-88510;5.9765;116.1158
MY-80578;1.4634;103.7547
MY-91122;5.0488;118.3593
MY-47180;3.0666;101.6122
MY-16400;5.92;102.2742
MY-93556;1.531;110.3442
MY-15628;6.119;102.3573
MY-70534;2.7186;101.949
MY-76450;2.2682;102.2234
MY-90731;5.8456;118.0571
MY-71209;2.589;101.9629
MY-08700;5.8761;100.6146
MY-01508;6.4455;100.2002
MY-80150;1.5074;103.7329
MY-01000;6.4312;100.2056
MY-54100;3.1536;101.7038
MY-01598;6.4455;100.2002
MY-79538;1.5014;103.6439
MY-73309;2.5946;102.4134
MY-88773;5.9765;116.1158
MY-93527;1.531;110.3442
MY-88865;5.9765;116.1158
MY-75618;2.2585;102.2505
MY-50810;3.139;101.6869
MY-46791;3.1071;101.6083
MY-75550;2.2057;102.2562
MY-05614;6.1194;100.3677
MY-15614;6.122;102.2523
MY-93910;1.531;110.3442
MY-45600;3.3036;101.46
MY-75200;2.2115;102.241
MY-48200;3.23;101.6374
MY-09200;5.6818;100.758
MY-89720;5.5243;115.6889
MY-87022;5.2913;115.2459
MY-16310;5.9932;102.3636
MY-91027;4.2825;117.9148
MY-15690;6.122;102.2523
MY-35907;3.6913;101.5236
MY-30503;4.6117;101.1135
MY-30516;4.6117;101.1135
MY-75400;2.211;102.2548
MY-62250;2.9472;101.6872
MY-15540;6.122;102.2523
MY-20910;5.3117;103.1199
MY-70300;2.7313;101.9307
MY-46786;3.1071;101.6083
MY-94509;1.6752;109.8007
MY-01600;6.4455;100.2002
MY-78307;2.3504;102.1078
MY-53000;3.1788;101.7045
MY-62632;2.9264;101.6964
MY-93517;1.531;110.3442
MY-77200;2.3215500000000002;102.28280000000001
MY-46549;3.1071;101.6083
MY-88992;5.9765;116.1158
MY-06200;5.9661;100.4734
MY-20512;5.3117;103.1199
MY-01676;6.4455;100.2002
MY-93734;1.531;110.3442
MY-89658;5.6915;116.3775
MY-89257;6.117;116.2675
MY-02500;6.4113;100.2371
MY-31007;4.4693;101.0397
MY-88609;5.9765;116.1158
MY-20050;5.2886;103.104
MY-30596;4.6117;101.1135
MY-70000;2.8109;101.9012
MY-25550;3.825;103.3239
MY-15519;5.8081;102.1509
MY-98700;4.1371;114.6005
MY-01550;6.3979;100.1325
MY-07007;6.3233;99.8547
MY-88812;5.9765;116.1158
MY-75517;2.2057;102.2562
MY-93914;1.531;110.3442
MY-35800;4.0303;101.294
MY-40626;3.0906;101.5296
MY-25506;3.825;103.3239
MY-26680;3.2987;103.3341
MY-50708;3.139;101.6869
MY-88660;5.8687;118.0575
MY-34400;4.9211;100.7084
MY-75632;2.2057;102.2562
MY-93742;1.531;110.3442
MY-27670;3.7602;101.8365
MY-86200;1.881;103.3957
MY-20609;5.3117;103.1199
MY-40690;3.0906;101.5296
MY-91115;5.0488;118.3593
MY-01560;6.4455;100.2002
MY-40612;3.1683;101.7118
MY-25500;3.825;103.3239
MY-55932;3.139;101.6869
MY-58200;3.0934;101.6794
MY-26070;3.7579;103.1751
MY-50702;3.139;101.6869
MY-40675;3.0906;101.5296
MY-91111;5.0488;118.3593
MY-94000;1.4813;110.1013
MY-88813;5.9765;116.1158
MY-25674;3.8029;103.3237
MY-47150;3.1013;101.5693
MY-98009;4.3331;113.9949
MY-50636;3.139;101.6869
MY-26690;3.2106;103.0223
MY-73009;2.4898;102.2377
MY-86100;1.9032;103.2165
MY-10540;5.4179;100.3296
MY-75626;2.2057;102.2562
MY-10470;5.4289;100.3104
MY-87028;5.2913;115.2459
MY-05578;6.1194;100.3677
MY-88526;5.9765;116.1158
MY-87029;5.2913;115.2459
MY-70658;2.7186;101.949
MY-50916;3.139;101.6869
MY-80902;1.4634;103.7547
MY-35910;3.8618;101.4197
MY-70400;2.7486;101.9435
MY-20904;5.3117;103.1199
MY-26180;3.8593;103.275
MY-88996;5.9765;116.1158
MY-26610;3.5732;103.2581
MY-71350;2.5231;102.1388
MY-46760;3.1071;101.6083
MY-40708;3.0906;101.5296
MY-31560;4.4892;100.9387
MY-72000;2.7226;102.2138
MY-30656;4.6117;101.1135
MY-94200;1.3148;110.3751
MY-30906;4.6117;101.1135
MY-50919;3.139;101.6869
MY-96309;2.4277;112.1548
MY-40400;3.0457;101.5573
MY-62100;2.928;101.698
MY-62524;2.9264;101.6964
MY-79605;1.5014;103.6439
MY-89258;6.117;116.2675
MY-10780;5.4179;100.3296
MY-30644;4.5987;101.0899
MY-15612;5.826;102.225
MY-31700;4.3844;101.1174
MY-70590;2.7186;101.949
MY-88847;5.9765;116.1158
MY-75609;2.2057;102.2562
MY-91110;5.0488;118.3593
MY-47640;2.9766;101.6219
MY-30810;4.6117;101.1135
MY-40607;3.0906;101.5296
MY-50938;3.139;101.6869
MY-06600;5.9919;100.3635
MY-35009;4.204;101.261
MY-75690;2.2057;102.2562
MY-80200;1.4977;103.7163
MY-39000;4.4301;101.4165
MY-28707;3.5249;101.9097
MY-42940;2.9555;101.3268
MY-15592;6.122;102.2523
MY-62670;2.9366;101.6961
MY-86400;1.8605;103.1004
MY-10534;5.4179;100.3296
MY-71809;2.8393;101.7949
MY-16700;5.8722;102.4363
MY-30658;4.6117;101.1135
MY-30750;4.6117;101.1135
MY-30620;4.618;101.115
MY-88608;5.9765;116.1158
MY-46300;3.1317;101.6047
MY-30673;4.6117;101.1135
MY-28050;3.6237;102.456
MY-73460;3.0808;102.5489
MY-97015;3.1906;113.0901
MY-05551;6.1194;100.3677
MY-28620;3.3706;102.0504
MY-30100;4.6124;101.076
MY-70626;2.7186;101.949
MY-30908;4.6117;101.1135
MY-45200;3.6254;101.0593
MY-91200;4.677;118.1392
MY-95300;1.8838;111.3155
MY-88644;5.9765;116.1158
MY-86000;1.9226;103.4038
MY-50925;3.139;101.6869
MY-47630;3.0334;101.5848
MY-87024;5.2913;115.2459
MY-21010;5.2638;103.0938
MY-79548;1.5014;103.6439
MY-30450;4.6162;101.086
MY-26485;3.7416;102.5443
MY-25536;3.825;103.3239
MY-50677;3.139;101.6869
MY-15400;6.1185;102.2489
MY-26170;3.9349;103.3703
MY-75150;2.2257;102.2563
MY-05592;6.1194;100.3677
MY-09410;5.6077;100.6056
MY-95407;1.7362;111.3528
MY-15680;6.122;102.2523
MY-20518;5.3117;103.1199
MY-10512;5.4179;100.3296
MY-12000;5.4093;100.3649
MY-05586;6.1194;100.3677
MY-42700;2.9092;101.5279
MY-50778;3.139;101.6869
MY-02600;6.4246;100.2736
MY-20674;5.3117;103.1199
MY-93754;1.531;110.3442
MY-31910;4.3633;101.0817
MY-14310;5.2136;100.448
MY-54200;3.1729;101.7334
MY-89157;6.3648;116.4476
MY-71300;2.5798;102.1108
MY-28600;3.4339;102.1543
MY-26660;3.5065;103.179
MY-88836;5.9765;116.1158
MY-10100;5.4166;100.3326
MY-91114;5.0488;118.3593
MY-21030;5.3451;103.1047
MY-06710;5.9936;100.5418
MY-89700;5.4835;115.7834
MY-89158;6.3648;116.4476
MY-05150;6.0814;100.37755000000001
MY-46960;3.1071;101.6083
MY-25690;3.825;103.3239
MY-25200;3.7696;103.2224
MY-71559;2.7501;102.1811
MY-05710;6.1194;100.3677
MY-10850;5.4179;100.3296
MY-27610;3.7875;102.1388
MY-21200;5.2967;103.0847
MY-50903;3.139;101.6869
MY-02100;6.5341;100.31
MY-43600;2.9271;101.7802
MY-91018;4.2825;117.9148
MY-10504;5.4179;100.3296
MY-09700;5.5748;100.6005
MY-06007;6.2663;100.4271
MY-01532;6.4455;100.2002
MY-05676;6.1194;100.3677
MY-25662;3.8243;103.3328
MY-50914;3.139;101.6869
MY-10550;5.3986;100.4077
MY-10730;5.4179;100.3296
MY-93350;1.5435;110.3816
MY-78309;2.3504;102.1078
MY-32600;4.41555;100.93185
MY-57700;3.139;101.6869
MY-41250;3.04;101.4496
MY-50950;3.139;101.6869
MY-01514;6.4455;100.2002
MY-55904;3.139;101.6869
MY-88811;5.9765;116.1158
MY-89100;6.5407;116.8224
MY-36750;4.3082;101.0173
MY-75912;2.2057;102.2562
MY-20908;5.3117;103.1199
MY-89058;6.8285;116.7241
MY-01517;6.4455;100.2002
MY-17010;6.0377;102.1486
MY-16810;5.8899;102.2958
MY-21400;5.2321;103.1041
MY-30512;4.6117;101.1135
MY-71059;2.4267;101.8659
MY-50623;3.139;101.6869
MY-97007;3.1906;113.0901
MY-26640;3.5401;103.2532
MY-05558;6.1194;100.3677
MY-13409;5.4283;100.387
MY-80516;1.4634;103.7547
MY-62542;2.9264;101.6964
MY-89749;5.4914;115.5491
MY-36020;4.1912;101.0374
MY-27060;3.9293;102.4133
MY-96350;2.2248;111.6044
MY-18500;5.7573;102.2168
MY-80519;1.4582;103.7501
MY-46794;3.1071;101.6083
MY-26620;3.5087;103.0262
MY-41000;3.0349;101.5119
MY-50150;3.1406;101.6955
MY-30820;4.6117;101.1135
MY-01634;6.4455;100.2002
MY-15529;6.122;102.2523
MY-09600;5.5071;100.5589
MY-87012;5.2913;115.2459
MY-80900;1.4634;103.7547
MY-30670;4.6117;101.1135
MY-30800;4.6117;101.1135
MY-11910;5.3163;100.281
MY-70646;2.7186;101.949
MY-80558;1.4634;103.7547
MY-93400;1.6167;110.4407
MY-49000;3.7188;101.7403
MY-25596;3.825;103.3239
MY-40672;3.0906;101.5296
MY-41910;3.0431;101.4407
MY-15632;6.1012;102.2653
MY-20514;5.3117;103.1199
MY-70600;2.7313;101.9353
MY-91028;4.2825;117.9148
MY-93200;1.5298;110.3462
MY-28000;3.484;102.4266
MY-10592;5.4179;100.3296
MY-08500;5.7405;100.4243
MY-09800;5.4765;100.5938
MY-06400;6.01285;100.49074999999999
MY-79683;1.5014;103.6439
MY-06100;6.2045;100.3746
MY-71450;2.701;101.9617
MY-50530;3.139;101.6869
MY-10566;5.4179;100.3296
MY-17507;5.8074;102.151
MY-20698;5.3117;103.1199
MY-34650;4.9204;100.6607
MY-08600;5.7803;100.5201
MY-71760;2.7526;101.7667
MY-28407;3.4862;102.3283
MY-80700;1.4634;103.7547
MY-79646;1.5014;103.6439
MY-20912;5.3117;103.1199
MY-75560;2.2057;102.2562
MY-39007;4.4738;101.3786
MY-93618;1.4877;110.3436
MY-50490;3.1466;101.6673
MY-50904;3.139;101.6869
MY-06660;6.0167;100.4
MY-59700;3.139;101.6869
MY-15546;6.122;102.2523
MY-10570;5.4179;100.3296
MY-40718;3.0906;101.5296
MY-83400;1.7077499999999999;103.39465
MY-88512;5.9765;116.1158
MY-75000;2.2019;102.2518
MY-88806;5.9765;116.1158
MY-10150;5.4067;100.3259
MY-87027;5.2913;115.2459
MY-50300;3.1841;101.6911
MY-28610;3.4551;102.0424
MY-25606;3.825;103.3239
MY-88614;5.9765;116.1158
MY-79660;1.5014;103.6439
MY-46400;3.0762;101.6529
MY-75502;2.2057;102.2562
MY-88518;5.9765;116.1158
MY-24209;4.4216;103.438
MY-88572;5.9765;116.1158
MY-34009;4.8541;100.7376
MY-93000;1.5455;110.3439
MY-15594;6.122;102.2523
MY-20508;5.3117;103.1199
MY-20568;5.3117;103.1199
MY-88852;5.9765;116.1158
MY-93570;1.531;110.3442
MY-41710;3.0431;101.4407
MY-88604;5.9765;116.1158
MY-09400;5.5331;100.5534
MY-30600;4.6038;101.1205
MY-05503;6.1194;100.3677
MY-43000;3.0094;101.7755
MY-75250;2.227;102.2396
MY-88540;5.9765;116.1158
MY-55906;3.139;101.6869
MY-93600;1.5568;110.3522
MY-25508;3.825;103.3239
MY-55902;3.139;101.6869
MY-20548;5.3117;103.1199
MY-43558;2.9977;101.7864
MY-96108;2.1178;111.5212
MY-20532;5.3117;103.1199
MY-79576;1.5014;103.6439
MY-98150;4.0678;113.8315
MY-50678;3.139;101.6869
MY-95009;1.2336;111.4637
MY-97013;3.1906;113.0901
MY-15524;6.122;102.2523
MY-01646;6.4455;100.2002
MY-84900;2.1462;102.7848
MY-50947;3.139;101.6869
MY-24200;4.62;103.353
MY-98157;4.0677;113.831
MY-33700;4.8174;100.8677
MY-86800;2.3043;103.7599
MY-93632;1.5485;110.3386
MY-70644;2.723;101.9414
MY-01660;6.4455;100.2002
MY-32300;4.2597;100.6095
MY-50790;3.139;101.6869
MY-33310;5.3477;101.0651
MY-02700;6.3155;100.2026
MY-93908;1.531;110.3442
MY-06709;5.9825;100.4594
MY-40728;3.0906;101.5296
MY-01644;6.4374;100.1934
MY-88901;5.9765;116.1158
MY-43807;2.8643;101.6775
MY-88827;5.9765;116.1158
MY-93628;1.531;110.3442
MY-30606;4.6117;101.1135
MY-20612;5.3117;103.1199
MY-75510;2.2057;102.2562
MY-50568;3.139;101.6869
MY-40722;3.0906;101.5296
MY-20646;5.3117;103.1199
MY-46662;3.1021;101.6452
MY-21500;5.2448;102.8795
MY-30730;4.6117;101.1135
MY-41100;3.0492;101.4514
MY-22307;5.8201;102.5377
MY-05600;6.1194;100.3677
MY-80710;1.4634;103.7547
MY-35600;4.112;101.2529
MY-05502;6.1194;100.3677
MY-34350;4.9211;100.5186
MY-71010;2.58595;101.90155
MY-30609;4.6117;101.1135
MY-31550;4.5117;100.9917
MY-40596;3.0906;101.5296
MY-28400;3.5435;102.3122
MY-63300;2.996;101.6202
MY-30556;4.6117;101.1135
MY-82200;1.6864;103.2713
MY-15200;6.105;102.251
MY-50816;3.139;101.6869
MY-90725;5.8456;118.0571
MY-11400;5.4083;100.3086
MY-43200;3.0643;101.7543
MY-30904;4.6117;101.1135
MY-62519;2.9264;101.6964
MY-88822;5.9765;116.1158
MY-90739;5.8456;118.0571
MY-70551;2.7186;101.949
MY-88817;5.9765;116.1158
MY-75610;2.2057;102.2562
MY-62530;2.9322;101.7008
MY-50796;3.139;101.6869
MY-05508;6.1194;100.3677
MY-26820;2.9468;103.3286
MY-50989;3.139;101.6869
MY-30250;4.5916;101.0967
MY-41918;3.0431;101.4407
MY-10250;5.4265;100.3205
MY-62527;2.9264;101.6964
MY-93706;1.531;110.3442
MY-41904;3.0431;101.4407
MY-75516;2.2057;102.2562
MY-90736;5.8456;118.0571
MY-62502;2.9276;101.696
MY-89008;5.265;116.3283
MY-25632;3.825;103.3239
MY-87023;5.2913;115.2459
MY-55700;3.139;101.6869
MY-28340;3.251;102.5593
MY-79680;1.5014;103.6439
MY-46350;3.116;101.6425
MY-20546;5.3117;103.1199
MY-20664;5.3117;103.1199
MY-90009;5.8456;118.0571
MY-93586;1.531;110.3442
MY-39010;4.1864;101.6687
MY-41672;3.0431;101.4407
MY-95900;1.2548;111.6771
MY-70720;2.7186;101.949
MY-87015;5.2913;115.2459
MY-10740;5.4179;100.3296
MY-30518;4.6117;101.1135
MY-93596;1.531;110.3442
MY-50949;3.139;101.6869
MY-75514;2.2057;102.2562
MY-97011;3.1906;113.0901
MY-43950;2.8526;101.632
MY-93576;1.531;110.3442
MY-89600;5.5174;115.9036
MY-55710;3.139;101.6869
MY-25594;3.825;103.3239
MY-93724;1.531;110.3442
MY-62616;2.9264;101.6964
MY-90740;5.8456;118.0571
MY-89859;5.0202;115.5811
MY-96300;2.2853;111.9027
MY-26190;4.0288;103.3853
MY-30010;4.5754;101.1151
MY-20924;5.3117;103.1199
MY-02450;6.4756;100.225
MY-15550;6.122;102.2523
MY-86300;1.8065000000000002;103.48155
MY-70676;2.7186;101.949
MY-45209;3.7453;101.0584
MY-50923;3.139;101.6869
MY-75673;2.2057;102.2562
MY-88854;5.9765;116.1158
MY-21040;5.2624;103.0792
MY-62618;2.9264;101.6964
MY-28750;3.4481;101.9142
MY-80904;1.4634;103.7547
MY-15596;6.122;102.2523
MY-40732;3.0906;101.5296
MY-10612;5.4179;100.3296
MY-28800;3.6623;101.9202
MY-36007;4.0124;101.018
MY-15556;6.122;102.2523
MY-34510;5.1211;100.7783
MY-80672;1.4634;103.7547
MY-89957;5.0414;116.4267
MY-10910;5.4179;100.3296
MY-20590;5.3117;103.1199
MY-34000;4.7969;100.7934
MY-91013;4.2825;117.9148
MY-15710;6.122;102.2523
MY-50621;3.139;101.6869
MY-20578;5.3117;103.1199
MY-30632;4.7703;100.9308
MY-15512;6.122;102.2523
MY-98709;4.3466;115.1836
MY-76400;2.22485;102.21995000000001
MY-50939;3.139;101.6869
MY-05673;6.1194;100.3677
MY-50918;3.139;101.6869
MY-90704;5.8456;118.0571
MY-45000;3.2457;101.3678
MY-97100;2.7811;112.6702
MY-83300;1.838;103.0829
MY-62505;2.9264;101.6964
MY-46000;3.107;101.6305
MY-89800;5.3452;115.7078
MY-50762;3.139;101.6869
MY-16070;6.0334;102.3499
MY-05512;6.1194;100.3677
MY-30622;4.6117;101.1135
MY-75670;2.2057;102.2562
MY-10600;5.3677;100.4346
MY-40808;3.0906;101.5296
MY-32700;4.7499;100.837
MY-13009;5.4283;100.387
MY-16210;6.1183;102.1386
MY-75450;2.2674999999999996;102.2914
MY-72400;3.0168;102.1793
MY-89748;5.4914;115.5491
MY-72207;2.8441;102.3136
MY-93710;1.531;110.3442
MY-01007;6.4455;100.2002
MY-80906;1.4634;103.7547
MY-46782;3.1071;101.6083
MY-53990;3.139;101.6869
MY-28200;3.3744;102.5757
MY-88602;5.9765;116.1158
MY-88662;5.9765;116.1158
MY-25673;3.825;103.3239
MY-88628;5.0279;118.318
MY-01524;6.4455;100.2002
MY-70594;2.7186;101.949
MY-75538;2.2057;102.2562
MY-88550;4.4784;118.6129
MY-20630;5.3175;103.1312
MY-24100;4.436;103.4175
MY-91119;5.0488;118.3593
MY-62590;2.9264;101.6964
MY-43400;2.9892;101.7125
MY-91024;4.2825;117.9148
MY-10460;5.4119;100.3142
MY-05536;6.1194;100.3677
MY-80250;1.5035;103.7404
MY-26060;3.6228;102.3926
MY-77500;2.384;102.3584
MY-16800;5.8469;102.37944999999999
MY-40724;3.0906;101.5296
MY-90722;5.8456;118.0571
MY-50764;3.139;101.6869
MY-93634;1.531;110.3442
MY-88809;5.9765;116.1158
MY-05350;6.091799999999999;100.3812
MY-01529;6.4455;100.2002
MY-11000;5.352;100.2824
MY-56100;3.113566666666667;101.7351
MY-71707;2.8226;101.9
MY-45607;3.3833;101.4167
MY-34008;4.8541;100.7376
MY-24109;4.3364;103.4683
MY-84800;2.1437;102.8537
MY-22000;5.6111;102.5729
MY-75592;2.2057;102.2562
MY-75914;2.2057;102.2562
MY-62570;2.9244;101.6923
MY-89908;4.9872;115.9241
MY-88821;5.9765;116.1158
MY-88857;5.9933;116.1322
MY-46800;3.1071;101.6083
MY-47110;3.0099;101.6318
MY-55918;3.139;101.6869
MY-10628;5.4179;100.3296
MY-75552;2.2057;102.2562
MY-32400;4.3674;100.8604
MY-50592;3.139;101.6869
MY-50704;3.139;101.6869
MY-01610;6.4455;100.2002
MY-80670;1.4634;103.7547
MY-10672;5.3959;100.3155
MY-20920;5.3117;103.1199
MY-05500;6.1194;100.3677
MY-96700;1.9416;112.0866
MY-50586;3.1698;101.7026
MY-15050;6.1212;102.2459
MY-50924;3.139;101.6869
MY-75750;2.2057;102.2562
MY-14020;5.3465;100.4708
MY-50736;3.139;101.6869
MY-50722;3.139;101.6869
MY-80600;1.4634;103.7547
MY-90107;5.7168;117.4375
MY-07009;6.3233;99.8547
MY-88400;5.9615;115.9863
MY-05200;6.0276;100.3989
MY-83700;1.9139;103.1326
MY-70100;2.7107;101.9513
MY-78009;2.374;102.2114
MY-88658;5.9765;116.1158
MY-88600;5.9786;116.0762
MY-50670;3.139;101.6869
MY-25517;3.825;103.3239
MY-36200;3.9955;100.768
MY-50782;3.139;101.6869
MY-70504;2.7186;101.949
MY-50646;3.139;101.6869
MY-47307;3.1071;101.6083
MY-93050;1.5831;110.2251
MY-26010;3.8198;103.2423
MY-91121;5.0488;118.3593
MY-36400;4.0333;100.9471
MY-25556;3.825;103.3239
MY-01594;6.4455;100.2002
MY-23009;4.7565;103.3997
MY-50470;3.134;101.6873
MY-90734;5.8456;118.0571
MY-54000;3.1649;101.723
MY-50760;3.139;101.6869
MY-01505;6.4455;100.2002
MY-26400;3.68405;102.5303
MY-90718;5.8456;118.0571
MY-15551;5.8092;102.1515
MY-97009;3.1906;113.0901
MY-50572;3.139;101.6869
MY-48020;3.2277;101.6017
MY-88538;5.9765;116.1158
MY-11300;5.418;100.2775
MY-70608;2.7186;101.949
MY-94500;1.6733;109.8363
MY-89059;6.8285;116.7241
MY-91308;4.4363;118.5318
MY-50770;3.139;101.6869
MY-79575;1.5014;103.6439
MY-42610;2.8382;101.6827
MY-89309;5.9371;116.6695
MY-59200;3.1185;101.6757
MY-88532;5.9765;116.1158
MY-47301;3.1042;101.6128
MY-20914;5.3117;103.1199
MY-55922;3.139;101.6869
MY-50000;3.1433;101.6955
MY-88630;5.8594;118.1013
MY-27150;3.992;102.3399
MY-94009;1.418;110.1614
MY-62675;2.9344;101.7089
MY-10200;5.4208;100.3361
MY-01586;6.4455;100.2002
MY-47507;3.0439;101.5807
MY-50734;3.139;101.6869
MY-72409;3.1109;102.2248
MY-78100;2.4326;102.1127
MY-50504;3.139;101.6869
MY-05604;6.1194;100.3677
MY-79555;1.5014;103.6439
MY-90727;5.8456;118.0571
MY-93661;1.531;110.3442
MY-01504;6.4455;100.2002
MY-01670;6.4455;100.2002
MY-08300;5.8064;100.5136
MY-33100;5.4731;101.0105
MY-46668;3.1071;101.6083
MY-96000;2.2086;111.6
MY-16450;5.9179;102.2274
MY-10830;5.4179;100.3296
MY-50660;3.139;101.6869
MY-40610;3.0906;101.5296
MY-91035;4.2825;117.9148
MY-88504;5.9765;116.1158
MY-79511;1.5014;103.6439
MY-50792;3.139;101.6869
MY-35950;3.889;101.4121
MY-05504;6.1194;100.3677
MY-75532;2.2057;102.2562
MY-62514;2.9264;101.6964
MY-80662;1.4804;103.7426
MY-32000;4.3227;100.8021
MY-89009;5.265;116.3283
MY-50909;3.139;101.6869
MY-62620;2.9206;101.6875
MY-71800;2.8093;101.8334
MY-46150;3.109;101.5704
MY-75918;2.2057;102.2562
MY-28020;3.4822;102.4812
MY-46974;3.1071;101.6083
MY-70506;2.7186;101.949
MY-70664;2.7186;101.949
MY-27100;4.1907;102.0495
MY-33800;4.6523;100.8827
MY-88906;5.9765;116.1158
MY-25730;3.825;103.3239
MY-75566;2.2057;102.2562
MY-75606;2.2057;102.2562
MY-06507;6.1237;100.4445
MY-93606;1.531;110.3442
MY-45609;3.3212;101.4126
MY-91022;4.2825;117.9148
MY-31850;4.3641;101.1539
MY-15988;6.122;102.2523
MY-25520;3.825;103.3239
MY-30020;4.6307;101.0458
MY-80564;1.4634;103.7547
MY-93519;1.5545;110.3395
MY-28409;3.4862;102.3283
MY-50648;3.139;101.6869
MY-25740;3.825;103.3239
MY-25644;3.7984;103.3225
MY-05506;6.1194;100.3677
MY-93740;1.531;110.3442
MY-31300;4.5595;101.0673
MY-89209;6.1686;116.2348
MY-16010;6.0064;102.218
MY-14390;5.5104;100.5394
MY-40570;3.0906;101.5296
MY-89150;6.3463;116.4665
MY-31750;4.4306;101.014
MY-31009;4.4693;101.0397
MY-01506;6.4455;100.2002
MY-88580;5.9765;116.1158
MY-94950;1.6097;111.4337
MY-47170;3.0271;101.6034
MY-50634;3.1488;101.6952
MY-50514;3.139;101.6869
MY-93726;1.531;110.3442
MY-47300;3.1097;101.6171
MY-41200;3.0232;101.4621
MY-96500;2.2244;111.5791
MY-35300;4.3111;101.2339
MY-30610;4.6117;101.1135
MY-16250;6.0864;102.2099
MY-39009;4.4738;101.3786
MY-91116;5.0488;118.3593
MY-30621;4.6117;101.1135
MY-89707;5.4835;115.7834
MY-22010;5.6209;102.5933
MY-31907;4.311;101.1519
MY-25150;3.7686;103.2328
MY-08330;5.8013;100.5175
MY-50550;3.1467;101.6636
MY-40542;3.0906;101.5296
MY-08409;5.7246;100.3688
MY-87017;5.2913;115.2459
MY-84500;2.0423;102.9538
MY-90717;5.8456;118.0571
MY-93609;1.531;110.3442
MY-30780;4.6117;101.1135
MY-88868;5.9765;116.1158
MY-93620;1.4094;110.3372
MY-05505;6.1194;100.3677
MY-98107;4.4803;114.0108
MY-50608;3.1465;101.6636
MY-75350;2.2218;102.2585
MY-47100;3.1601;101.5899
MY-50929;3.139;101.6869
MY-88831;5.9765;116.1158
MY-96109;2.1178;111.5212
MY-50598;3.139;101.6869
MY-70596;2.7186;101.949
MY-20680;5.3304;103.1412
MY-50680;3.139;101.6869
MY-91015;4.2825;117.9148
MY-88556;5.9765;116.1158
MY-93748;1.531;110.3442
MY-50772;3.139;101.6869
MY-31150;4.6008;101.1007
MY-20906;5.3117;103.1199
MY-93670;1.531;110.3442
MY-50508;3.139;101.6869
MY-80542;1.4634;103.7547
MY-30510;4.6117;101.1135
MY-96507;2.2138;111.5514
MY-10810;5.4179;100.3296
MY-10502;5.4179;100.3296
MY-01538;6.4455;100.2002
MY-42425;3.0195;101.5246
MY-33030;4.8675;100.958
MY-70740;2.7186;101.949
MY-01502;6.4455;100.2002
MY-71650;2.9697;102.0807
MY-50650;3.139;101.6869
MY-73409;2.6673;102.5731
MY-15532;6.122;102.2523
MY-26080;3.8211500000000003;103.15289999999999
MY-11960;5.258;100.2923
MY-88850;5.9765;116.1158
MY-75518;2.2057;102.2562
MY-70576;2.7186;101.949
MY-93746;1.531;110.3442
MY-91007;4.2825;117.9148
MY-13210;5.5048;100.4282
MY-75906;2.2057;102.2562
MY-75582;2.2115;102.2559
MY-98859;4.8211;115.4274
MY-72009;2.749;102.2502
MY-88500;5.9765;116.1158
MY-72509;2.749;102.2502
MY-26330;3.6768;103.0472
MY-21090;5.775;103.015
MY-88765;5.9765;116.1158
MY-77409;2.1368;102.5051
MY-05612;5.7945;100.371
MY-62520;2.9264;101.6964
MY-96200;2.5321;111.5253
MY-27010;3.9627;102.3446
MY-70516;2.7186;101.949
MY-71509;2.7501;102.1811
MY-46750;3.1071;101.6083
MY-10648;5.4179;100.3296
MY-01630;6.4124;100.1998
MY-34007;4.8541;100.7376
MY-25100;3.7784;103.1744
MY-93504;1.531;110.3442
MY-46803;3.1071;101.6083
MY-15648;6.122;102.2523
MY-70508;2.7186;101.949
MY-93594;1.531;110.3442
MY-80908;1.4634;103.7547
MY-46870;3.1071;101.6083
MY-11500;5.3681;100.305
MY-50599;3.139;101.6869
MY-21109;5.3117;103.1199
MY-89259;6.117;116.2675
MY-36810;4.4818;100.8377
MY-20300;5.2937;103.1409
MY-20600;5.3117;103.1199
MY-51200;3.1876;101.672
MY-88808;5.9765;116.1158
MY-93648;1.531;110.3442
MY-71750;2.8383;101.9214
MY-73480;2.6705;102.5451
MY-41908;3.0431;101.4407
MY-20628;5.3117;103.1199
MY-94300;1.4727;110.402
MY-27207;4.1872;102.0547
MY-50609;3.139;101.6869
MY-10626;5.4179;100.3296
MY-05538;6.1194;100.3677
MY-98159;4.0677;113.831
MY-70674;2.7186;101.949
MY-30594;4.6117;101.1135
MY-89858;5.0202;115.5811
MY-10609;5.4179;100.3296
MY-10506;5.4179;100.3296
MY-31200;4.7281;101.12
MY-20902;5.3117;103.1199
MY-73109;2.636;102.2933
MY-02607;6.415;100.2823
MY-47650;3.1402;101.6072
MY-93762;1.531;110.3442
MY-42009;3.0042;101.4134
MY-50548;3.139;101.6869
MY-45207;3.7317;100.9384
MY-75512;2.2057;102.2562
MY-88520;5.9765;116.1158
MY-20000;5.2847;103.1475
MY-30630;4.6059;101.1172
MY-50774;3.139;101.6869
MY-81440;1.7876;103.6699
MY-88834;5.9765;116.1158
MY-72209;2.8441;102.3136
MY-34200;4.907;100.6029
MY-88856;6.008;116.1256
MY-50050;3.1451;101.6945
MY-06010;6.34725;100.46835
MY-25630;3.825;103.3239
MY-10710;5.4179;100.3296
MY-32900;4.385;100.9163
MY-34140;5.0506;100.813
MY-75620;2.2315;102.298
MY-88851;5.9765;116.1158
MY-62662;2.9309;101.6977
MY-73450;2.7332;102.5843
MY-33000;4.7073;100.9381
MY-36100;3.9793;100.7593
MY-30532;4.6117;101.1135
MY-90715;5.8456;118.0571
MY-88673;5.9765;116.1158
MY-40680;3.0906;101.5296
MY-73200;2.6213;102.3113
MY-50806;3.139;101.6869
MY-84150;1.9152;102.8197
MY-20572;5.3117;103.1199
MY-41150;3.0489;101.4877
MY-20661;5.3117;103.1199
MY-32610;4.4301;101.012
MY-25518;3.825;103.3239
MY-20614;5.3117;103.1199
MY-10604;5.4179;100.3296
MY-63200;2.8064;101.7239
MY-91307;4.4363;118.5318
MY-27030;3.8487;102.246
MY-14290;5.6564;100.5422
MY-76409;2.2376;102.1588
MY-30700;4.6117;101.1135
MY-27620;3.7984;102.1182
MY-36500;3.9111;101.2078
MY-50694;3.156;101.6915
MY-80644;1.4562;103.7613
MY-88680;6.0252;116.1114
MY-88900;5.9765;116.1158
MY-94007;1.418;110.1614
MY-88606;5.9765;116.1158
MY-27209;4.1872;102.0547
MY-96307;2.4277;112.1548
MY-25620;3.8223;103.3565
MY-98057;1.3526;111.5176
MY-50512;3.1503;101.6924
MY-16020;6.04115;102.2696
MY-57100;3.1093;101.6995
MY-88870;5.9765;116.1158
MY-11010;5.3581;100.2725
MY-80546;1.4634;103.7547
MY-21700;5.1048;102.9733
MY-18050;5.5339;102.1996
MY-79658;1.5014;103.6439
MY-80400;1.5017;103.7414
MY-21080;5.3405;103.0754
MY-70505;2.7186;101.949
MY-58700;3.139;101.6869
MY-72300;3.018;102.3018
MY-46784;3.1071;101.6083
MY-43800;2.9686;101.652
MY-88675;5.9818;116.0756
MY-62692;2.9306;101.6955
MY-60000;3.1456;101.645
MY-73207;2.5946;102.4134
MY-41990;3.0431;101.4407
MY-06570;5.9419;100.4272
MY-90724;5.8456;118.0571
MY-91021;4.2825;117.9148
MY-94709;1.1727;110.5639
MY-20670;5.3117;103.1199
MY-34750;4.7804;100.7247
MY-50922;3.139;101.6869
MY-80673;1.4712;103.7748
MY-20608;4.2356;103.419
MY-20922;5.3117;103.1199
MY-46740;3.1071;101.6083
MY-09300;5.6747;100.6754
MY-01570;6.4455;100.2002
MY-70990;2.7186;101.949
MY-72129;2.8708;102.2548
MY-87030;5.2913;115.2459
MY-21209;5.3117;103.1199
MY-50519;3.139;101.6869
MY-91150;5.0488;118.3593
MY-91209;4.7563;118.0895
MY-46797;3.1071;101.6083
MY-76200;2.2891;102.3256
MY-77300;2.198;102.3718
MY-71200;2.6309;101.9554
MY-75590;2.2057;102.2562
MY-25512;3.825;103.3239
MY-50726;3.139;101.6869
MY-93660;1.531;110.3442
MY-91034;4.2825;117.9148
MY-45400;3.3788;101.2798
MY-95000;1.3177;111.3894
MY-97010;3.1906;113.0901
MY-43207;3.0427;101.7714
MY-50622;3.139;101.6869
MY-50658;3.139;101.6869
MY-90300;5.8456;118.0571
MY-88200;5.9213;116.0792
MY-01512;6.4455;100.2002
MY-01606;6.4455;100.2002
MY-88999;5.9765;116.1158
MY-88903;5.9765;116.1158
MY-42507;2.9129;101.4686
MY-09009;5.3895;100.5634
MY-08000;5.6639;100.4902
MY-11800;5.3572;100.3055
MY-50706;3.139;101.6869
MY-48100;3.2509;101.4889
MY-20662;5.3145;103.1267
MY-81300;1.5427;103.6487
MY-90703;5.8456;118.0571
MY-25529;3.825;103.3239
MY-05664;6.1194;100.3677
MY-05670;6.1194;100.3677
MY-40664;3.672;100.9829
MY-43100;3.0719;101.8347
MY-20516;5.3117;103.1199
MY-46200;3.0832;101.6407
MY-88632;5.9524;116.6683
MY-75504;2.2057;102.2562
MY-88764;5.9765;116.1158
MY-55920;3.139;101.6869
MY-94900;1.3306;111.1952
MY-83600;1.9075;102.8813
MY-40503;3.0906;101.5296
MY-35900;3.9159;101.3812
MY-30760;4.6117;101.1135
MY-42300;3.1682;101.5271
MY-75596;2.2057;102.2562
MY-94700;1.2438;110.2563
MY-62594;2.9264;101.6964
MY-70560;2.7186;101.949
MY-46700;3.1071;101.6083
MY-89308;5.9371;116.6695
MY-91125;5.0488;118.3593
MY-40676;3.0906;101.5296
MY-71400;2.5968;102.0899
MY-70512;2.7186;101.949
MY-09000;5.4724;100.5385
MY-90730;5.8456;118.0571
MY-89709;5.4835;115.7834
MY-90737;5.8456;118.0571
MY-88786;5.9765;116.1158
MY-13500;5.3934;100.4107
MY-79546;1.5014;103.6439
MY-10514;5.4179;100.3296
MY-36000;4.1739;101.0194
MY-90706;5.8456;118.0571
MY-62546;2.9327;101.6976
MY-88576;5.9591;116.0701
MY-14120;5.3037;100.4439
MY-15674;6.122;102.2523
MY-75570;2.2057;102.2562
MY-42000;3.0186;101.4286
MY-17050;5.961;102.1484
MY-08320;5.8343;100.6252
MY-80730;1.4634;103.7547
MY-88300;5.9342;116.0802
MY-96809;1.9098;113.6356
MY-40150;3.11;101.5538
MY-62674;2.9177;101.6839
MY-50766;3.139;101.6869
MY-11950;5.3271;100.2851
MY-88803;5.9765;116.1158
MY-80988;1.4634;103.7547
MY-20596;5.3117;103.1199
MY-50794;3.139;101.6869
MY-88617;5.995;116.0835
MY-75740;2.2057;102.2562
MY-58000;3.1238;101.6841
MY-50566;3.138;101.6867
MY-40674;3.0906;101.5296
MY-79550;1.5014;103.6439
MY-20604;5.3117;103.1199
MY-10518;5.4179;100.3296
MY-11200;5.45615;100.28785
MY-98707;4.3466;115.1836
MY-88700;5.4204;116.7968
MY-47190;3.0533;101.6348
MY-40550;3.0906;101.5296
MY-15676;6.122;102.2523
MY-30506;4.5982;101.0753
MY-12300;5.4068;100.3848
MY-05672;6.1194;100.3677
MY-80000;1.5035;103.7405
MY-13020;5.3398;100.4388
MY-06700;5.9623;100.472
MY-84600;2.087;102.8871
MY-24207;4.4216;103.438
MY-75050;2.1993;102.2685
MY-95700;1.5038;111.4675
MY-75910;2.2057;102.2562
MY-62517;2.9264;101.6964
MY-30517;4.6117;101.1135
MY-28709;3.5249;101.9097
MY-05517;5.6425;100.4883
MY-93516;1.531;110.3442
MY-40502;3.0878;101.5022
MY-97008;3.1906;113.0901
MY-50748;3.139;101.6869
MY-47160;3.0471;101.6294
MY-25534;3.825;103.3239
MY-25586;3.825;103.3239
MY-93708;1.531;110.3442
MY-20100;5.3134;103.1178
MY-86810;2.4361;103.8312
MY-75604;2.2166;102.2669
MY-70610;2.7186;101.949
MY-33300;5.2806;101.1007
MY-89727;5.5243;115.6889
MY-93529;1.531;110.3442
MY-15673;6.1292;102.2387
MY-50780;3.139;101.6869
MY-55924;3.139;101.6869
MY-89208;6.1686;116.2348
MY-50927;3.139;101.6869
MY-75662;2.2057;102.2562
MY-70548;2.7186;101.949
MY-88829;5.9765;116.1158
MY-89900;4.9839;115.93
MY-35500;4.1787;101.2265
MY-41912;3.0431;101.4407
MY-93150;1.5585;110.3877
MY-87032;5.2913;115.2459
MY-46785;3.1071;101.6083
MY-27660;3.9817;101.9348
MY-73000;2.6023500000000004;102.23785000000001
MY-31350;4.5723;101.1157
MY-21210;5.269;103.0614
MY-52200;3.1553;101.6668
MY-27400;3.8834;101.983
MY-15740;6.122;102.2523
MY-17500;5.7687;102.1201
MY-98059;1.3526;111.5176
MY-50728;3.139;101.6869
MY-10350;5.4309;100.3138
MY-31909;4.311;101.1519
MY-88554;5.9765;116.1158
MY-95707;1.4196;111.5959
MY-20538;5.3117;103.1199
MY-25648;3.825;103.3239
MY-50710;3.139;101.6869
MY-32200;4.317;100.7977
MY-26040;3.8459;103.1769
MY-30676;4.6117;101.1135
MY-25672;3.825;103.3239
MY-78200;2.33;102.0961
MY-40160;3.1643;101.5584
MY-88514;5.9765;116.1158
MY-98007;4.3331;113.9949
MY-71700;2.8078;101.9088
MY-90307;5.8456;118.0571
MY-79570;6.1378;100.3711
MY-79630;1.4831;103.7541
MY-33010;4.7991;100.9087
MY-73300;2.5794;102.3977
MY-50786;3.139;101.6869
MY-88841;5.9765;116.1158
MY-06209;6.2017;100.4128
MY-10505;5.4179;100.3296
MY-32040;4.411;100.776
MY-93758;1.531;110.3442
MY-17610;5.4526;101.9212
MY-71659;2.9472;102.0855
MY-01609;6.4394;100.1963
MY-40714;3.0906;101.5296
MY-70550;2.7186;101.949
MY-96800;1.9499;113.1692
MY-91009;4.2825;117.9148
MY-30668;4.6117;101.1135
MY-30000;4.6502;101.0682
MY-75594;2.2057;102.2562
MY-53300;3.1787;101.7081
MY-91016;4.2825;117.9148
MY-31500;4.5773;101.0857
MY-45300;3.5615;101.146
MY-98708;4.3466;115.1836
MY-28500;3.5547;102.265
MY-88801;5.9765;116.1158
MY-88771;5.9765;116.1158
MY-93558;1.531;110.3442
MY-80568;1.4634;103.7547
MY-40170;3.0733;101.5054
MY-93912;1.531;110.3442
MY-26650;3.4794;103.129
MY-24007;4.2327;103.4152
MY-88506;5.9806;116.0753
MY-40604;3.0906;101.5296
MY-77007;2.3048;102.4258
MY-91012;4.2825;117.9148
MY-11050;5.4164;100.2884
MY-75503;2.2057;102.2562
MY-75546;2.2057;102.2562
MY-89050;6.8298;116.8867
MY-28009;3.4532;102.4245
MY-88761;5.9765;116.1158
MY-17510;5.7657;102.1153
MY-50460;3.1365;101.6941
MY-97012;3.1906;113.0901
MY-50724;3.139;101.6869
MY-71907;2.7633;101.7696
MY-62668;2.9264;101.6964
MY-86700;2.1504;103.5336
MY-11900;5.3422;100.2808
MY-96900;2.4811;113.6292
MY-05532;6.1194;100.3677
MY-88863;5.9765;116.1158
MY-50200;3.1447;101.7007
MY-25560;3.825;103.3239
MY-50784;3.139;101.6869
MY-31407;4.6117;101.1135
MY-93906;1.531;110.3442
MY-79592;1.5014;103.6439
MY-89608;5.6064;115.9625
MY-50804;3.139;101.6869
MY-09100;5.7229;100.7831
MY-50910;3.139;101.6869
MY-50913;3.139;101.6869
MY-39200;4.2961;101.5451
MY-79606;1.5014;103.6439
MY-20720;5.3117;103.1199
MY-44110;3.0224;101.7237
MY-25532;3.825;103.3239
MY-82000;1.5666;103.3873
MY-88875;5.9765;116.1158
MY-25592;3.825;103.3239
MY-62506;2.9264;101.6964
MY-25540;3.825;103.3239
MY-91118;5.0488;118.3593
MY-55910;3.139;101.6869
MY-90711;5.8456;118.0571
MY-25720;3.825;103.3239
MY-89607;5.6064;115.9625
MY-71600;2.9555;102.0719
MY-10524;5.4179;100.3296
MY-62988;2.9251;101.6574
MY-50942;3.139;101.6869
MY-93902;1.531;110.3442
MY-91117;5.0488;118.3593
MY-16100;6.0514;102.28515
MY-80596;1.4634;103.7547
MY-90741;5.8456;118.0571
MY-30710;4.6117;101.1135
MY-06707;5.9825;100.4594
MY-50640;3.139;101.6869
MY-22120;5.4395;102.8866
MY-40810;3.0906;101.5296
MY-40200;3.0544;101.5169
MY-33500;4.8496;100.9456
MY-95500;1.5775;111.2168
MY-16500;5.8938;102.2273
MY-73007;2.4898;102.2377
MY-05400;6.0865;100.37895
MY-89509;5.8794;116.104
MY-80300;1.4757;103.7537
MY-26410;3.7416;102.5443
MY-50907;3.139;101.6869
MY-05550;6.1194;100.3677
MY-30910;4.6117;101.1135
MY-88758;5.9765;116.1158
MY-88810;5.9765;116.1158
MY-63100;2.9251;101.6574
MY-10673;5.3924;100.3977
MY-46962;3.1071;101.6083
MY-62605;2.9264;101.6964
MY-30548;4.6117;101.1135
MY-28030;3.6371;102.5241
MY-88845;5.9765;116.1158
MY-46788;3.1071;101.6083
MY-70673;2.7186;101.949
MY-88596;5.9765;116.1158
MY-26900;2.9499;102.6818
MY-45620;3.3019;101.3005
MY-88804;5.9765;116.1158
MY-88768;5.9765;116.1158
MY-75584;2.2057;102.2562
MY-90109;5.7168;117.4375
MY-50754;3.139;101.6869
MY-75508;2.2057;102.2562
MY-50507;3.139;101.6869
MY-79502;1.5014;103.6439
MY-47130;2.9881;101.6053
MY-27020;3.9436;102.4382
MY-30662;4.5957;101.1194
MY-16150;6.0602;102.2341
MY-05560;6.1194;100.3677