MA-15400;33.8947;-6.3065
MA-62872;34.9716;-3.1527
MA-52224;30.9073;-3.9959
MA-35055;34.7072;-3.9809
MA-47725;30.7889;-5.705
MA-62602;35.1407;-2.4245
MA-32322;34.7492;-4.6575
MA-52453;31.1986;-4.7186
MA-31200;33.8376;-4.5447
MA-34252;34.461;-4.6903
MA-50376;34.0551;-5.4474
MA-63250;34.92;-2.43
MA-41073;31.2655;-9.1787
MA-25300;32.8627;-6.5736
MA-80324;30.6445;-9.5373
MA-12013;33.8527;-7.0317
MA-25322;32.8627;-6.5736
MA-23272;32.4409;-6.3977
MA-54523;32.7513;-5.5555
MA-26100;32.8156;-7.4109
MA-84076;30.21;-7.56
MA-83036;30.6114;-9.0781
MA-33023;33.1855;-4.5514
MA-87133;30.0791;-9.3863
MA-50373;34.0551;-5.4474
MA-15352;33.5695;-6.2659
MA-45502;31.0626;-6.5525
MA-14023;34.403;-6.4395
MA-83252;29.8135;-8.7682
MA-83523;30.377;-7.8543
MA-15272;34.0017;-6.4088
MA-91173;35.2425;-4.7925
MA-26700;32.9947;-7.1198
MA-43302;31.9023;-7.9417
MA-81043;28.6525;-9.6535
MA-35352;34.7621;-3.7958
MA-54374;32.0886;-6.2385
MA-85422;29.5413;-9.2269
MA-83276;30.2468;-8.4775
MA-85602;29.6128;-9.5283
MA-43273;31.7537;-7.4684
MA-42102;31.2284;-8.3161
MA-51026;33.8167;-5.2758
MA-44073;31.2614;-9.6314
MA-83275;30.2468;-8.4775
MA-84072;30.21;-7.56
MA-43272;31.7537;-7.4684
MA-43176;32.2696;-8.1815
MA-92272;35.0327;-5.7738
MA-42072;31.4878;-7.4773
MA-62452;34.9892;-2.9208
MA-85274;29.5949;-9.8615
MA-26006;33.001;-7.6166
MA-85042;29.67;-9.7154
MA-44005;31.6153;-9.5596
MA-62902;34.839;-2.867
MA-23350;32.5977;-6.2684
MA-24350;33.0409;-8.3891
MA-34033;34.4892;-5.1302
MA-15025;33.7829;-6.128
MA-24222;32.6371;-8.732
MA-85203;29.81;-9.55
MA-34226;34.2602;-4.4146
MA-50044;33.9176;-5.7406
MA-35056;34.7072;-3.9809
MA-24452;33.0409;-8.3891
MA-80750;30.4924;-9.6355
MA-94026;35.7132;-5.6967
MA-50025;33.8634;-5.7141
MA-61152;32.0539;-3.0611
MA-26022;32.9783;-7.7464
MA-41024;31.4856;-8.7709
MA-25373;32.8627;-6.5736
MA-52350;31.4944;-4.406
MA-23672;32.4991;-6.1467
MA-16150;34.5737;-5.9558
MA-34002;34.5218;-4.5968
MA-22022;31.8126;-6.6818
MA-44150;31.8122;-9.3379
MA-40273;31.206;-7.8609
MA-14022;34.295;-6.5606
MA-13202;33.38;-7.14
MA-41152;31.5774;-9.0158
MA-62922;34.8909;-2.7999
MA-31025;33.7694;-4.7273
MA-87552;29.7755;-9.168
MA-43424;32.4554;-7.78
MA-52302;31.3447;-4.3393
MA-41050;31.4316;-8.7915
MA-91073;34.9363;-4.7794
MA-85000;29.6974;-9.7316
MA-33352;33.4408;-3.6424
MA-15173;33.5972;-6.3357
MA-84075;30.21;-7.56
MA-83333;30.513;-8.9356
MA-12123;33.7573;-6.8908
MA-45006;30.9189;-6.8934
MA-85023;29.6592;-9.74
MA-85072;29.67;-9.7154
MA-16175;34.5071;-5.8173
MA-83300;30.513;-8.9356
MA-65823;34.5596;-3.0232
MA-64122;34.0223;-2.3829
MA-34123;34.6677;-4.8868
MA-35075;34.5363;-4.1946
MA-50152;33.8848;-5.5966
MA-27222;33.5154;-7.8168
MA-43174;32.2696;-8.1815
MA-33052;33.3468;-4.8911
MA-83452;30.7664;-8.3843
MA-84023;29.65;-7.95
MA-87472;30.0845;-9.6626
MA-26172;32.5477;-7.5005
MA-83532;30.2249;-7.796
MA-34076;34.4774;-5.3024
MA-34012;34.3787;-4.8241
MA-87274;30.2378;-9.5288
MA-35124;33.9665;-3.9104
MA-91033;34.9487;-5.248
MA-85452;29.6404;-9.093
MA-62272;34.9184;-3.4148
MA-85152;29.5727;-9.4198
MA-50382;34.0044;-5.2643
MA-83223;30.2797;-8.3448
MA-91202;35.0839;-5.0052
MA-83253;29.8135;-8.7682
MA-31004;33.6699;-4.6339
MA-91026;35.0839;-5.0052
MA-92150;35.0004;-5.9038
MA-44126;31.7642;-9.5335
MA-84100;30.1966;-6.8868
MA-29640;33.5581;-7.4865
MA-34082;34.5104;-4.8601
MA-84053;29.8983;-7.3162
MA-87272;30.2378;-9.5288
MA-26672;32.7297;-7.931
MA-23452;32.463;-6.0345
MA-15174;33.5972;-6.3357
MA-85472;29.5433;-9.1231
MA-33250;33.0489;-3.9895
MA-65474;34.3504;-2.636
MA-65822;34.5596;-3.0232
MA-25452;33.0623;-6.6557
MA-47724;30.7889;-5.705
MA-43276;31.7537;-7.4684
MA-28630;33.6374;-7.4497
MA-15424;33.9493;-6.3084
MA-83225;30.1708;-7.9938
MA-41025;31.5613;-8.8939
MA-87126;30.0791;-9.3863
MA-23200;32.4409;-6.3977
MA-29004;33.5048;-7.5032
MA-90054;35.3693;-5.9724
MA-16023;34.4916;-5.5085
MA-35104;34.2257;-3.3536
MA-84122;30.1966;-6.8868
MA-30205;34.0273;-4.8834
MA-43072;32.1959;-7.2279
MA-23652;32.4357;-6.1896
MA-24324;32.8791;-8.1767
MA-33053;33.3874;-4.8293
MA-60350;34.86;-1.9898
MA-32023;34.95;-3.98
MA-73000;23.6848;-15.958
MA-35152;34.2277;-3.8045
MA-52250;31.6923;-4.9526
MA-91036;35.0839;-5.0052
MA-45800;30.9138;-7.0693
MA-43473;32.3031;-7.7474
MA-81033;28.6525;-9.6535
MA-85485;29.5413;-9.2269
MA-40272;31.555;-8.2982
MA-54423;32.8946;-5.8669
MA-35012;33.9326;-4.0468
MA-13322;33.288;-7.2051
MA-87200;30.0355;-9.0684
MA-62673;35.1481;-2.7135
MA-54375;32.0886;-6.2385
MA-85402;29.5313;-9.8135
MA-40026;31.6472;-8.154
MA-61222;32.2672;-2.3553
MA-12050;33.8527;-7.0317
MA-46175;32.038;-8.9216
MA-44133;31.532;-9.5494
MA-54023;33.1614;-5.8463
MA-31222;33.8552;-4.4881
MA-23674;32.4718;-6.137
MA-91023;35.1136;-4.9709
MA-46075;31.9389;-8.8466
MA-23700;32.5018;-6.3518
MA-47050;30.6936;-6.4463
MA-26675;32.7775;-7.6664
MA-83102;30.7825;-9.1197
MA-85123;29.5727;-9.4198
MA-34006;34.5218;-4.5968
MA-85275;29.5949;-9.8615
MA-45122;31.0469;-7.1291
MA-52022;31.8589;-4.2806
MA-61252;32.536;-3.4414
MA-24175;33.3149;-8.1604
MA-45253;31.2316;-7.4257
MA-91034;35.2294;-5.2368
MA-15004;33.7074;-6.1938
MA-84074;30.21;-7.56
MA-26275;32.4423;-7.2115
MA-80303;30.1605;-9.1071
MA-93023;35.553;-5.2447
MA-42173;31.1777;-8.0733
MA-94025;35.7132;-5.6967
MA-26522;32.9941;-7.5727
MA-25383;32.8627;-6.5736
MA-54522;32.7513;-5.5555
MA-31202;33.8376;-4.5447
MA-52452;31.3447;-4.3393
MA-47926;30.3537;-6.4241
MA-43402;32.0633;-7.3848
MA-83035;30.6114;-9.0781
MA-16033;34.5417;-5.6577
MA-23673;32.5265;-6.1565
MA-22272;32.1007;-6.7617
MA-91174;35.0199;-4.5181
MA-35222;34.3887;-5.0693
MA-34233;34.3919;-4.503
MA-83324;30.5565;-8.6147
MA-42050;31.4711;-7.5885
MA-22372;32.0301;-6.7999
MA-54524;32.7513;-5.5555
MA-47622;30.397;-5.9662
MA-61223;32.2672;-2.3553
MA-26023;32.8325;-7.8687
MA-42103;31.2167;-8.2318
MA-35372;34.2808;-4.2021
MA-14025;34.187;-6.6818
MA-92173;35.1269;-5.9917
MA-13003;33.5675;-7.3099
MA-85475;29.507;-9.0643
MA-36126;34.0861;-5.2071
MA-32374;34.9391;-4.4938
MA-32004;34.9265;-3.832
MA-83472;30.5914;-8.7107
MA-81172;29.1445;-9.2997
MA-45372;31.1666;-6.5562
MA-54425;32.8946;-5.8669
MA-41074;31.2413;-8.738
MA-83250;29.8135;-8.7682
MA-52472;31.9695;-4.8953
MA-32350;34.9377;-4.3186
MA-46076;32.2505;-9.0223
MA-80323;30.6445;-9.5373
MA-34225;34.2567;-4.4679
MA-26623;32.7897;-7.2109
MA-44076;31.2163;-9.5458
MA-45273;31.1105;-7.5981
MA-35005;34.3322;-4.1881
MA-85450;29.5209;-9.0992
MA-24072;32.6134;-8.222
MA-71000;26.1307;-14.4851
MA-31372;33.808;-4.7106
MA-43303;32.0633;-7.3848
MA-25402;33.0623;-6.6557
MA-41075;31.2534;-8.9583
MA-43023;32.27;-7.5249
MA-28815;33.6841;-7.3392
MA-81022;28.6525;-9.6535
MA-12200;33.8181;-6.9166
MA-81032;28.6525;-9.6535
MA-22652;32.0496;-6.0714
MA-64872;34.3668;-1.8371
MA-83024;30.172;-9.4812
MA-86622;30.3416;-9.5036
MA-45173;30.9138;-7.0693
MA-85043;29.67;-9.7154
MA-42152;31.2465;-7.9789
MA-45822;30.9138;-7.0693
MA-63200;34.9335;-2.23
MA-81123;29.1014;-9.3642
MA-90050;35.4652;-6.0342
MA-34013;34.6249;-5.1248
MA-43423;32.0633;-7.3848
MA-26502;32.9679;-7.8128
MA-83022;30.4557;-8.4237
MA-16010;34.4212;-6.091
MA-62050;35.0797;-2.992
MA-91045;35.1045;-5.4608
MA-47924;30.5082;-6.1016
MA-62253;34.9892;-2.9208
MA-33024;33.1842;-4.671
MA-35023;34.284;-4.2346
MA-63672;34.7699;-2.4603
MA-85132;29.5053;-9.4551
MA-22323;31.4876;-6.9427
MA-62702;35.0731;-2.9423
MA-31152;33.9813;-4.6395
MA-42172;31.2328;-8.0208
MA-26652;32.8113;-7.4345
MA-36104;34.2861;-5.1941
MA-92102;35.2534;-6.0796
MA-23502;32.435;-6.3245
MA-43025;32.1572;-7.3198
MA-63050;34.9537;-2.1003
MA-44082;31.2491;-9.7671
MA-23022;32.5086;-6.0843
MA-52200;31.4353;-4.2326
MA-31350;33.808;-4.7106
MA-54154;33.0045;-5.7647
MA-23224;32.5087;-6.5357
MA-52122;31.3447;-4.3393
MA-35036;34.2;-4.2
MA-22402;32.1586;-6.3534
MA-46024;32.1633;-8.8733
MA-43274;31.7537;-7.4684
MA-22452;31.6525;-6.4105
MA-85004;29.7649;-9.8074
MA-40173;31.6055;-8.1399
MA-24422;32.7783;-8.643
MA-45823;30.9138;-7.0693
MA-52272;31.3562;-4.3578
MA-46173;32.0373;-9.0428
MA-45773;30.4092;-7.4344
MA-85483;29.5413;-9.2269
MA-83422;30.4163;-9.037
MA-16324;34.5626;-5.63
MA-25022;32.6923;-6.9538
MA-53102;33.3957;-5.3334
MA-16032;34.5417;-5.6577
MA-47703;30.7779;-5.56
MA-13033;33.6064;-7.2082
MA-83283;30.1549;-8.4838
MA-35323;34.3028;-4.0886
MA-62523;34.9756;-3.2712
MA-83375;30.48;-9.26
MA-22552;31.863;-6.9418
MA-47072;30.7339;-6.6314
MA-61272;32.4457;-2.5863
MA-94031;35.6548;-5.6836
MA-44134;31.5914;-9.5093
MA-32325;35.1517;-4.4277
MA-87100;30.0791;-9.3863
MA-43022;32.1572;-7.3198
MA-83272;30.2468;-8.4775
MA-31026;33.7694;-4.7273
MA-81044;28.6525;-9.6535
MA-42202;31.4038;-8.0921
MA-85052;29.67;-9.7154
MA-52225;31.4161;-4.3281
MA-83382;30.6207;-8.6587
MA-54103;32.7618;-5.7253
MA-42076;31.3582;-7.391
MA-34083;34.5104;-4.8601
MA-83123;30.8306;-8.3052
MA-86356;30.3416;-9.5036
MA-31250;33.7287;-5.0109
MA-35300;34.0496;-4.4216
MA-54022;33.1614;-5.8463
MA-87422;30.0845;-9.6626
MA-45824;31.4093;-5.6717
MA-34122;34.5886;-4.946
MA-85622;29.6128;-9.5283
MA-91124;35.134;-5.3659
MA-83522;30.377;-7.8543
MA-34222;34.2567;-4.4679
MA-46300;32.2505;-9.0223
MA-23226;32.5087;-6.5357
MA-61000;31.8329;-2.9572
MA-83032;30.6114;-9.0781
MA-35006;34.319;-4.0807
MA-26472;32.9819;-8.015
MA-94152;35.8421;-5.5543
MA-85124;29.5727;-9.4198
MA-43076;32.1959;-7.2279
MA-35072;34.5002;-3.9135
MA-41076;31.2534;-8.9583
MA-43150;32.0633;-7.3848
MA-45222;30.9138;-7.0693
MA-54002;33.1614;-5.8463
MA-54502;32.7513;-5.5555
MA-23006;32.5765;-6.8374
MA-15123;33.3868;-6.1078
MA-35424;33.97;-4.38
MA-62202;34.9892;-2.9208
MA-86602;30.3416;-9.5036
MA-12025;33.8527;-7.0317
MA-26473;33.0643;-8.0672
MA-45774;30.5827;-7.3666
MA-34026;34.491;-4.6105
MA-81052;28.6525;-9.6535
MA-22274;32.1007;-6.7617
MA-14323;34.7624;-6.045
MA-54424;32.8946;-5.8669
MA-84150;30.0879;-6.8712
MA-44083;31.3675;-9.4505
MA-22472;31.5927;-6.6171
MA-35053;34.7246;-4.0992
MA-41225;31.2375;-8.5826
MA-92022;35.3868;-5.8883
MA-46124;32.4211;-8.7955
MA-85302;29.6128;-9.5283
MA-28814;33.56;-7.37
MA-36152;34.0879;-5.1817
MA-45022;30.9522;-7.1588
MA-26402;33.0404;-7.8979
MA-91152;35.0839;-5.0052
MA-85502;29.6677;-9.1983
MA-45150;30.9138;-7.0693
MA-35046;34.2894;-4.3195
MA-43172;32.2696;-8.1815
MA-61052;31.8329;-2.9572
MA-22522;31.94;-6.7193
MA-35203;34.0991;-4.5522
MA-23223;32.5087;-6.5357
MA-35275;33.9635;-4.2451
MA-54203;32.7412;-5.5199
MA-26474;32.8156;-7.4109
MA-34035;34.493;-4.5014
MA-36172;34.1407;-5.0796
MA-83023;30.172;-9.4812
MA-52432;31.3447;-4.3393
MA-22602;32.03;-6.2031
MA-24302;32.9596;-8.2274
MA-34224;34.2532;-4.5213
MA-24025;32.8628;-8.3226
MA-35000;34.21;-4.01
MA-45224;31.1916;-6.1921
MA-22273;32.1007;-6.7617
MA-62102;34.9892;-2.9208
MA-40062;31.9518;-8.2591
MA-83374;30.48;-9.26
MA-43450;31.819;-7.5145
MA-40172;31.6055;-8.1399
MA-46035;32.7056;-9.0605
MA-87123;30.0791;-9.3863
MA-64022;34.449;-1.9006
MA-43024;32.2769;-7.1994
MA-63324;34.8418;-2.3554
MA-85486;29.5413;-9.2269
MA-15053;33.6707;-6.3161
MA-86603;30.3416;-9.5036
MA-24123;33.2206;-8.476
MA-23102;32.463;-6.0345
MA-22202;32.1097;-6.4755
MA-23302;32.463;-6.0345
MA-43100;32.145;-7.8393
MA-83000;30.4703;-8.877
MA-24352;32.6524;-8.4277
MA-25100;32.9005;-6.7746
MA-80325;30.1605;-9.1071
MA-35074;34.3028;-4.0886
MA-23574;32.463;-6.0345
MA-81010;28.6099;-9.4299
MA-52223;31.1617;-4.162
MA-35223;34.3887;-5.0693
MA-25422;33.0623;-6.6557
MA-23602;32.3895;-6.4209
MA-35123;33.9665;-3.9104
MA-13025;33.4957;-7.0992
MA-25202;32.8828;-6.6538
MA-31000;33.8319;-4.828
MA-33322;33.619;-3.5491
MA-60005;34.6028;-2.2176
MA-43026;31.9247;-7.2349
MA-35322;34.0306;-4.389
MA-63303;35.0103;-2.337
MA-81023;28.6525;-9.6535
MA-23122;32.4389;-6.4687
MA-30023;34.0273;-4.8834
MA-15023;33.7829;-6.128
MA-83526;30.377;-7.8543
MA-52402;32.1531;-5.6245
MA-43000;32.1884;-7.2842
MA-14223;34.16;-5.95
MA-33152;33.4702;-4.2957
MA-35062;34.4163;-4.1162
MA-42074;31.4752;-7.4322
MA-87112;30.0791;-9.3863
MA-40253;31.6341;-8.251
MA-53123;33.4183;-5.2581
MA-14224;34.16;-5.95
MA-54473;32.8946;-5.8669
MA-52052;31.6884;-4.1783
MA-87052;30.2622;-9.5038
MA-45472;31.8179;-5.7681
MA-85044;29.67;-9.7154
MA-83273;30.2468;-8.4775
MA-52403;31.3447;-4.3393
MA-85103;29.63;-9.38
MA-52073;31.7694;-4.2147
MA-64572;34.3469;-2.1509
MA-81042;28.6525;-9.6535
MA-54402;32.6146;-6.2635
MA-26173;32.5337;-7.4408
MA-61273;32.4457;-2.5863
MA-85476;29.507;-9.0643
MA-62402;35.1181;-3.49
MA-91022;35.0839;-5.0052
MA-26422;33.0404;-7.8979
MA-26673;32.7536;-7.7987
MA-84052;29.6437;-7.7855
MA-40063;31.9518;-8.2591
MA-46025;32.2883;-8.9459
MA-43223;32.0633;-7.3848
MA-43275;31.7537;-7.4684
MA-42086;31.535;-7.4929
MA-43073;32.1952;-7.3021
MA-85572;29.6677;-9.1983
MA-34025;34.5512;-4.7362
MA-85025;29.5735;-9.7514
MA-44053;31.2101;-9.7086
MA-92172;35.1269;-5.9917
MA-33324;33.398;-3.7277
MA-85482;29.5413;-9.2269
MA-34124;34.3544;-5.0468
MA-42402;31.2902;-8.218
MA-50110;33.8848;-5.5966
MA-40064;31.9518;-8.2591
MA-84073;30.21;-7.56
MA-94122;35.7877;-5.4709
MA-50026;33.8634;-5.7141
MA-45123;31.1;-7.28
MA-16252;34.4715;-5.7435
MA-46082;32.2505;-9.0223
MA-41023;31.344;-8.7052
MA-54102;32.7103;-5.8063
MA-45452;30.9138;-7.0693
MA-41224;31.35;-8.5
MA-23322;32.5559;-6.3294
MA-22325;31.6927;-6.9093
MA-51052;33.6437;-5.5901
MA-33172;33.455;-4.185
MA-54052;33.1614;-5.8463
MA-52372;31.9173;-4.2397
MA-34003;34.507;-4.5535
MA-52273;31.3562;-4.3578
MA-25502;32.8963;-6.3111
MA-16000;34.5628;-5.3621
MA-54003;33.1614;-5.8463
MA-24024;32.8628;-8.3226
MA-87423;30.0845;-9.6626
MA-90052;35.5377;-5.7174
MA-35250;34.2;-4.28
MA-22326;31.6278;-6.9409
MA-26722;32.9947;-7.1198
MA-91172;35.1312;-4.6553
MA-83172;30.8383;-7.9029
MA-54376;32.0886;-6.2385
MA-53100;33.4344;-5.2213
MA-42122;31.1375;-8.3149
MA-80326;30.1605;-9.1071
MA-64573;34.2398;-2.3961
MA-54153;32.7236;-5.1025
MA-35073;34.5363;-4.1946
MA-24150;33.2563;-8.2854
MA-83173;30.8383;-7.9029
MA-84026;29.65;-7.95
MA-53000;33.5267;-5.1102
MA-43154;32.0633;-7.3848
MA-33175;33.455;-4.185
MA-34034;34.5286;-4.807
MA-80322;30.6133;-9.5101
MA-33176;33.59;-4.19
MA-23375;32.5883;-6.2562
MA-47573;29.98;-5.51
MA-26000;33.001;-7.6166
MA-32326;34.9395;-4.5522
MA-34150;34.6004;-4.8783
MA-22052;32.2072;-6.5382
MA-35423;33.97;-4.38
MA-62852;34.9716;-3.1527
MA-14325;34.7624;-6.045
MA-16052;34.5896;-5.5261
MA-52522;31.8156;-4.9592
MA-45024;30.9321;-7.2141
MA-26300;32.8156;-7.4109
MA-32302;34.9391;-4.4938
MA-91046;35.1781;-5.3216
MA-40023;31.5753;-7.8106
MA-14046;34.4334;-6.3944
MA-83072;30.6146;-8.2116
MA-33302;33.345;-3.7039
MA-85550;29.6677;-9.1983
MA-60024;34.6028;-2.2176
MA-33300;33.345;-3.7039
MA-52423;31.3447;-4.3393
MA-13022;33.4957;-7.0992
MA-15124;33.9511;-6.3334
MA-16022;34.4916;-5.5085
MA-32000;35.2516;-3.9372
MA-85035;29.6876;-9.5072
MA-25323;32.8627;-6.5736
MA-23575;33.0784;-6.6541
MA-47922;30.431;-6.2629
MA-47572;29.98;-5.51
MA-24023;32.8628;-8.3226
MA-43350;31.6503;-7.4729
MA-35024;34.284;-4.2346
MA-35324;34.0306;-4.389
MA-42082;31.4666;-7.6118
MA-50052;34.0259;-5.7936
MA-32072;35.0982;-4.0326
MA-13000;33.616;-7.1215
MA-52025;31.8589;-4.2806
MA-15022;33.7829;-6.128
MA-13100;33.7894;-7.1597
MA-53122;33.4183;-5.2581
MA-15032;33.7074;-6.1938
MA-83152;30.8712;-7.8931
MA-83525;30.377;-7.8543
MA-43125;31.9013;-7.2015
MA-81003;28.9912;-9.8327
MA-84024;29.65;-7.95
MA-44060;31.3804;-9.5699
MA-26273;32.5194;-7.2525
MA-52173;31.9538;-3.4399
MA-60032;34.6028;-2.2176
MA-51050;33.6437;-5.5901
MA-24252;33.0409;-8.3891
MA-34050;34.3709;-5.2138
MA-61302;33.0496;-2.0002
MA-62672;35.1481;-2.7135
MA-52202;31.33;-4.28
MA-35274;34.1298;-4.4049
MA-53104;33.4151;-5.2773
MA-80022;30.414;-9.4261
MA-45272;31.1105;-7.5981
MA-93024;35.553;-5.2447
MA-45772;30.7562;-7.2989
MA-64902;34.4737;-1.7295
MA-42312;31.3524;-7.9501
MA-22324;31.6927;-6.9093
MA-83334;30.513;-8.9356
MA-42252;31.4209;-7.8028
MA-83425;30.4163;-9.037
MA-45302;31.1666;-6.5562
MA-83025;30.172;-9.4812
MA-26152;32.6432;-7.3815
MA-34126;34.5886;-4.946
MA-87124;30.0791;-9.3863
MA-23222;32.5087;-6.5357
MA-65400;33.9823;-3.0426
MA-41000;31.5435;-8.7627
MA-14110;34.256;-6.6734
MA-11023;34.1185;-6.7389
MA-80023;30.414;-9.4261
MA-62650;35.1556;-3.0024
MA-12152;34.0228;-6.6981
MA-91042;35.1781;-5.3216
MA-47075;30.7339;-6.6314
MA-35103;34.2257;-3.3536
MA-85032;29.6876;-9.5072
MA-43083;32.2672;-7.2902
MA-16174;34.5071;-5.8173
MA-45522;31.1285;-6.3464
MA-24073;33.0409;-8.3891
MA-26272;32.5194;-7.2525
MA-83322;30.5565;-8.6147
MA-54273;32.7665;-5.3829
MA-35100;34.3028;-4.0886
MA-46172;32.0373;-9.0428
MA-12100;33.8033;-6.7946
MA-14152;34.8461;-6.0665
MA-52252;31.6923;-4.9526
MA-62172;34.9892;-2.9208
MA-87223;30.1367;-9.2986
MA-31003;33.62;-4.43
MA-35224;34.3887;-5.0693
MA-15252;34.0017;-6.4088
MA-63323;34.8418;-2.3554
MA-33173;33.455;-4.185
MA-61200;32.5338;-1.9621
MA-34223;34.2567;-4.4679
MA-45352;31.1666;-6.5562
MA-23523;32.453;-6.2922
MA-32373;34.9391;-4.4938
MA-46100;32.3469;-8.8425
MA-83384;30.6207;-8.6587
MA-23052;32.4808;-5.643
MA-22572;31.9206;-6.7232
MA-15422;34.1;-6.35
MA-16225;34.6807;-5.3593
MA-14225;34.16;-5.95
MA-50122;33.8848;-5.5966
MA-24224;32.6371;-8.732
MA-72000;26.7384;-11.6719
MA-60023;34.6028;-2.2176
MA-12072;33.8527;-7.0317
MA-92202;35.0327;-5.7738
MA-62252;34.9892;-2.9208
MA-35014;34.5541;-4.1358
MA-14300;34.6866;-6.0027
MA-36123;34.0861;-5.2071
MA-16224;34.6807;-5.3593
MA-91024;35.0839;-5.0052
MA-42084;31.6593;-7.4099
MA-52623;31.5618;-4.7131
MA-87273;30.2378;-9.5288
MA-92052;35.2117;-5.9437
MA-62022;35.2564;-3.1023
MA-22322;31.9628;-6.8443
MA-50383;34.0044;-5.2643
MA-51100;33.9357;-5.2133
MA-83282;30.1549;-8.4838
MA-25522;32.8963;-6.3111
MA-44123;31.5777;-9.4555
MA-83222;30.2797;-8.3448
MA-15153;33.6937;-6.6323
MA-46052;32.2505;-9.0223
MA-83423;30.4163;-9.037
MA-22353;31.9617;-6.9835
MA-14250;34.3049;-6.304
MA-22702;32.2037;-6.4666
MA-16024;34.4916;-5.5085
MA-94022;35.7132;-5.6967
MA-46322;32.2505;-9.0223
MA-16202;34.4715;-5.7435
MA-85034;29.6876;-9.5072
MA-15152;33.6111;-6.6179
MA-91003;35.1152;-5.2309
MA-32024;35.1844;-3.9933
MA-44273;31.3103;-9.4012
MA-52482;32.119;-4.3689
MA-91153;35.2055;-4.6652
MA-34132;34.6004;-4.8783
MA-81026;28.6525;-9.6535
MA-43372;32.0633;-7.3848
MA-65472;34.4166;-2.6711
MA-43074;32.1966;-7.1536
MA-46122;32.4352;-8.6495
MA-54450;33.1745;-5.4702
MA-29672;33.5581;-7.4865
MA-45775;30.5827;-7.3666
MA-50102;33.8848;-5.5966
MA-91044;35.2516;-5.1825
MA-50372;34.0946;-5.4331
MA-24032;32.8628;-8.3226
MA-35102;34.2257;-3.3536
MA-92023;35.3035;-5.7799
MA-84000;29.7441;-7.973
MA-62026;35.1299;-2.9279
MA-44124;31.5507;-9.3421
MA-85474;29.4707;-9.0055
MA-53022;33.5897;-4.9775
MA-14053;34.5226;-6.322
MA-36124;34.2071;-5.1263
MA-35422;33.97;-4.38
MA-25372;32.8627;-6.5736
MA-87222;30.1367;-9.2986
MA-43082;32.2672;-7.2902
MA-25374;32.8627;-6.5736
MA-43124;31.9326;-7.2593
MA-93150;35.457;-5.4324
MA-52000;31.9314;-4.4266
MA-16172;34.5071;-5.8173
MA-22072;32.1114;-6.4915
MA-35105;34.3028;-4.0886
MA-83052;30.6731;-8.1809
MA-23376;32.6717;-6.2639
MA-29490;33.4516;-7.5199
MA-62752;35.0731;-2.9423
MA-61102;32.2893;-3.4662
MA-32003;35.1065;-3.9685
MA-41072;31.2534;-8.9583
MA-36122;34.1407;-5.0796
MA-83034;30.6114;-9.0781
MA-83224;30.3887;-8.6957
MA-23324;32.5559;-6.3294
MA-33372;33.4408;-3.6424
MA-83326;30.5565;-8.6147
MA-34133;34.6004;-4.8783
MA-85122;29.5727;-9.4198
MA-26552;32.9941;-7.5727
MA-81035;28.6525;-9.6535
MA-15122;33.669;-6.2206
MA-24225;33.0409;-8.3891
MA-84025;29.65;-7.95
MA-41102;31.3982;-8.7741
MA-32102;35.1002;-4.3106
MA-81036;28.6525;-9.6535
MA-23150;32.5654;-6.0324
MA-25472;33.0623;-6.6557
MA-81152;29.0583;-9.4288
MA-33022;33.1828;-4.7907
MA-52072;31.6021;-4.2093
MA-25003;32.6923;-6.9538
MA-47402;29.82;-5.72
MA-45872;31.3996;-5.8667
MA-85002;29.6049;-9.9173
MA-46072;31.9389;-8.8466
MA-25424;33.0623;-6.6557
MA-85352;29.6128;-9.5283
MA-81034;28.6525;-9.6535
MA-94053;35.737;-5.6314
MA-27223;33.5154;-7.8168
MA-34044;34.5348;-4.9688
MA-84050;29.3891;-8.2549
MA-24373;32.4755;-8.3684
MA-24074;32.6134;-8.222
MA-93026;35.553;-5.2447
MA-35273;34.1015;-4.296
MA-47073;30.7339;-6.6314
MA-42302;31.3524;-7.9501
MA-23252;32.3731;-6.2597
MA-22352;31.9793;-6.8548
MA-54350;33.0045;-5.7647
MA-47574;29.98;-5.51
MA-25252;32.8828;-6.6538
MA-54472;32.8946;-5.8669
MA-91123;35.134;-5.3659
MA-24026;32.8628;-8.3226
MA-62023;35.0797;-2.992
MA-52475;31.9695;-4.8953
MA-44250;31.5221;-9.4359
MA-83174;30.8383;-7.9029
MA-25073;32.6923;-6.9538
MA-87252;30.1367;-9.2986
MA-13026;33.4957;-7.0992
MA-15273;34.0017;-6.4088
MA-81122;29.1014;-9.3642
MA-44200;31.0009;-9.678
MA-22250;32.0917;-7.0479
MA-32250;35.1464;-3.8506
MA-43175;32.0633;-7.3848
MA-45750;30.5784;-7.2034
MA-43075;32.1959;-7.2279
MA-25072;32.6923;-6.9538
MA-70073;28.0946;-12.0516
MA-83073;30.6146;-8.2116
MA-22102;31.8883;-6.9422
MA-54372;33.0045;-5.7647
MA-34004;34.5218;-4.5968
MA-33000;33.3638;-4.729
MA-32352;34.9377;-4.3186
MA-70023;28.0169;-12.4888
MA-91000;35.1688;-5.2636
MA-43322;31.826;-7.058
MA-34173;34.6004;-4.8783
MA-41223;31.4077;-8.4021
MA-32014;35.1521;-4.3259
MA-46053;31.8601;-8.8821
MA-16026;34.4916;-5.5085
MA-15072;33.7074;-6.1938
MA-31273;33.7859;-4.624
MA-35125;33.9665;-3.9104
MA-41084;31.4316;-8.7915
MA-22300;31.7344;-7.0051
MA-44225;30.9844;-9.7911
MA-42353;31.3524;-7.9501
MA-85125;29.5727;-9.4198
MA-85252;29.5949;-9.8615
MA-24122;33.2001;-8.1626
MA-85200;29.6268;-9.3424
MA-25382;32.8627;-6.5736
MA-46202;32.2551;-8.9807
MA-26622;32.8465;-7.0983
MA-81072;28.6525;-9.6535
MA-24004;33.2315;-8.5506
MA-83424;30.4163;-9.037
MA-92000;35.1932;-6.1557
MA-25423;33.0623;-6.6557
MA-26573;33.0204;-7.3326
MA-34036;34.6037;-4.7893
MA-23573;33.0784;-6.6541
MA-91102;35.1064;-4.9389
MA-83325;30.5565;-8.6147
MA-33303;33.345;-3.7039
MA-14123;34.9256;-5.8571
MA-25152;32.9005;-6.7746
MA-25272;32.8828;-6.6538
MA-42272;31.2963;-7.8752
MA-24005;33.2315;-8.5506
MA-80502;30.696;-9.8297
MA-44122;31.64;-9.15
MA-54373;32.0886;-6.2385
MA-64850;34.4786;-1.7685
MA-84174;30.2431;-7.0505
MA-54202;32.6801;-5.5774
MA-35225;34.3887;-5.0693
MA-83500;30.5292;-7.9126
MA-85024;29.6592;-9.74
MA-43474;32.3031;-7.7474
MA-42123;31.1375;-8.3149
MA-23073;32.4685;-5.7724
MA-82022;28.0151;-10.814
MA-24232;32.7164;-8.8011
MA-25376;32.8627;-6.5736
MA-82010;28.0151;-10.814
MA-46252;32.2551;-8.9807
MA-26175;32.5337;-7.4408
MA-90102;35.4637;-5.8621
MA-47602;30.397;-5.9662
MA-85022;29.7567;-9.6554
MA-35172;34.4909;-4.1496
MA-25060;32.6923;-6.9538
MA-16173;34.5071;-5.8173
MA-42472;31.363;-8.0161
MA-93100;35.6166;-5.2752
MA-34022;34.5514;-4.6863
MA-45172;31.419;-6.0077
MA-44226;30.9844;-9.7911
MA-35025;34.284;-4.2346
MA-16102;34.4404;-5.6788
MA-26276;32.5965;-7.2935
MA-35122;33.9665;-3.9104
MA-51124;33.9195;-5.291
MA-52222;31.1617;-4.162
MA-44275;31.2836;-9.3335
MA-91122;35.134;-5.3659
MA-47923;30.431;-6.2629
MA-15172;33.5972;-6.3357
MA-35003;34.4147;-4.044
MA-52422;31.3447;-4.3393
MA-54352;32.6852;-4.7451
MA-43324;32.0633;-7.3848
MA-46123;32.5265;-9.0018
MA-91025;34.98;-5.4234
MA-62522;34.9756;-3.2712
MA-92002;35.1932;-6.1557
MA-35022;34.284;-4.2346
MA-87473;30.0845;-9.6626
MA-45672;30.9138;-7.0693
MA-85126;29.5727;-9.4198
MA-26050;33.0663;-7.2416
MA-22523;31.94;-6.7193
MA-85172;29.5727;-9.4198
MA-35044;34.2894;-4.3195
MA-16072;34.5689;-5.7182
MA-52502;31.8156;-4.9592
MA-60025;34.6028;-2.2176
MA-22622;32.0691;-5.9396
MA-84173;30.2589;-6.7388
MA-53024;33.5897;-4.9775
MA-81024;28.6525;-9.6535
MA-83200;30.1549;-8.4838
MA-63600;35.0819;-2.229
MA-22002;31.9616;-6.5711
MA-31002;33.8326;-4.7078
MA-34125;34.7436;-4.9044
MA-91043;35.1781;-5.3216
MA-24272;32.8718;-8.7395
MA-34005;34.5218;-4.5968
MA-34043;34.5867;-4.6181
MA-29003;33.5048;-7.5032
MA-52425;31.3447;-4.3393
MA-33002;33.1855;-4.5514
MA-51025;33.7315;-5.5791
MA-33174;33.32;-4.18
MA-15026;33.7829;-6.128
MA-32372;34.9391;-4.4938
MA-52424;32.3153;-4.7923
MA-41226;31.3317;-8.4949
MA-16050;34.6159;-5.7404
MA-23374;32.5883;-6.2562
MA-85033;29.6876;-9.5072
MA-87572;29.7755;-9.168
MA-26024;32.9783;-7.7464
MA-62123;35.1529;-3.5774
MA-31272;33.7859;-4.624
MA-33273;32.9408;-4.1939
MA-65450;34.2718;-2.7949
MA-62550;35.0109;-3.0094
MA-50022;33.8935;-5.7472
MA-54452;33.1745;-5.4702
MA-53023;33.5897;-4.9775
MA-40065;31.9518;-8.2591
MA-35042;34.2894;-4.3195
MA-64500;34.3;-2.18
MA-31223;33.8552;-4.4881
MA-34014;34.7192;-5.1403
MA-23023;32.5086;-6.0843
MA-47925;30.431;-6.2629
MA-85026;29.6474;-9.8131
MA-85102;29.5829;-9.4244
MA-82000;28.0151;-10.814
MA-45523;31.1285;-6.3464
MA-32202;35.1464;-3.8506
MA-52602;31.5481;-4.8499
MA-65800;34.4073;-2.8973
MA-32122;35.0584;-4.1738
MA-52024;31.8589;-4.2806
MA-26074;33.0579;-7.1813
MA-87125;30.0791;-9.3863
MA-83026;30.172;-9.4812
MA-64123;34.0223;-2.3829
MA-42083;31.6347;-7.6444
MA-44272;31.4605;-9.3164
MA-52002;31.9314;-4.4266
MA-33122;33.4581;-4.2823
MA-44223;30.9844;-9.7911
MA-15150;33.5284;-6.6035
MA-26202;32.601;-7.3133
MA-26676;32.7536;-7.7987
MA-52622;31.5618;-4.7131
MA-31022;33.7694;-4.7273
MA-36150;34.0879;-5.1817
MA-86150;30.3416;-9.5036
MA-45852;31.2649;-6.5906
MA-85473;29.507;-9.0643
MA-52053;31.6884;-4.1783
MA-40202;31.6691;-8.3454
MA-34200;34.2879;-4.6637
MA-40300;31.6055;-8.1399
MA-29002;33.5048;-7.5032
MA-64550;34.31;-2.16
MA-45025;30.9522;-7.1588
MA-60070;34.6028;-2.2176
MA-44102;31.5834;-9.2561
MA-92072;35.0468;-6.0592
MA-44274;31.3881;-9.4133
MA-52450;31.2832;-4.2656
MA-93032;35.553;-5.2447
MA-42452;31.3114;-7.7456
MA-25375;32.8627;-6.5736
MA-62025;34.9892;-2.9208
MA-35325;34.0306;-4.389
MA-44000;31.5125;-9.77
MA-22575;31.8429;-6.9646
MA-83175;30.8383;-7.9029
MA-14302;34.6866;-6.0027
MA-83323;30.5565;-8.6147
MA-13072;33.7464;-7.3019
MA-43123;31.8701;-7.1437
MA-54272;32.7665;-5.3829
MA-32253;35.1464;-3.8506
MA-41222;31.3317;-8.4949
MA-32050;35.1051;-3.8403
MA-93015;35.553;-5.2447
MA-23072;32.4685;-5.7724
MA-43153;32.264;-8.135
MA-90302;35.5151;-5.9308
MA-24100;33.2895;-8.3425
MA-47552;29.97;-5.58
MA-15033;33.7074;-6.1938
MA-52473;31.9695;-4.8953
MA-84022;29.65;-7.95
MA-81006;28.0221;-9.294
MA-50046;33.9176;-5.7406
MA-45000;30.9189;-6.8934
MA-26073;33.1167;-7.1678
MA-52172;31.9538;-3.4399
MA-23400;32.463;-6.0345
MA-52023;31.8589;-4.2806
MA-46026;32.4133;-9.0186
MA-52150;31.8998;-4.6987
MA-45252;31.2316;-7.4257
MA-23005;32.463;-6.0345
MA-83332;30.513;-8.9356
MA-26232;32.8607;-7.5558
MA-16222;34.6807;-5.3593
MA-23323;32.5559;-6.3294
MA-15003;33.7074;-6.1938
MA-45200;30.9138;-7.0693
MA-26352;32.7665;-7.4982
MA-33272;32.9408;-4.1939
MA-93034;35.553;-5.2447
MA-24402;32.8246;-8.5112
MA-54222;32.7665;-5.3829
MA-22122;32.0937;-6.6061
MA-34074;34.2899;-4.9417
MA-15073;33.7074;-6.1938
MA-62352;35.1071;-2.7469
MA-91052;34.9983;-4.893
MA-44072;31.2614;-9.6314
MA-24223;32.6371;-8.732
MA-15423;33.7986;-6.2667
MA-34042;34.58;-4.73
MA-63322;34.8418;-2.3554
MA-81053;28.6525;-9.6535
MA-15024;33.7829;-6.128
MA-91072;34.9363;-4.7794
MA-15102;33.4259;-6.0014
MA-24322;32.8791;-8.1767
MA-85484;29.5413;-9.2269
MA-34032;34.5286;-4.807
MA-26250;32.5047;-7.1924
MA-24200;33.0409;-8.3891
MA-93052;35.553;-5.2447
MA-62822;34.9716;-3.1527
MA-24372;33.0409;-8.3891
MA-14102;34.9024;-5.9487
MA-22152;31.8883;-6.9422
MA-81000;28.987;-10.0574
MA-26274;32.5194;-7.2525
MA-13032;33.6064;-7.2082
MA-41202;31.3317;-8.4949
MA-32022;35.0672;-3.9867
MA-50375;34.0551;-5.4474
MA-34075;34.3942;-5.0555
MA-93022;35.553;-5.2447
MA-27182;33.4498;-7.6524
MA-46125;32.3015;-8.7353
MA-47074;30.7339;-6.6314
MA-25350;32.8627;-6.5736
MA-14322;34.7624;-6.045
MA-35202;34.0991;-4.5522
MA-35402;33.97;-4.38
MA-43323;31.826;-7.058
MA-42174;31.2879;-7.9683
MA-85272;29.5949;-9.8615
MA-35050;34.6537;-3.8675
MA-63752;34.8078;-2.4109
MA-54152;32.7236;-5.1025
MA-47702;30.8;-5.85
MA-83074;30.6146;-8.2116
MA-62024;35.2878;-2.9853
MA-23373;32.5883;-6.2562
MA-43052;32.1884;-7.2842
MA-34172;34.6004;-4.8783
MA-46073;32.2505;-9.0223
MA-31024;33.7694;-4.7273
MA-45825;31.4093;-5.6717
MA-83383;30.6207;-8.6587
MA-52476;31.9695;-4.8953
MA-90072;35.4314;-5.6557
MA-26572;33.0204;-7.3326
MA-44003;31.5785;-9.5376
MA-45124;31.0735;-7.2046
MA-22502;32.2392;-6.1234
MA-35272;34.1941;-4.1999
MA-35013;34.2434;-4.0913
MA-43122;31.9013;-7.2015
MA-23522;32.453;-6.2922
MA-83274;30.2468;-8.4775
MA-62802;34.9716;-3.1527
MA-46174;32.0366;-9.164
MA-46074;31.9479;-9.0673
MA-31100;33.8519;-4.8723
MA-52102;31.3447;-4.3393
MA-87113;30.0791;-9.3863
MA-33025;33.1842;-4.671
MA-33202;32.8327;-4.3984
MA-13162;33.5662;-6.8958
MA-45174;31.419;-6.0077
MA-90025;35.4509;-5.8449
MA-82023;28.0151;-10.814
MA-22573;31.8844;-6.8127
MA-32324;34.9395;-4.5522
MA-44132;31.6507;-9.4691
MA-50374;34.0157;-5.4617
MA-62422;35.1181;-3.49
MA-26072;33.1755;-7.1543
MA-42124;31.1375;-8.3149
MA-34023;34.6193;-4.5949
MA-44125;31.3557;-9.7965
MA-32375;34.9391;-4.4938
MA-24124;33.2103;-8.3193
MA-31023;33.7694;-4.7273
MA-42075;31.4447;-7.3922
MA-70022;28.0169;-12.4888
MA-65473;34.4827;-2.7061
MA-47722;30.7889;-5.705
MA-14026;34.295;-6.5606
MA-42051;31.4711;-7.5885
MA-44074;31.2614;-9.6314
MA-22574;31.744;-6.7828
MA-16020;34.4916;-5.5085
MA-25023;32.6923;-6.9538
MA-46034;32.7056;-9.0605
MA-81050;28.6525;-9.6535
MA-92252;35.0327;-5.7738
MA-22000;31.9616;-6.5711
MA-52400;32.1531;-5.6245
MA-50023;33.8634;-5.7141
MA-15052;33.6686;-6.1372
MA-94023;35.7132;-5.6967
MA-24022;32.8628;-8.3226
MA-52600;31.5076;-5.0329
MA-50300;34.0018;-5.5505
MA-15005;33.7074;-6.1938
MA-51150;33.9033;-5.3687
MA-11052;34.1185;-6.7389
MA-15175;33.5972;-6.3357
MA-46006;32.1237;-8.8964
MA-26450;32.9925;-7.5595
MA-23550;32.6554;-6.4236
MA-26372;32.787;-7.3549
MA-34102;34.6082;-4.6408
MA-62122;35.1529;-3.5774
MA-26600;32.9131;-7.2661
MA-13024;33.4957;-7.0992
MA-33102;33.452;-4.4634
MA-54252;33.0045;-5.7647
MA-46150;32.1078;-9.0837
MA-52474;31.9695;-4.8953
MA-52426;32.3153;-4.7923
MA-34024;34.5442;-4.8035
MA-26174;32.5198;-7.3812
MA-35045;34.2894;-4.3195
MA-42085;31.4659;-7.612
MA-34000;34.5366;-4.6401
MA-41083;31.4316;-8.7915
MA-85134;29.5053;-9.4551
MA-35026;34.284;-4.2346
MA-14200;34.5859;-6.2612
MA-83533;30.2249;-7.796
MA-45223;31.1916;-6.1921
MA-32006;35.1412;-4.1363
MA-35002;34.319;-4.0807
MA-47723;30.7889;-5.705
MA-35004;34.319;-4.0807
MA-52433;32.1406;-5.3549
MA-34272;34.4331;-4.5645
MA-91032;35.2294;-5.2368
MA-83284;30.1549;-8.4838
MA-14222;34.5859;-6.2612
MA-36222;34.1428;-4.8304
MA-24052;33.0409;-8.3891
MA-23225;32.463;-6.0345
MA-14005;34.6211;-6.1343
MA-42073;31.6101;-7.4682
MA-46022;32.2883;-8.9459
MA-15202;34.0017;-6.4088
MA-44222;30.9844;-9.7911
MA-54302;32.7964;-5.3188
MA-50352;34.0044;-5.2643
MA-43202;32.0633;-7.3848
MA-34073;34.4314;-4.9646
MA-60006;34.6028;-2.2176
MA-74002;22.554;-14.33
MA-45023;30.9724;-7.1035
MA-70050;27.9392;-12.926
MA-51032;33.7199;-5.454
MA-14122;34.9272;-6.0572
MA-50024;33.8334;-5.6809
MA-93250;35.4484;-5.0963
MA-87402;30.0845;-9.6626
MA-34100;34.628;-4.9127
MA-46023;32.2883;-8.9459
MA-15154;33.6111;-6.6179
MA-24323;32.8791;-8.1767
MA-22576;32.03;-6.78
MA-83372;30.48;-9.26
MA-85133;29.5053;-9.4551
MA-47422;29.82;-5.72
MA-23372;32.5048;-6.2485
MA-64100;34.0097;-2.0324
MA-24173;33.3149;-8.1604
MA-26674;32.7536;-7.7987
MA-87122;30.0791;-9.3863
MA-93200;35.457;-5.4324
MA-43222;31.7084;-7.6337
MA-44075;31.3065;-9.717
MA-92024;35.2201;-5.6715
MA-85003;29.6278;-9.5396
MA-32152;35.0225;-4.1401
MA-32323;34.9177;-4.5713
MA-36125;34.0861;-5.2071
MA-83524;30.377;-7.8543
MA-62502;34.9892;-2.9208
MA-47900;30.3324;-5.8384
MA-34232;34.3919;-4.503
MA-32013;35.0745;-4.2158
MA-91002;35.0617;-5.1983
MA-31032;33.7694;-4.7273
MA-15425;33.9493;-6.3084
MA-53052;33.2898;-5.3386
MA-54403;33.0045;-5.7647
MA-62900;34.9428;-2.7329
MA-24226;32.6371;-8.732
MA-44224;30.9844;-9.7911
MA-26122;32.8156;-7.4109
MA-51172;33.9195;-5.291
MA-16223;34.6807;-5.3593
MA-64152;34.016;-2.2076
MA-91035;35.2294;-5.2368
MA-83350;30.3947;-9.209
MA-45473;30.9138;-7.0693
MA-93033;35.553;-5.2447
MA-31052;33.8929;-5.037
MA-11022;34.1185;-6.7389
MA-53124;33.4183;-5.2581
MA-83376;30.48;-9.26
MA-44252;31.5221;-9.4359
MA-52434;32.1406;-5.3549
MA-43173;32.0633;-7.3848
MA-45652;31.3522;-5.302
MA-81005;28.6668;-9.728
MA-63652;34.9259;-2.3447
MA-44276;31.3606;-9.3661
MA-34072;34.3782;-5.0134
MA-80522;30.8143;-9.7702
MA-87132;30.0791;-9.3863
MA-34273;34.4044;-4.6934
MA-84172;30.251;-6.8946
MA-24172;33.3149;-8.1604
MA-62152;34.9892;-2.9208
MA-83042;30.5083;-8.7657
MA-85423;29.5413;-9.2269
MA-83400;30.5914;-8.7107
MA-47076;30.7339;-6.6314
MA-87452;30.0845;-9.6626
MA-41022;31.5797;-8.491
MA-53103;33.4151;-5.2773
MA-44004;31.7548;-9.371
MA-14052;34.5226;-6.322
MA-24003;33.0409;-8.3891
MA-16200;34.6869;-5.4454
MA-45102;31.0437;-7.2104
MA-22373;32.0301;-6.7999
MA-26026;33.124;-7.6241
MA-41082;31.4316;-8.7915
MA-12122;34.2422;-6.6015
MA-35052;34.7435;-3.9758
MA-22172;31.6829;-7.2784
MA-80302;30.1605;-9.1071
MA-43422;32.0633;-7.3848
MA-61122;32.1716;-3.2636
MA-81102;29.1014;-9.3642
MA-33323;33.4011;-3.589
MA-90036;35.4509;-5.8449
MA-83122;30.8306;-8.3052
MA-43472;32.3031;-7.7474
MA-51123;33.9195;-5.291
MA-40152;31.6055;-8.1399
MA-81025;28.6525;-9.6535
MA-43252;31.8049;-7.1464
MA-32172;35.0526;-4.0707
MA-85522;29.6677;-9.1983
MA-85273;29.5949;-9.8615
MA-87702;30.0791;-9.3863
MA-27123;33.4498;-7.6524
MA-23572;33.0784;-6.6541
MA-35043;34.2894;-4.3195
MA-70072;28.0946;-12.0516
MA-51000;33.6879;-5.371
MA-16004;34.4715;-5.7435
MA-62302;35.1071;-2.7469
MA-63072;34.9537;-2.1003