AT-5751;47.36916666666667;12.800000000000002
AT-5592;47.067899999999995;13.7853
AT-7444;47.4289;16.540766666666666
AT-8264;47.11812;15.90176
AT-3223;47.870916666666666;15.329916666666668
AT-8312;47.0419875;15.882237499999999
AT-5271;48.19996923076922;13.172269230769228
AT-5500;47.41777777777778;13.216666666666669
AT-7421;47.3836;16.111
AT-8670;47.549577777777785;15.590277777777779
AT-7342;47.5374;16.392
AT-5203;47.94052727272728;13.193036363636365
AT-1050;48.1865;16.3549
AT-5442;47.58918;13.41046
AT-3291;47.9456;15.1271
AT-3381;48.193925;15.371924999999997
AT-3433;48.302;16.1449
AT-6780;47.0611;9.9378
AT-8043;47.1352;15.460100000000002
AT-2851;47.527879999999996;16.158179999999998
AT-5573;47.1513;13.7416
AT-5645;47.1155;13.1347
AT-6460;47.245;10.7397
AT-4263;48.57901428571428;14.557142857142859
AT-3914;48.5276;15.231971428571427
AT-5113;47.98230625000001;12.927856249999998
AT-9905;46.85;12.7833
AT-9122;46.611710810810806;14.589927027027027
AT-7563;47.0;16.1667
AT-2284;48.25;16.7333
AT-4651;48.07183333333334;13.874899999999998
AT-7422;47.35;16.1333
AT-2486;47.9;16.377766666666666
AT-9361;46.979490476190485;14.322361904761905
AT-4073;48.29900666666666;14.179686666666667
AT-6433;47.21666666666667;10.905566666666665
AT-8230;47.29180999999999;15.978154999999996
AT-6493;47.2062;10.6748
AT-4552;48.00387142857143;14.117828571428571
AT-5280;48.24150499999999;13.037295
AT-9344;46.850004999999996;14.197115
AT-2122;48.39835;16.4785
AT-6883;47.322;9.9891
AT-8342;46.884106666666675;15.831250000000006
AT-4501;48.1387;14.2276
AT-8430;46.79354999999999;15.534474999999997
AT-6650;47.2667;10.5333
AT-2042;48.63556;16.0411
AT-8111;47.11752857142857;15.31055714285714
AT-4912;48.190189473684214;13.485063157894738
AT-9560;46.72637099236634;14.096309160305347
AT-4532;48.07560000000001;14.195988888888888
AT-8904;47.5833;14.355533333333334
AT-9754;46.7707;13.291685714285714
AT-3314;48.13648333333333;14.705600000000002
AT-3243;48.099452941176516;15.299613725490195
AT-7163;47.7744;17.0329
AT-6402;47.2759;11.1601
AT-2094;48.83304999999999;15.599949999999998
AT-4360;48.26460000000001;14.838507142857141
AT-2041;48.61566666666667;16.102866666666667
AT-5325;47.8333;13.1833
AT-3293;47.8951;15.0591
AT-6353;47.50334;12.335220000000001
AT-1040;48.192;16.3671
AT-4560;47.9056;14.1223
AT-9500;46.61806052631578;13.835731578947371
AT-4210;48.381949999999996;14.43159
AT-2564;47.97145333333333;16.060280000000002
AT-9541;46.70928333333334;13.821183333333336
AT-2170;48.655566666666665;16.627783333333337
AT-9362;46.968039999999995;14.28764
AT-5602;47.342685714285714;13.289042857142858
AT-4882;47.882600000000004;13.458499999999999
AT-7373;47.4483;16.4152
AT-3001;48.267224999999996;16.10205
AT-8431;46.7855;15.54
AT-2331;48.1211;16.3404
AT-4702;48.22701578947369;13.921631578947364
AT-9651;46.686375;12.903125
AT-8775;47.41215;14.780375
AT-7063;47.8333;16.6667
AT-5422;47.6902;13.1523
AT-8385;46.87166666666667;16.03995
AT-2152;48.6139;16.375333333333334
AT-4050;48.21818;14.241739999999998
AT-4681;48.192344444444444;13.657166666666663
AT-2625;47.72425;16.160449999999997
AT-4531;48.09309090909091;14.210381818181817
AT-9992;46.8357;12.849699999999999
AT-5141;48.096866666666656;13.009019999999996
AT-3482;48.475;15.8167
AT-4904;48.10942857142857;13.643585714285718
AT-6833;47.31205;9.660350000000001
AT-5441;47.58532272727271;13.334422727272731
AT-3494;48.42165;15.692266666666667
AT-1140;48.21213333333333;16.197433333333333
AT-2013;48.491508333333336;16.124658333333333
AT-4371;48.32202222222222;14.904022222222226
AT-2471;48.05426666666667;16.863183333333335
AT-3631;48.419443750000006;15.1954875
AT-2214;48.3667;16.6333
AT-8731;47.26837142857143;14.687128571428572
AT-5440;47.5986;13.21284
AT-3380;48.19676;15.30392
AT-8062;47.15321666666666;15.530549999999998
AT-4550;48.01696666666667;14.111866666666666
AT-3542;48.5215;15.475904761904761
AT-6713;47.2003;9.794699999999999
AT-6960;47.4836;9.8449
AT-4112;48.38293;14.127199999999998
AT-6313;47.4217;12.0411
AT-3932;48.71545555555556;15.105644444444444
AT-5270;48.196631578947354;13.165831578947365
AT-4775;48.389828571428545;13.531397142857138
AT-4662;47.9819;13.8217
AT-8924;47.648799999999994;14.89805
AT-8811;47.13841666666667;14.383933333333331
AT-2474;48.0167;16.9833
AT-4754;48.27616;13.568713333333335
AT-2403;48.094433333333335;16.78333333333333
AT-9411;46.83798461538462;14.777823076923076
AT-3424;48.321;16.1772
AT-9363;46.98228000000001;14.194413333333333
AT-4785;48.55594444444445;13.505366666666667
AT-5731;47.28113333333334;12.424077777777779
AT-6933;47.4928;9.8797
AT-8813;47.087799999999994;14.321333333333333
AT-4846;48.03210000000001;13.638499999999995
AT-5552;47.3667;13.5333
AT-4822;47.635238709677424;13.630500000000003
AT-3233;48.1085847826087;15.430906521739132
AT-5571;47.155566666666665;13.75
AT-4060;48.272905;14.242429999999999
AT-2172;48.7167;16.7167
AT-8913;47.57706666666667;14.457866666666668
AT-7350;47.51083333333333;16.499433333333332
AT-8181;47.18184782608696;15.659600000000001
AT-9535;46.59822666666666;14.043413333333332
AT-6794;46.9667;10.05
AT-3944;48.76113333333333;15.105566666666666
AT-4784;48.52355999999999;13.491665000000001
AT-4564;47.8314;14.1572
AT-6347;47.6572;12.2687
AT-9942;46.71355;12.605825
AT-3925;48.49661;14.942819999999994
AT-3121;48.271727272727276;15.549345454545454
AT-9587;46.55352727272728;13.817727272727273
AT-8301;47.06294285714286;15.562971428571426
AT-2334;48.1211;16.3404
AT-1300;48.15;16.5167
AT-5582;47.09721666666667;13.627766666666666
AT-8693;47.67289999999999;15.572900000000002
AT-8103;47.15538;15.29692
AT-8756;47.201825;14.5292
AT-6364;47.45;12.25
AT-2380;48.1194;16.2661
AT-5431;47.6233;13.140377777777777
AT-7311;47.59875;16.559800000000003
AT-3443;48.24267777777778;16.006561111111115
AT-9373;46.829499999999996;14.545699999999998
AT-6441;47.14611666666667;10.927783333333332
AT-6492;47.2052;10.696
AT-9521;46.662028571428564;13.867257142857142
AT-3562;48.53504285714285;15.6772
AT-4451;47.99404375;14.400037499999998
AT-3390;48.21443571428573;15.329771428571432
AT-3386;48.20766190476191;15.460295238095236
AT-5165;47.974399999999996;13.0602
AT-5230;48.1073;13.1508
AT-6145;47.1333;11.505566666666667
AT-6323;47.5107;12.1191
AT-9751;46.792100000000005;13.33542
AT-3141;48.24593333333333;15.77044
AT-2560;47.9163;16.098275
AT-4650;48.069438235294115;13.91144117647058
AT-6182;47.23575;11.069700000000001
AT-3544;48.583325;15.474975
AT-2084;48.76905714285715;15.797628571428572
AT-3130;48.29781818181818;15.709709090909092
AT-7522;47.04541;16.42149
AT-9581;46.56;13.969524999999999
AT-3714;48.60652857142857;15.93197142857143
AT-4252;48.52849285714285;14.786942857142856
AT-2134;48.66336;16.49334
AT-2504;47.9846;16.2174
AT-2253;48.350525;16.776925
AT-6091;47.2351;11.34245
AT-3710;48.532180000000004;15.94034
AT-8442;46.7674;15.42874285714286
AT-3923;48.63121666666666;15.013616666666666
AT-1100;48.1521;16.3878
AT-6293;47.15905;11.844850000000001
AT-8160;47.227005263157864;15.589168421052635
AT-4865;47.87982;13.53001
AT-6881;47.35039999999999;9.8992
AT-4980;48.340075;13.3975875
AT-3961;48.7246375;14.9751875
AT-9585;46.57058571428571;13.849271428571427
AT-3761;48.717616666666665;15.520966666666666
AT-5323;47.77465;13.187516666666667
AT-6154;47.08026666666667;11.526233333333332
AT-4461;47.944633333333336;14.445466666666666
AT-3493;48.45835;15.7167
AT-2251;48.4333;16.7833
AT-5132;48.13937368421051;12.944726315789477
AT-8962;47.433;13.901488888888888
AT-9111;46.69372666666666;14.690673333333331
AT-9163;46.50851666666666;14.2695
AT-3383;48.16744615384617;15.424049999999998
AT-2243;48.4;16.7
AT-4906;48.12436578947366;13.609850000000009
AT-8565;47.00952857142857;15.238100000000001
AT-7571;47.05;16.1167
AT-4575;47.727677777777785;14.265466666666669
AT-3344;47.8534;14.870350000000002
AT-3744;48.65233333333333;15.728566666666666
AT-4941;48.222465217391296;13.398656521739124
AT-5081;47.757799999999996;13.047
AT-4893;47.952576190476165;13.362390476190471
AT-5550;47.38664;13.46532
AT-3335;47.86478;14.676139999999998
AT-9162;46.53254;14.25115
AT-7371;47.472566666666665;16.3623
AT-4816;47.9459;13.82565
AT-5340;47.765299999999996;13.370825
AT-8350;46.91200625;16.011337499999996
AT-5572;47.15;13.7833
AT-8410;46.88962666666667;15.526093333333332
AT-8665;47.5706;15.623914285714283
AT-3681;48.225637037037046;15.062877777777773
AT-2732;47.78346;16.04636
AT-7435;47.37666;16.32
AT-8923;47.6476;14.8128
AT-2054;48.724540000000005;16.04074
AT-2202;48.345933333333335;16.415066666666664
AT-2105;48.389979999999994;16.31334
AT-2410;48.1463;16.945
AT-8833;47.13205;14.3293
AT-8713;47.317771428571426;14.971171428571429
AT-5133;48.140628571428564;12.942733333333335
AT-6456;46.92215;11.017199999999999
AT-3170;48.01628666666667;15.796066666666665
AT-6532;47.0667;10.6333
AT-4731;48.313797435897456;13.902876923076919
AT-2753;47.8661;16.1095
AT-9360;46.96210714285714;14.385903571428567
AT-5321;47.807175;13.177150000000001
AT-6463;47.2686;10.7813
AT-4523;48.03213333333333;14.339566666666668
AT-5231;48.10324583333334;13.120854166666668
AT-2232;48.28876666666667;16.566666666666666
AT-1180;48.2356;16.3193
AT-3212;47.95093124999999;15.338487500000003
AT-3240;48.09668974358977;15.31418974358974
AT-7071;47.8012;16.6716
AT-4122;48.511758823529426;13.985776470588233
AT-8654;47.441675;15.624999999999998
AT-4120;48.49809230769232;13.991730769230768
AT-9904;46.8541;12.76112
AT-9470;46.69230833333333;14.864108333333336
AT-7434;47.41256666666666;16.256633333333333
AT-8122;47.229749999999996;15.26445
AT-2462;48.0129;16.71343333333333
AT-2413;48.1;17.0083
AT-4860;47.926047058823514;13.572111764705882
AT-9962;46.92355;12.422183333333335
AT-4453;47.9333;14.35
AT-9909;46.80493333333334;12.739166666666668
AT-3351;48.054249999999996;14.594349999999999
AT-8046;47.14335;15.422508333333335
AT-3611;48.4161;15.39065
AT-3720;48.552385714285705;15.852385714285715
AT-5223;48.04651666666666;13.15305
AT-3333;47.98465;14.7259
AT-7321;47.57566666666667;16.511133333333333
AT-4641;48.05811428571429;14.01952857142857
AT-8192;47.412475;15.716674999999999
AT-4421;48.00172;14.327119999999999
AT-6820;47.2057;9.638233333333332
AT-8844;47.179825;14.129050000000001
AT-6210;47.40531250000001;11.797462500000002
AT-8553;46.7157;15.246800000000004
AT-3751;48.69058;15.744800000000001
AT-2440;47.973575;16.4883
AT-2362;48.0839;16.3454
AT-4048;48.32842;14.238400000000002
AT-9821;46.94450526315788;13.206094736842104
AT-3413;48.3;16.2167
AT-7051;47.8359;16.4804
AT-7312;47.588899999999995;16.564500000000002
AT-4392;48.2707;14.9452
AT-9072;46.55380588235293;14.163711764705882
AT-8832;47.19506363636364;14.25350909090909
AT-6741;47.212175;9.853375
AT-5771;47.443331250000014;12.73938125
AT-8302;47.05286363636365;15.585754545454545
AT-4971;48.285468750000014;13.441037500000004
AT-3552;48.471175;15.579550000000001
AT-8554;46.7157;15.2468
AT-2261;48.384550000000004;16.83335
AT-4443;47.97625;14.538075000000001
AT-4332;48.225139999999996;14.6114
AT-2731;47.78613333333333;16.085466666666665
AT-4872;48.0487617647059;13.498352941176478
AT-2392;48.09963333333334;16.123116666666668
AT-2381;48.143299999999996;16.19375
AT-2832;47.65;16.1833
AT-8643;47.4711;15.358100000000002
AT-9133;46.56207931034483;14.56584137931035
AT-5541;47.37143333333333;13.402233333333333
AT-3435;48.33352857142858;15.9364
AT-2532;48.04532;16.13074
AT-3222;47.866139999999994;15.36712
AT-8573;47.10835;15.0987375
AT-4691;48.05383;13.78213
AT-8621;47.53216666666666;15.242633333333336
AT-8793;47.43012857142859;14.941204761904762
AT-6633;47.3833;10.9
AT-3374;48.17016666666667;15.092433333333332
AT-6278;47.2179;11.9003
AT-6914;47.5833;9.7833
AT-9342;46.86718571428572;14.24251428571428
AT-9073;46.567077777777776;14.223433333333332
AT-8291;47.1452;16.109949999999998
AT-6600;47.50385000000001;10.702390000000001
AT-3042;48.250166666666665;15.867299999999998
AT-8521;46.82303333333333;15.381266666666667
AT-3261;48.06973947368421;15.040297368421065
AT-5093;47.54554;12.738380000000001
AT-6122;47.3;11.5833
AT-2872;47.52182499999999;16.038775
AT-7531;47.2333;16.15
AT-9300;46.77801428571426;14.344511428571437
AT-2641;47.654075;15.908850000000001
AT-5652;47.3667;13.0
AT-8542;46.75552727272727;15.257
AT-4931;48.164743749999985;13.351674999999997
AT-9431;46.801583783783784;14.840516216216214
AT-9815;46.87945;13.325679999999997
AT-6866;47.4117;9.8933
AT-8605;47.45141176470588;15.287400000000002
AT-2191;48.505539999999996;16.57928
AT-8454;46.68135454545454;15.386136363636364
AT-3354;48.0626;14.636050000000001
AT-6068;47.2833;11.5333
AT-8353;46.890883333333335;15.978383333333333
AT-2751;47.86462;16.207919999999998
AT-6921;47.4831;9.7667
AT-2292;48.16113333333333;16.866633333333333
AT-4776;48.39391428571428;13.55148857142857
AT-6136;47.3167;11.6833
AT-6236;47.4006;11.9168
AT-4831;47.5537;13.684899999999999
AT-8295;47.26186666666666;16.033
AT-4154;48.58836428571429;13.848400000000002
AT-4522;48.06765;14.299975000000002
AT-9816;46.8934;13.270728571428574
AT-9330;46.87662105263158;14.457921052631578
AT-6067;47.3;11.5
AT-2642;47.6383;15.8813
AT-8934;47.72201666666666;14.6331
AT-6533;47.05;10.6167
AT-6073;47.24165;11.45
AT-5143;48.102255263157915;13.020242105263156
AT-6063;47.29165;11.45835
AT-4821;47.69126666666667;13.614333333333335
AT-2231;48.33835;16.6353
AT-2145;48.6167;16.8167
AT-8200;47.108575862068975;15.709099999999996
AT-5222;48.039752;13.166756
AT-2164;48.763200000000005;16.495500000000003
AT-3331;47.997299999999996;14.734620000000001
AT-8570;47.0459125;15.147975
AT-3375;48.15504;15.078480000000003
AT-2203;48.370525;16.4607
AT-8750;47.18908461538463;14.627007692307693
AT-7092;47.95;16.75
AT-8714;47.304175;14.933325
AT-7083;47.9129;16.6956
AT-4153;48.59732083333333;13.900666666666668
AT-5274;48.19928518518519;13.172500000000001
AT-4223;48.30256000000001;14.475729999999999
AT-4894;47.967237499999996;13.360274999999998
AT-2572;48.035987500000005;15.9153
AT-9702;46.75135384615384;13.62524615384615
AT-4623;48.14224807692306;13.950386538461533
AT-9762;46.72015714285714;13.283214285714285
AT-3262;48.05188333333333;15.007722222222222
AT-5232;48.09519615384617;13.107484615384614
AT-8151;47.04131428571428;15.28827142857143
AT-2842;47.59002;16.1358
AT-9422;46.738130769230764;14.889984615384614
AT-4661;48.01625384615385;13.84436153846154
AT-2402;48.10835;16.7
AT-4813;47.896633333333334;13.747066666666667
AT-5205;47.95;13.15
AT-2434;48.00815;16.598325
AT-7431;47.35425000000001;16.2274
AT-3814;48.7997625;15.475237500000002
AT-8271;47.18631111111111;16.001844444444444
AT-8255;47.464825;15.76955
AT-8132;47.36066;15.337700000000002
AT-5412;47.72595;13.110075
AT-6971;47.4831;9.6831
AT-6621;47.41046;10.801060000000001
AT-9623;46.62588333333333;13.464227777777776
AT-2153;48.63856666666666;16.29733333333333
AT-3325;48.11433333333333;14.972266666666668
AT-8795;47.525;14.725
AT-2283;48.2667;16.7
AT-5084;47.7167;12.9167
AT-9701;46.759570588235285;13.598847058823527
AT-2654;47.6819;15.79416
AT-6272;47.2833;11.875
AT-9853;46.9069619047619;13.515104761904766
AT-2244;48.4639;16.7365
AT-9611;46.592200000000005;13.60442
AT-8252;47.4452;15.8037
AT-8421;46.82939333333333;15.663520000000002
AT-5092;47.573575;12.702124999999999
AT-6167;47.12965;11.3298
AT-2482;48.0333;16.3833
AT-3192;47.900349999999996;15.597783333333334
AT-8341;46.91578125;15.807506250000001
AT-8510;46.902213636363626;15.252699999999999
AT-6719;47.2;9.7331
AT-3511;48.3705;15.595685714285713
AT-6365;47.456050000000005;12.333
AT-8972;47.41233333333333;13.694866666666668
AT-2452;47.98206666666667;16.572599999999998
AT-8584;47.0211;14.9557
AT-8503;46.894754545454546;15.378881818181817
AT-2223;48.4613;16.636833333333332
AT-2113;48.474999999999994;16.35835
AT-8413;46.867095454545456;15.569845454545456
AT-9622;46.662600000000005;13.31454
AT-2064;48.7167;16.3
AT-6563;46.9667;10.1833
AT-4924;48.14613548387097;13.465464516129037
AT-8782;47.4932;14.4432
AT-6134;47.34165;11.679174999999999
AT-5421;47.696999999999996;13.142050000000001
AT-2322;48.12;16.3932
AT-2063;48.7;16.2333
AT-9463;46.963575;14.7605
AT-2092;48.85216666666667;15.790566666666669
AT-3422;48.340599999999995;16.244366666666668
AT-4274;48.41733888888889;14.721094444444443
AT-4331;48.21206153846154;14.632130769230766
AT-5273;48.198685185185184;13.199699999999998
AT-6071;47.25;11.45
AT-3105;48.24745;15.6731
AT-7100;47.93715;16.85535
AT-8344;46.882226666666675;15.85682666666667
AT-7142;47.7615;16.8002
AT-4923;48.15268;13.45614
AT-8770;47.35676666666666;14.966988888888888
AT-5732;47.28331666666666;12.3778
AT-8401;46.96128;15.44718
AT-8343;46.8795;15.8358
AT-3623;48.417812;15.300076000000006
AT-2130;48.57258888888889;16.56592222222222
AT-4772;48.3594105263158;13.527668421052637
AT-4261;48.56464166666667;14.470500000000001
AT-3525;48.466766666666665;15.266766666666667
AT-7301;47.6;16.619999999999997
AT-5620;47.3205;13.1517
AT-6934;47.525;9.89165
AT-4272;48.47676842105263;14.713436842105262
AT-8153;47.14671428571428;15.1563
AT-2143;48.6384;16.728250000000003
AT-6450;46.923024999999996;11.009474999999998
AT-6822;47.219950000000004;9.713083333333334
AT-6812;47.2989;9.5786
AT-6080;47.2333;11.40835
AT-8471;46.710328571428576;15.641042857142859
AT-3454;48.31923157894737;15.813505263157897
AT-9805;46.79971428571429;13.464771428571428
AT-9170;46.51268000000001;14.348939999999999
AT-7503;47.2438875;16.3091125
AT-9220;46.613204166666684;14.02852916666667
AT-6791;46.99895;10.0131
AT-6645;47.3667;10.5333
AT-4160;48.65472777777778;13.945155555555553
AT-4062;48.25987272727273;14.146572727272728
AT-8684;47.6135;15.751
AT-8614;47.3797;15.4045
AT-9954;46.8794;12.6542
AT-3506;48.386025;15.6563
AT-4133;48.47098235294117;13.875211764705885
AT-8144;46.96712307692307;15.377984615384618
AT-3204;48.06495454545455;15.472518181818181
AT-8712;47.38608;15.094320000000002
AT-3382;48.20675454545455;15.399527272727271
AT-4880;47.92472857142857;13.473439285714283
AT-4323;48.266623076923075;14.692323076923078
AT-9313;46.79450769230769;14.413615384615383
AT-6305;47.4667;12.1333
AT-6900;47.525774999999996;9.770125
AT-8163;47.2779;15.494166666666663
AT-8671;47.5083;15.61665
AT-3722;48.61345;15.857299999999999
AT-8120;47.2;15.35
AT-4114;48.416900000000005;14.029944444444443
AT-4712;48.26090810810808;13.803575675675663
AT-2061;48.70253333333333;16.152933333333333
AT-3224;47.8483;15.324000000000002
AT-8036;47.0232;15.5337
AT-8061;47.17468333333333;15.502699999999999
AT-6263;47.3494;11.846540000000001
AT-4204;48.421204347826084;14.32597826086957
AT-9907;46.8161;12.7897
AT-6345;47.6699;12.4055
AT-5272;48.19516315789473;13.189273684210525
AT-6422;47.276;10.9832
AT-5671;47.28446666666667;12.825899999999999
AT-4730;48.323182758620675;13.871025862068967
AT-3481;48.4333;15.83335
AT-8423;46.76706363636363;15.64261818181818
AT-8562;46.970659999999995;15.27007
AT-4682;48.175679999999986;13.649843333333328
AT-3813;48.7907;15.4343
AT-8113;47.08725;15.263678571428573
AT-6844;47.35;9.65
AT-2451;47.9365;16.5706
AT-2305;48.156475;16.8063
AT-6114;47.3;11.6333
AT-3151;48.105215384615384;15.606053846153845
AT-6733;47.25381428571428;9.907514285714285
AT-8971;47.4064;13.6897
AT-8960;47.442625;13.933962500000002
AT-2352;48.0454;16.2771
AT-5531;47.41853333333333;13.444466666666665
AT-8261;47.107733333333336;15.828246666666667
AT-2733;47.78971818181819;16.011218181818183
AT-8075;47.015950000000004;15.49555
AT-8142;46.923325000000006;15.4372625
AT-6176;47.25;11.31665
AT-9655;46.70179999999999;12.7568375
AT-4922;48.17272500000001;13.5217125
AT-2112;48.433325;16.416674999999998
AT-9082;46.61333333333334;14.1693
AT-2293;48.2789;16.9093
AT-9652;46.68825714285714;12.862214285714286
AT-9376;46.88274285714285;14.558157142857143
AT-8563;46.992336363636355;15.211409090909093
AT-4502;48.14395714285714;14.292007142857143
AT-6714;47.1667;9.8
AT-5324;47.76380000000001;13.224770000000001
AT-5722;47.28359999999999;12.620971428571428
AT-3595;48.682230000000004;15.497140000000002
AT-4053;48.188377777777774;14.244877777777779
AT-6942;47.47045;9.947700000000001
AT-6300;47.4891;12.0617
AT-6095;47.2293;11.2532
AT-7141;47.8541;16.8371
AT-8611;47.46018333333333;15.172983333333333
AT-8583;47.02030000000001;15.035366666666667
AT-8524;46.82660624999999;15.281768749999994
AT-8484;46.73681666666667;15.904349999999999
AT-7000;47.845733333333335;16.5258
AT-8272;47.20667272727273;15.977045454545454
AT-4324;48.277633333333334;14.681755555555554
AT-7123;47.8802;16.9413
AT-4180;48.48761818181819;14.231463636363639
AT-3364;48.06021249999999;14.8286
AT-1030;48.1981;16.3948
AT-9546;46.808859999999996;13.79033
AT-3200;48.133817647058834;15.537241176470593
AT-7322;47.5904;16.4653
AT-7013;47.7728;16.5281
AT-2083;48.81113333333334;15.833333333333334
AT-6408;47.3;11.1333
AT-2481;48.0803;16.3861
AT-2102;48.32994;16.37328
AT-6551;47.134100000000004;10.5062
AT-8292;47.189325;16.100450000000002
AT-8184;47.215388888888896;15.691844444444447
AT-5134;48.15137812500001;12.950734374999994
AT-2020;48.57506470588235;16.05912352941177
AT-2763;47.892475000000005;15.9629
AT-6534;47.0333;10.6
AT-2125;48.479175;16.500025
AT-8691;47.671659999999996;15.581660000000003
AT-9201;46.63716000000001;14.19924
AT-8224;47.21378333333333;15.862333333333337
AT-4300;48.155566666666665;14.507399999999999
AT-7143;47.7439;16.8302
AT-4903;48.11465625;13.628831250000005
AT-4891;47.98356896551724;13.367151724137932
AT-9654;46.70698;12.765999999999998
AT-8967;47.41117777777777;13.767000000000001
AT-3202;48.08956250000001;15.509525
AT-9971;47.000859090909096;12.538240909090911
AT-8490;46.72994;15.967849999999999
AT-7034;47.7997;16.3994
AT-4762;48.36418181818181;13.6745
AT-8112;47.12598333333333;15.290083333333335
AT-8124;47.22312000000001;15.23526
AT-3434;48.28549999999999;16.110833333333332
AT-4115;48.426881818181826;14.038590909090908
AT-6886;47.312;10.0165
AT-6531;47.05;10.65
AT-5754;47.3768;12.5958
AT-8966;47.41678;13.82466
AT-3107;48.213674999999995;15.629025
AT-2295;48.318900000000006;16.8453
AT-9322;46.89071666666666;14.442816666666666
AT-8045;47.14577142857143;15.452871428571429
AT-6103;47.3;11.2
AT-8636;47.6167;15.2667
AT-6112;47.2833;11.6
AT-3100;48.19831666666667;15.622349999999999
AT-3184;47.931;15.493
AT-3304;48.12388333333334;14.920983333333334
AT-8455;46.69415714285714;15.36787142857143
AT-8384;46.881240000000005;16.093899999999998
AT-4240;48.51093333333333;14.455255555555555
AT-7332;47.605599999999995;16.3841
AT-3253;48.14817777777778;15.1772
AT-2802;47.67258571428572;16.302885714285715
AT-8582;47.0561;15.110700000000001
AT-6771;47.0895;9.8826
AT-7552;47.2;16.1167
AT-4521;48.070949999999996;14.2975625
AT-6951;47.45;9.9
AT-3683;48.25018333333333;15.062600000000002
AT-3800;48.73668;15.36666
AT-2081;48.78209999999999;15.887366666666667
AT-8734;47.25322;14.787200000000002
AT-3131;48.321220000000004;15.69522
AT-3564;48.5619;15.700000000000001
AT-6800;47.2331;9.6
AT-4142;48.505;13.796728571428572
AT-7562;47.01665;16.2
AT-7463;47.31312;16.3428
AT-6835;47.286049999999996;9.668225
AT-6841;47.35;9.6167
AT-8362;47.01779285714286;16.014392857142855
AT-6175;47.25;11.28335
AT-6404;47.27835;11.145
AT-2320;48.12;16.3932
AT-5521;47.40835;13.3167
AT-4973;48.29133200000001;13.43258
AT-9554;46.735896296296296;14.176244444444444
AT-4081;48.39317105263159;13.938697368421048
AT-8753;47.198800000000006;14.66437272727273
AT-8424;46.783675;15.58745
AT-8772;47.37085;14.970825000000001
AT-2650;47.68418571428571;15.855
AT-8221;47.1963;15.848374999999999
AT-9773;46.75033571428571;13.091664285714286
AT-6183;47.2135;11.0231
AT-3491;48.49418000000001;15.744040000000002
AT-3962;48.755566666666674;14.852783333333333
AT-7451;47.4474;16.5076
AT-2136;48.724360000000004;16.38148
AT-4631;48.19214400000001;13.914372000000004
AT-3804;48.703583333333334;15.295483333333332
AT-3213;47.97436499999999;15.321330000000003
AT-6553;47.0833;10.455566666666666
AT-6184;47.2254;11.0948
AT-2023;48.616675;16.183325
AT-3011;48.1822;15.8775
AT-4714;48.23188461538458;13.79488717948717
AT-6382;47.5698;12.4559
AT-5330;47.8;13.3
AT-3385;48.19009000000001;15.496425000000002
AT-7412;47.25;16.1
AT-4901;48.11355897435893;13.62589487179488
AT-8411;46.86591;15.457479999999999
AT-9182;46.5317;14.088583333333334
AT-4211;48.40516521739129;14.424608695652175
AT-5621;47.3333;13.11665
AT-8412;46.900266666666674;15.55965
AT-8790;47.5333;14.8833
AT-4452;47.9333;14.35
AT-2014;48.508325;16.05
AT-7323;47.6132;16.4955
AT-7544;47.09678333333334;16.3005
AT-6708;47.1008;9.7372
AT-4753;48.2810363636364;13.58777272727273
AT-6830;47.2689;9.67155
AT-2472;48.0667;16.95
AT-3341;47.89837142857143;14.872892857142856
AT-7202;47.787499999999994;16.330199999999998
AT-2441;47.96476666666666;16.47883333333333
AT-7551;47.13335;16.17085
AT-3713;48.58516666666666;15.778888888888888
AT-7222;47.7052;16.4301
AT-3484;48.40685;15.777075
AT-2291;48.2452;16.81365
AT-4151;48.58859090909089;13.921286363636364
AT-3110;48.2370090909091;15.553709090909088
AT-9314;46.78486666666668;14.431438095238093
AT-4600;48.16750000000001;14.02378837209302
AT-6647;47.3;10.59165
AT-9520;46.658225;13.9
AT-4817;47.91611666666666;13.853466666666668
AT-8250;47.44068;15.811659999999994
AT-8152;47.0455142857143;15.22177857142857
AT-6731;47.238437499999996;9.903274999999997
AT-6065;47.3;11.4667
AT-3463;48.4;16.0278
AT-3512;48.36533333333333;15.553599999999998
AT-2221;48.4147;16.6319
AT-5311;47.844433333333335;13.368266666666665
AT-5563;47.1833;13.6
AT-8051;47.04008;15.370259999999998
AT-5760;47.41249428571432;12.845440000000002
AT-8053;47.031;15.3727
AT-2230;48.3392;16.7202
AT-8561;47.0056125;15.2698
AT-5241;48.1352347826087;13.224217391304341
AT-7572;47.10615;16.1115
AT-6700;47.14033333333333;9.840833333333334
AT-3244;48.10294705882355;15.282499999999997
AT-8993;47.623059999999995;13.824639999999999
AT-5632;47.242466666666665;13.098433333333332
AT-7473;47.21523333333334;16.3886
AT-4777;48.35403333333333;13.512733333333335
AT-5733;47.264225;12.3437625
AT-4294;48.444440909090915;14.646295454545452
AT-9131;46.596208823529416;14.495241176470588
AT-3971;48.664518181818174;14.83071818181818
AT-4823;47.5907;13.6534
AT-8700;47.37198333333333;15.088283333333331
AT-6405;47.3;11.0833
AT-5145;48.12093061224493;13.019636734693886
AT-8931;47.664225;14.729475
AT-8551;46.71849090909089;15.248200000000004
AT-6941;47.4667;9.8833
AT-2241;48.3548;16.6912
AT-3241;48.08180000000001;15.305261111111113
AT-7411;47.3;16.09165
AT-1060;48.1952;16.3503
AT-3312;48.116866666666674;14.781966666666667
AT-2332;48.1117;16.3631
AT-8680;47.59763333333334;15.701825
AT-6142;47.1667;11.3833
AT-6220;47.3745;11.754
AT-3860;48.85757272727273;15.116672727272727
AT-3034;48.185835714285716;15.95585714285714
AT-8544;46.73762;15.289220000000004
AT-3362;48.10436666666667;14.800199999999998
AT-8273;47.206199999999995;15.9604
AT-4652;48.062477419354835;13.94867741935483
AT-8740;47.16558;14.733740000000001
AT-3508;48.35927142857143;15.635185714285713
AT-5524;47.48557000000001;13.381629999999998
AT-5142;48.105996551724125;13.011272413793101
AT-4573;47.71734285714286;14.193042857142856
AT-2181;48.6;16.8167
AT-3532;48.56754545454546;15.340854545454546
AT-5122;48.110583333333324;12.840166666666672
AT-4565;47.915924999999994;14.082925
AT-8664;47.5609;15.5674
AT-8642;47.47286999999999;15.357640000000004
AT-8812;47.08886666666667;14.366666666666667
AT-4925;48.149627777777766;13.484049999999998
AT-8093;46.803741666666674;15.747233333333332
AT-6273;47.3;11.8667
AT-3684;48.2273;15.0666
AT-3913;48.53663333333333;15.185766666666666
AT-3593;48.637212500000004;15.4646625
AT-2490;47.8826;16.35475
AT-6571;47.1333;10.45
AT-8511;46.91144285714285;15.256571428571428
AT-2361;48.0683;16.3561
AT-8961;47.387325;13.956325
AT-3442;48.319900000000004;16.001250000000002
AT-3741;48.703700000000005;15.85702
AT-7534;47.1583;16.21665
AT-3652;48.25837333333333;15.253066666666662
AT-6471;47.19045714285714;10.750014285714286
AT-8253;47.4532375;15.816899999999997
AT-3950;48.76823333333333;14.963122222222223
AT-4116;48.451616666666666;14.069650000000001
AT-9713;46.72534;13.58624
AT-4851;47.954688;13.568287999999995
AT-8183;47.23426;15.729759999999999
AT-8723;47.247214285714286;14.823371428571429
AT-2475;48.0167;16.9333
AT-6311;47.42003333333333;12.021833333333333
AT-9565;46.83540000000001;13.92791
AT-4752;48.28718571428571;13.601185714285718
AT-4076;48.28428333333334;13.995033333333334
AT-4511;48.1499;14.196359999999999
AT-4911;48.19587777777778;13.488461111111114
AT-4381;48.233399999999996;14.902833333333334
AT-3970;48.688656521739134;14.867078260869567
AT-8141;46.95278571428571;15.408685714285713
AT-2491;47.859975000000006;16.3991
AT-6884;47.2803;9.8916
AT-6544;46.9694;10.5667
AT-8354;46.847950000000004;15.9774
AT-4863;47.92503684210526;13.560615789473687
AT-8041;47.1352;15.460100000000002
AT-6973;47.469300000000004;9.65165
AT-2442;47.95835;16.424999999999997
AT-9143;46.569942857142856;14.741907142857144
AT-5201;47.91829473684211;13.15591052631579
AT-4873;48.05632727272729;13.491057575757571
AT-9653;46.695775;12.818183333333335
AT-4866;47.85998333333333;13.521416666666667
AT-8330;46.9907111111111;15.870522222222222
AT-3142;48.24666;15.805449999999999
AT-4172;48.4865;14.123349999999997
AT-4264;48.53501111111112;14.546766666666668
AT-6235;47.41113333333333;11.889033333333336
AT-7537;47.1591;16.2209
AT-9583;46.5663;13.89225
AT-4164;48.7197;13.824850000000001
AT-4102;48.32515;14.1173
AT-6782;47.0937;9.9831
AT-4654;48.04826153846154;13.901100000000001
AT-3561;48.475;15.675
AT-6574;47.1472;10.3972
AT-6774;47.0833;9.9
AT-4562;47.8926;14.0304
AT-5322;47.8193;13.2149
AT-2104;48.3833;16.25
AT-3522;48.49821428571429;15.370307142857142
AT-5212;48.01861428571429;13.280200000000002
AT-6911;47.52323333333334;9.760133333333334
AT-4595;47.993514285714284;14.261128571428571
AT-4352;48.22882666666667;14.785626666666666
AT-8114;47.15863636363636;15.299772727272728
AT-3350;48.07747857142857;14.594750000000001
AT-3613;48.448033333333335;15.369841666666666
AT-7361;47.465725;16.616475
AT-3345;47.82150769230769;14.880169230769232
AT-8076;46.9888;15.4758
AT-5351;47.70738;13.547720000000002
AT-7542;47.0686;16.264633333333332
AT-8453;46.70679;15.391989999999998
AT-3594;48.60477142857143;15.39524285714286
AT-7151;47.7285;16.9371
AT-8762;47.25108888888889;14.488811111111112
AT-6336;47.54237499999999;12.103200000000001
AT-4063;48.2471;14.185769230769232
AT-5225;48.03977777777778;13.157655555555557
AT-4061;48.26168571428571;14.203000000000001
AT-3355;47.977;14.6313
AT-5164;47.95835;13.075
AT-7474;47.17008333333333;16.422100000000004
AT-2734;47.778866666666666;15.9632
AT-5450;47.475;13.183325
AT-9523;46.6430875;13.882512499999999
AT-6123;47.324557142857145;11.634242857142857
AT-8984;47.5527;13.9592
AT-2163;48.75;16.5611
AT-2853;47.47743333333334;16.206100000000003
AT-6912;47.55835;9.78335
AT-8222;47.21035714285715;15.825785714285713
AT-3665;48.36998;15.093340000000001
AT-2533;48.065099999999994;16.048766666666666
AT-7221;47.7167;16.4167
AT-9181;46.51513333333333;14.165466666666667
AT-4633;48.1829705882353;13.870070588235295
AT-3353;48.025;14.675
AT-3384;48.19057692307692;15.449576923076922
AT-1020;48.2167;16.4
AT-3492;48.45105;15.7342
AT-2551;47.931;16.1791
AT-6320;47.50963333333333;12.044366666666667
AT-4770;48.37543518518516;13.541046296296294
AT-4741;48.23332727272726;13.625113636363638
AT-2421;48.0925;17.0639
AT-7035;47.816500000000005;16.40805
AT-4780;48.489450000000005;13.467616666666666
AT-4273;48.45777083333334;14.746970833333334
AT-8283;47.11386250000001;16.046237499999997
AT-4311;48.27515333333334;14.558280000000002
AT-4622;48.13485;14.100125
AT-2453;47.9833;16.65
AT-9346;46.89075333333333;14.135
AT-2022;48.63765;16.137349999999998
AT-4372;48.36043333333334;14.90625
AT-9421;46.767588888888895;14.900122222222222
AT-2493;47.8457;16.30255
AT-2833;47.6673;16.176985714285713
AT-6401;47.269416666666665;11.193533333333333
AT-5511;47.410019999999996;13.31002
AT-4111;48.346925;14.145058333333333
AT-3172;48.00375555555556;15.800266666666666
AT-4292;48.43696249999999;14.5503375
AT-4190;48.52846296296295;14.296559259259256
AT-4482;48.1911;14.47175
AT-5204;47.950070000000025;13.233836666666663
AT-9722;46.66023333333334;13.757266666666666
AT-9721;46.67482;13.722140000000001
AT-2454;48.0167;16.65
AT-4131;48.472816666666674;13.895661111111108
AT-8462;46.702679999999994;15.51977
AT-2663;47.865449999999996;15.73255
AT-8074;46.990700000000004;15.483600000000001
AT-1160;48.2167;16.3
AT-4786;48.49876666666666;13.47916666666667
AT-5120;48.061280000000025;12.856404999999999
AT-4663;47.9819;13.8217
AT-2095;48.86612;15.61672
AT-8313;47.03591666666667;15.896133333333331
AT-8382;46.9635;16.21252857142857
AT-6162;47.21666666666667;11.3833
AT-1230;48.1433;16.2934
AT-6213;47.4406;11.6949
AT-8402;46.9242;15.4908
AT-6234;47.5036;11.888950000000001
AT-2265;48.53325;16.8953
AT-3922;48.64248461538461;14.948076923076922
AT-6414;47.295824999999994;10.975
AT-6222;47.3681;11.7716
AT-2325;48.12;16.3932
AT-6675;47.4993;10.5164
AT-5423;47.6902;13.152300000000002
AT-3663;48.31640000000001;15.1435
AT-2264;48.504400000000004;16.87905
AT-2404;48.1167;16.85
AT-8572;47.08474999999999;15.120266666666668
AT-6306;47.5038;12.1922
AT-2091;48.818066666666674;15.732866666666666
AT-5710;47.2724;12.7598
AT-3753;48.750292857142846;15.639871428571428
AT-4542;47.98807142857144;14.16237142857143
AT-6271;47.3083;11.872166666666667
AT-4540;48.03640000000001;14.1821
AT-2053;48.7131;16.0234
AT-4310;48.263142857142874;14.535721428571431
AT-8612;47.4678;15.193000000000001
AT-8765;47.2478;14.5331
AT-9132;46.56696111111111;14.51703888888889
AT-3263;48.03387272727273;14.992118181818181
AT-6521;47.1167;10.6167
AT-7511;47.202850000000005;16.30225
AT-9572;46.84522173913044;14.049547826086956
AT-2333;48.118;16.3479
AT-4490;48.19709999999999;14.378066666666665
AT-6074;47.25;11.5
AT-4463;47.891;14.499511111111111
AT-9844;46.95897272727273;12.88809090909091
AT-5611;47.24445;13.207300000000002
AT-8523;46.81957142857142;15.258571428571429
AT-3533;48.57455714285714;15.266085714285714
AT-6888;47.2576;10.092
AT-6572;47.15;10.4
AT-5640;47.1155;13.1347
AT-8970;47.402024999999995;13.685849999999999
AT-8591;47.06667142857143;15.048800000000002
AT-3485;48.422216666666664;15.738866666666667
AT-6113;47.2833;11.6
AT-6524;47.0867;10.66
AT-2671;47.677475;15.87735
AT-2571;48.01780000000001;15.9907
AT-2724;47.83108333333333;16.059866666666665
AT-6972;47.4793;9.6628
AT-5202;47.93694615384615;13.218276923076926
AT-2281;48.24265;16.574550000000002
AT-3712;48.562475000000006;15.842524999999998
AT-9530;46.61985;13.752175000000001
AT-3812;48.802087500000006;15.412487500000001
AT-3180;48.000899999999994;15.581811111111112
AT-6141;47.1833;11.4167
AT-8232;47.322972727272735;15.986036363636366
AT-9231;46.64811666666666;14.008216666666668
AT-3465;48.41225;15.98285
AT-7111;47.9996;16.8605
AT-4951;48.23082222222222;13.241277777777777
AT-4582;47.69274285714285;14.3435
AT-6432;47.2;10.8667
AT-6867;47.4141;9.8515
AT-6156;47.05;11.4833
AT-3550;48.4735;15.66675
AT-2273;48.6042;16.9047
AT-2184;48.5978;16.7563
AT-8121;47.21000000000001;15.306659999999999
AT-4271;48.485575;14.651175
AT-9601;46.54808750000001;13.710762500000001
AT-8077;47.0;15.472233333333334
AT-8322;47.01234;15.74211
AT-6391;47.4833;12.55
AT-4982;48.30932666666668;13.346646666666665
AT-5091;47.63442;12.70586
AT-4173;48.474325;14.147666666666666
AT-8942;47.55;14.14165
AT-4150;48.57655588235293;13.93453235294118
AT-6083;47.1667;11.45
AT-9555;46.72170952380954;14.200990476190473
AT-4710;48.24213913043476;13.805243478260865
AT-9311;46.81147222222223;14.353927777777775
AT-6200;47.3928;11.776399999999999
AT-2700;47.81026000000001;16.222839999999998
AT-3572;48.58401666666666;15.560900000000002
AT-6416;47.3;10.9333
AT-6425;47.247099999999996;10.878933333333334
AT-9782;46.78987142857143;12.915228571428571
AT-4615;48.22383333333334;14.069566666666667
AT-5224;48.0424;13.148536363636365
AT-2384;48.1333;16.15
AT-6351;47.5166;12.2218
AT-8493;46.76785;15.967033333333333
AT-8171;47.3123;15.57515
AT-6380;47.5233;12.4232
AT-5742;47.24458333333333;12.211183333333333
AT-3942;48.74165;15.1167
AT-3053;48.11184166666666;15.880866666666664
AT-7461;47.31401111111111;16.306977777777778
AT-5522;47.4811;13.37225
AT-9772;46.75196666666667;13.097958333333333
AT-2073;48.73685;15.911375
AT-6092;47.2354;11.2992
AT-4572;47.755975;14.2018
AT-2183;48.5989;16.761499999999998
AT-7053;47.8805;16.4445
AT-9063;46.67325;14.346683333333344
AT-6166;47.16;11.351600000000001
AT-8786;47.51331428571429;14.378785714285714
AT-4755;48.29081333333334;13.599136666666672
AT-8435;46.76396666666667;15.554733333333333
AT-3903;48.711333333333336;15.207116666666666
AT-5221;48.02861515151516;13.160066666666669
AT-9130;46.6185875;14.495354166666665
AT-5574;47.1833;13.75
AT-6842;47.3331;9.6
AT-4694;48.03342499999997;13.777582142857153
AT-8472;46.725825;15.62195
AT-4952;48.23573333333335;13.194595238095241
AT-8332;46.99178888888889;15.857677777777774
AT-6773;47.0957;9.8652
AT-2811;47.5996;16.26095
AT-3321;48.15002;14.823340000000002
AT-6491;47.1967;10.6574
AT-7343;47.5455;16.4462
AT-4593;47.9482;14.2466
AT-2624;47.74766666666667;16.1409
AT-3423;48.32816666666667;16.1977
AT-9374;46.859115384615386;14.552915384615385
AT-3295;47.8831;15.1267
AT-9951;46.876;12.691833333333333
AT-7022;47.7097;16.5098
AT-4664;48.005;13.836925
AT-3842;48.868114285714285;15.274971428571424
AT-6723;47.2233;9.8341
AT-4082;48.37923333333333;13.983933333333333
AT-2821;47.73094285714285;16.245228571428573
AT-3863;48.96666666666667;15.138866666666667
AT-2120;48.375;16.5167
AT-8900;47.546659999999996;14.29666
AT-3013;48.1822;15.8775
AT-9712;46.718783333333334;13.684199999999999
AT-6321;47.5;12.0667
AT-3861;48.90833333333333;15.160733333333333
AT-3830;48.81776666666665;15.283720833333339
AT-9183;46.536116666666665;14.050083333333335
AT-7052;47.8394;16.4626
AT-3661;48.27044285714286;15.195421428571425
AT-6890;47.4264;9.6585
AT-8781;47.452475;14.614975
AT-9173;46.52782857142858;14.412292857142857
AT-4113;48.407354999999995;14.056479999999999
AT-4802;47.82005454545455;13.752663636363637
AT-8625;47.55196;15.327840000000004
AT-4232;48.381249999999994;14.516350000000001
AT-2252;48.4;16.8
AT-2201;48.34889999999999;16.424
AT-6464;47.27416000000001;10.778880000000001
AT-6644;47.33886666666667;10.5333
AT-3193;47.86885;15.581150000000001
AT-3622;48.391524999999994;15.336525
AT-3334;47.90571428571428;14.716771428571429
AT-3322;48.150233333333325;14.908666666666667
AT-2144;48.6333;16.8
AT-1200;48.2402;16.3773
AT-3841;48.77201666666667;15.287349999999998
AT-6173;47.2333;11.25
AT-3945;48.7699;15.046800000000001
AT-2831;47.65506666666667;16.117316666666667
AT-4725;48.395213157894766;13.733947368421052
AT-4942;48.234049999999996;13.372654545454543
AT-4591;47.855125;14.292825
AT-8463;46.677899999999994;15.493241666666668
AT-5162;47.948771428571426;13.049671428571429
AT-3140;48.2353;15.724183333333334
AT-6555;47.07776666666667;10.4389
AT-9906;46.7989;12.8381
AT-2192;48.55;16.65
AT-8911;47.57732;14.44344
AT-9631;46.63398461538462;13.216461538461537
AT-6094;47.225725;11.28345
AT-8452;46.72595833333333;15.429241666666668
AT-8262;47.09427368421052;15.90366842105263
AT-8473;46.7057;15.7075
AT-2755;47.8785;16.0246
AT-8212;47.17962666666666;15.783046666666667
AT-9753;46.7729;13.335826666666666
AT-5660;47.26610769230769;12.955215384615387
AT-2801;47.76525;16.276600000000002
AT-5452;47.46319090909091;13.210872727272726
AT-3902;48.768933333333344;15.18502222222222
AT-6863;47.43255;9.90645
AT-4251;48.548758823529404;14.672105882352943
AT-6406;47.3;11.0833
AT-2424;47.9831;17.0031
AT-3392;48.2392125;15.372000000000002
AT-3633;48.45184166666667;15.047691666666667
AT-9433;46.776026190476195;14.820938095238105
AT-6932;47.5143;9.8877
AT-4961;48.27123999999999;13.167180000000002
AT-6781;47.08146666666667;9.929266666666667
AT-6421;47.2833;11.05
AT-2123;48.430550000000004;16.497233333333334
AT-6392;47.475;12.5833
AT-2141;48.675;16.55
AT-7464;47.3049;16.386200000000002
AT-9155;46.62354374999999;14.854718750000002
AT-4442;47.98881428571429;14.51937142857143
AT-9963;46.91722;12.33532
AT-4074;48.31802105263159;14.005757894736846
AT-4644;47.89763333333334;13.944083333333333
AT-8850;47.101218181818176;14.161818181818182
AT-2604;47.85405;16.277549999999998
AT-2473;48.047700000000006;16.9432
AT-4812;47.92076666666665;13.770111111111108
AT-3521;48.46675714285715;15.419157142857143
AT-9504;46.60783333333333;13.8247
AT-3873;48.874975;15.025
AT-4312;48.275504761904735;14.528628571428566
AT-8254;47.4257;15.79408
AT-4343;48.20090500000001;14.711750000000004
AT-4121;48.49479230769232;13.970834615384614
AT-2242;48.3868;16.7389
AT-5651;47.300729999999994;13.02345
AT-2752;47.83213333333333;16.1961
AT-5622;47.31922499999999;13.088416666666665
AT-6882;47.351299999999995;9.931049999999999
AT-4943;48.23716875;13.359056249999995
AT-8983;47.555233333333334;13.94018888888889
AT-2115;48.5244;16.35934
AT-6283;47.212675;11.864925000000001
AT-6352;47.5138;12.2994
AT-4441;48.021625;14.494775
AT-1070;48.2;16.35
AT-9451;46.95274285714286;14.9443
AT-2326;48.12;16.3932
AT-4612;48.24177333333333;14.024806666666665
AT-8502;46.910057142857156;15.366314285714285
AT-7203;47.7378;16.338
AT-4092;48.5336;13.59040434782609
AT-4653;48.0331875;13.9690625
AT-6561;47.0126;10.2918
AT-9345;46.864586666666675;14.167373333333332
AT-3400;48.3528;15.9306
AT-9632;46.64142222222222;13.182366666666665
AT-9121;46.62594000000001;14.56878
AT-8774;47.399766666666665;14.836916666666665
AT-6121;47.3;11.5667
AT-3470;48.4374875;15.8916625
AT-9582;46.5519625;13.9173125
AT-8241;47.43056666666668;16.026933333333332
AT-3421;48.3303;16.1979
AT-2512;47.99575;16.28135
AT-4144;48.54828500000001;13.792145
AT-8661;47.530249999999995;15.4988
AT-8630;47.76729999999999;15.330159999999998
AT-4085;48.410390625000026;13.889093749999995
AT-4183;48.509009090909096;14.206600000000002
AT-8251;47.4452;15.8037
AT-4793;48.47597647058824;13.622411764705886
AT-8480;46.74196250000001;15.85275
AT-3163;48.050399999999996;15.724650000000002
AT-6393;47.475;12.5833
AT-6526;47.0833;10.6833
AT-4596;47.96385;14.275075000000001
AT-9323;47.0051;14.4028
AT-6295;47.1674;11.861550000000001
AT-3123;48.27947999999999;15.592852
AT-2294;48.228519999999996;16.91562
AT-8240;47.42445;16.0579375
AT-4283;48.35785833333335;14.700391666666667
AT-8564;47.01472;15.207559999999997
AT-6363;47.4321;12.2141
AT-8311;47.047563636363634;15.829345454545455
AT-2620;47.711214999999996;16.075045000000003
AT-3361;48.0671;14.76451111111111
AT-4810;47.917385714285714;13.789457142857144
AT-8234;47.31671250000001;15.984775
AT-4850;47.95473703703703;13.582388888888882
AT-6793;46.9833;10.0333
AT-2465;48.0667;16.7833
AT-6677;47.51768571428572;10.461985714285715
AT-3451;48.278771428571424;15.94052857142857
AT-6020;47.24595;11.401758333333335
AT-2443;47.92615000000001;16.507975
AT-3644;48.26393076923076;15.338076923076924
AT-4721;48.358349999999994;13.72438
AT-4020;48.304100000000005;14.262
AT-4870;48.0438272727273;13.491523636363631
AT-4743;48.2325;13.609580000000001
AT-3500;48.423618181818185;15.588954545454543
AT-4773;48.36966923076924;13.512946153846153
AT-2640;47.662138709677436;15.946874193548393
AT-6373;47.3792;12.4181
AT-6344;47.644724999999994;12.302975
AT-1090;48.2333;16.35
AT-2031;48.57223333333334;16.183333333333334
AT-6361;47.42562857142857;12.14217142857143
AT-6111;47.27776666666667;11.561133333333336
AT-2435;48.020475000000005;16.58415
AT-7533;47.1833;16.1667
AT-4170;48.54540769230771;14.078728205128204
AT-7152;47.71469999999999;16.92245
AT-2521;47.9935;16.3427
AT-8211;47.146123076923075;15.763107692307692
AT-9873;46.79935;13.6175
AT-2483;47.95;16.4
AT-8383;46.91455;16.115466666666666
AT-6284;47.2038;11.8754
AT-3323;48.18165555555556;14.906577777777777
AT-2371;48.085433333333334;16.22693333333333
AT-3062;48.197092307692294;15.824107692307694
AT-5453;47.46113333333333;13.25
AT-4642;48.04692;14.05383
AT-8623;47.546659999999996;15.24666
AT-4950;48.23235625000001;13.215525000000005
AT-4794;48.45464074074075;13.635811111111105
AT-8223;47.23101666666667;15.812833333333332
AT-5400;47.6908090909091;13.094609090909092
AT-3040;48.22354666666666;15.90331333333333
AT-2425;47.9406;17.0694
AT-4191;48.55034666666666;14.246739999999999
AT-9602;46.54681428571428;13.658285714285714
AT-8794;47.444433333333336;14.9596
AT-3592;48.656499999999994;15.509699999999999
AT-9371;46.77395789473684;14.54068947368421
AT-2034;48.6653;16.23115
AT-6562;46.9833;10.25
AT-3004;48.2645;16.076787500000002
AT-4174;48.4577;14.09538
AT-8182;47.2141625;15.71725
AT-9832;46.900186666666656;13.030846666666665
AT-2460;48.0167;16.775
AT-3701;48.46220909090909;15.983609090909091
AT-3852;48.89629999999999;15.213744444444444
AT-4533;48.09726666666666;14.216483333333334
AT-6473;47.154333333333334;10.694433333333334
AT-5301;47.859480000000005;13.149090000000001
AT-3252;48.11338;15.142320000000002
AT-6824;47.20835;9.7
AT-8761;47.231292857142854;14.58670714285714
AT-1110;48.164;16.4463
AT-1120;48.1705;16.3223
AT-2272;48.5667;16.85835
AT-6264;47.3344;11.8292
AT-3591;48.64332;15.57668
AT-5661;47.219275;12.970475
AT-3680;48.208839999999995;15.0916
AT-8333;47.00403125;15.891656249999999
AT-9981;46.98231818181818;12.628681818181816
AT-9903;46.8533;12.713033333333334
AT-8552;46.71263499999998;15.245275000000003
AT-5672;47.2845;12.8259
AT-2213;48.36;16.6039
AT-2051;48.68666;15.943340000000001
AT-9135;46.513249999999985;14.579035714285713
AT-5360;47.72589230769232;13.536400000000004
AT-3122;48.298833333333334;15.499614285714285
AT-6832;47.29025;9.6533
AT-6763;47.208;10.1418
AT-2405;48.12585;16.921
AT-6671;47.499;10.5276
AT-6858;47.4374;9.77365
AT-7561;46.99305;16.2429
AT-2423;48.0167;17.1
AT-7091;47.9445;16.7315
AT-3632;48.44096875000001;15.120137499999998
AT-3281;48.05426400000001;15.216046
AT-3052;48.136468181818174;15.89389545454545
AT-9065;46.60985151515152;14.38645151515152
AT-3153;48.07188333333334;15.584816666666667
AT-9462;46.949684210526314;14.795789473684211
AT-3251;48.09098125;15.138159374999999
AT-4055;48.18317;14.21138
AT-4825;47.5842;13.5345
AT-4861;47.9212318181818;13.582118181818185
AT-6215;47.4957;11.660480000000002
AT-2211;48.35;16.5333
AT-3002;48.2654;16.0852
AT-7024;47.7865;16.4546
AT-4853;47.90693333333334;13.5703
AT-6991;47.3505;10.1823
AT-6165;47.166475;11.359399999999999
AT-2391;48.1165;16.1996
AT-9918;46.7539;12.4842
AT-3620;48.36682857142858;15.367042857142858
AT-3531;48.5471;15.287616666666665
AT-5761;47.404759999999996;12.893800000000002
AT-4840;48.029815789473695;13.643142105263154
AT-7512;47.17085;16.363625
AT-4262;48.60496363636364;14.49328181818182
AT-4132;48.488222222222234;13.897466666666666
AT-6105;47.3689;11.144
AT-3763;48.798775;15.570849999999998
AT-6481;47.051733333333324;10.834000000000001
AT-8055;47.023250000000004;15.379525000000001
AT-4751;48.27830833333334;13.60527916666667
AT-3730;48.64012142857144;15.829185714285714
AT-6861;47.4502;9.8315
AT-6762;47.1333;10.1667
AT-2661;47.8362;15.7291
AT-6992;47.3481;10.1714
AT-4282;48.3573;14.734031250000003
AT-6834;47.234750000000005;9.66875
AT-2161;48.7167;16.6167
AT-9375;46.895612499999984;14.549987499999999
AT-4841;48.03583589743586;13.63695641025642
AT-8355;46.7923125;15.95025
AT-9711;46.70905;13.621710000000002
AT-8943;47.51510000000001;14.154200000000003
AT-3900;48.73669;15.26255
AT-9123;46.6171;14.5953
AT-2803;47.63126666666667;16.325333333333333
AT-4849;48.0333;13.5667
AT-6334;47.546;12.1405
AT-7341;47.5644;16.3838
AT-3483;48.430350000000004;15.779150000000001
AT-2631;47.742825;15.966725
AT-8020;47.0232;15.533699999999998
AT-6591;47.1368;10.50705
AT-4242;48.49445384615386;14.417238461538462
AT-4760;48.36539411764708;13.655376470588235
AT-6543;46.8833;10.5167
AT-8634;47.7536;15.3244
AT-2540;47.96126666666667;16.191799999999997
AT-3473;48.51666;15.780000000000001
AT-5020;47.7994;13.044
AT-2126;48.5361;16.447216666666666
AT-5561;47.3;13.5
AT-8083;46.900819999999996;15.687880000000002
AT-2464;48.05835;16.71665
AT-6403;47.2833;11.1167
AT-9863;46.99769200000001;13.607008
AT-4733;48.32754117647058;13.867452941176474
AT-4281;48.36003333333334;14.761511111111108
AT-2393;48.075;16.17535
AT-6072;47.2383;11.4314
AT-7501;47.25466666666667;16.2659
AT-4209;48.37246451612903;14.342948387096774
AT-2011;48.44171111111111;16.162677777777777
AT-2074;48.755566666666674;16.005566666666667
AT-4616;48.184174999999996;14.1012375
AT-2024;48.6738;16.1813
AT-6837;47.2997;9.65
AT-3292;47.912800000000004;15.0953
AT-3571;48.59180833333334;15.642783333333336
AT-9586;46.5681888888889;13.81401111111111
AT-8010;47.0833;15.541699999999997
AT-2245;48.466800000000006;16.781950000000002
AT-4933;48.17213333333334;13.35070666666667
AT-8842;47.1575;14.249379999999999
AT-8263;47.0948;15.92174
AT-9871;46.82550000000001;13.549858333333333
AT-6335;47.58715;12.060316666666667
AT-4075;48.2804;14.0228
AT-4203;48.38394782608695;14.328473913043478
AT-4554;47.962450000000004;14.134699999999999
AT-7453;47.4788;16.48545
AT-2673;47.67425;15.849599999999999
AT-2662;47.82781428571428;15.728114285714286
AT-8653;47.45485;15.527099999999999
AT-2721;47.83696666666666;16.142233333333337
AT-8982;47.548866666666676;13.987749999999998
AT-8131;47.336479999999995;15.35462
AT-2852;47.455005555555566;16.192555555555558
AT-4713;48.2412846153846;13.796507692307692
AT-4492;48.167820000000006;14.3732
AT-8715;47.28856428571429;14.93887857142857
AT-4720;48.361900000000034;13.73713088235294
AT-4541;47.99966666666666;14.196183333333332
AT-7082;47.8942;16.6463
AT-2873;47.57913333333334;16.0795
AT-6075;47.262;11.5334
AT-4962;48.27422857142857;13.159014285714289
AT-6655;47.24702;10.311699999999998
AT-8922;47.6476;14.8128
AT-8694;47.69785;15.556125
AT-3133;48.34521111111111;15.755244444444445
AT-8233;47.32703333333333;15.993966666666665
AT-6646;47.3381;10.5548
AT-2463;48.04165;16.65
AT-3543;48.55701428571428;15.445014285714283
AT-8091;46.851620000000004;15.73562
AT-8073;46.9945888888889;15.442477777777778
AT-2135;48.71114;16.510579999999997
AT-3231;48.13666923076922;15.465030769230768
AT-3372;48.123425;15.010975
AT-8622;47.5431;15.2725
AT-9212;46.6442294117647;14.098864705882352
AT-8783;47.4932;14.4432
AT-5152;47.976908333333334;13.007083333333332
AT-7031;47.7855;16.4149
AT-8764;47.3061;14.3756
AT-8052;47.0456;15.357174999999998
AT-9913;46.778;12.5904
AT-6874;47.37695;9.9149
AT-3822;48.880608333333335;15.401975
AT-8624;47.5441;15.280625
AT-2544;47.941520000000004;16.21902
AT-3425;48.3303;16.1979
AT-3264;48.00540714285713;15.030478571428569
AT-4084;48.398320000000034;13.898989999999994
AT-2522;47.9757;16.3219
AT-4222;48.28102222222222;14.466611111111112
AT-3973;48.62595;14.7988
AT-9570;46.673;13.99095
AT-2000;48.38544;16.1685
AT-4676;48.15189285714285;13.749514285714284
AT-9531;46.615175;13.628525
AT-3924;48.58599999999999;15.015816666666668
AT-8321;47.03701818181818;15.737472727272724
AT-2514;48.01626666666667;16.296666666666667
AT-8831;47.17193333333333;14.321966666666668
AT-2632;47.68056666666667;16.009877777777778
AT-3871;48.859224999999995;15.015875000000001
AT-1080;48.2167;16.35
AT-2353;48.04615;16.295450000000002
AT-9064;46.66918809523811;14.396852380952385
AT-3342;47.87392857142857;14.839757142857144
AT-5603;47.2772;13.3195
AT-4291;48.45346111111111;14.573649999999995
AT-6474;47.1796;10.7333
AT-8682;47.58262;15.667259999999999
AT-3541;48.4476375;15.5379625
AT-3161;48.049807692307695;15.670707692307692
AT-3340;47.92726153846154;14.81316923076923
AT-5662;47.252246153846166;12.9472
AT-2114;48.47668;16.413339999999998
AT-9620;46.632376315789465;13.363010526315792
AT-6346;47.664300000000004;12.236799999999999
AT-3653;48.2987074074074;15.25358148148148
AT-8673;47.4643;15.6953
AT-9312;46.82138333333334;14.398038888888887
AT-9334;46.889305263157915;14.492489473684207
AT-8280;47.072712499999994;16.0711
AT-2275;48.6916;16.8695
AT-9813;46.85573333333334;13.360233333333333
AT-3021;48.18220000000001;15.8775
AT-6452;46.9667;11.0
AT-9400;46.8525304347826;14.829234782608701
AT-3033;48.161961111111125;15.944844444444442
AT-4091;48.52713333333333;13.634550000000003
AT-2133;48.64456666666666;16.446500000000004
AT-4801;47.87904999999999;13.764149999999999
AT-2422;48.05;17.0333
AT-8443;46.75205;15.38142857142857
AT-4674;48.144007692307696;13.741223076923074
AT-9862;46.970082352941176;13.625876470588237
AT-8294;47.24668;16.032580000000003
AT-5282;48.24028000000001;13.035469999999998
AT-2103;48.3;16.35
AT-9113;46.676615;14.756104999999996
AT-2070;48.76126666666667;15.962416666666668
AT-3472;48.5;15.8167
AT-8504;46.87150714285715;15.402992857142854
AT-9833;46.87413;12.96572
AT-5342;47.73615;13.4083
AT-4064;48.237058333333344;14.144491666666667
AT-9841;46.89528750000001;12.88895
AT-4920;48.15284347826087;13.47535652173913
AT-7061;47.8219;16.6317
AT-2182;48.5833;16.8167
AT-1170;48.2338;16.2901
AT-9612;46.605309090909095;13.577763636363635
AT-4432;48.15;14.5
AT-5451;47.494433333333326;13.1667
AT-8530;46.807605882352924;15.244405882352945
AT-6275;47.2833;11.8833
AT-1150;48.196;16.3183
AT-4675;48.15181904761905;13.739899999999997
AT-3452;48.290057142857144;15.878642857142859
AT-2822;47.716655555555555;16.214188888888888
AT-7020;47.6966;16.4792
AT-4842;48.03510869565219;13.6337
AT-8580;47.03899230769231;15.072853846153846
AT-3160;48.050000000000004;15.619666666666667
AT-2492;47.85405;16.327550000000002
AT-3294;47.883775;15.109324999999998
AT-8663;47.5673;15.5325
AT-3643;48.29896666666665;15.346872222222224
AT-4921;48.166726923076915;13.493561538461543
AT-2823;47.71238333333333;16.207066666666666
AT-2511;48.01995;16.24945
AT-9441;46.916585714285716;14.868671428571428
AT-6500;47.136125;10.562524999999999
AT-3672;48.22962222222222;15.165033333333334
AT-2004;48.45;16.291675
AT-4400;48.03439230769231;14.409376923076922
AT-9103;46.71935714285714;14.63097142857143
AT-9142;46.56508888888889;14.701244444444443
AT-9100;46.66600357142856;14.62571785714286
AT-4693;48.036599999999986;13.773015000000001
AT-8822;47.01194999999999;14.511283333333333
AT-9062;46.662155555555564;14.252544444444444
AT-7433;47.37316;16.24296
AT-4212;48.42317096774194;14.464206451612899
AT-8912;47.580600000000004;14.486550000000001
AT-5303;47.84686250000001;13.202275
AT-6161;47.2341;11.3734
AT-3313;48.14668;14.73666
AT-6710;47.189750000000004;9.6974
AT-8692;47.661199999999994;15.575787499999999
AT-7062;47.8034;16.6088
AT-3162;48.04865;15.695350000000001
AT-6652;47.28482;10.416640000000001
AT-6682;47.55;10.6333
AT-6314;47.44995;12.0953
AT-6850;47.414199999999994;9.79675
AT-8674;47.50861999999999;15.747379999999998
AT-2274;48.65;16.9
AT-9943;46.7042;12.7086
AT-4890;47.97126136363639;13.37998181818182
AT-2224;48.490125;16.674324999999996
AT-3205;48.10681818181818;15.520663636363638
AT-3743;48.6985;15.8036
AT-4673;48.145268421052634;13.747484210526313
AT-5242;48.12322380952381;13.24698095238095
AT-2193;48.59165;16.645825
AT-3943;48.7862;15.063774999999998
AT-6290;47.170225;11.86475
AT-3495;48.4542;15.7202
AT-3232;48.12129047619047;15.451342857142855
AT-8720;47.23571249999999;14.812075
AT-8862;47.087071428571434;13.9769
AT-4981;48.32795000000001;13.371116666666666
AT-8081;46.94556842105263;15.622584210526318
AT-2871;47.51183333333333;16.1263
AT-3430;48.33957;16.046180000000003
AT-4143;48.51451428571429;13.755635714285715
AT-4701;48.23214;13.90752
AT-2542;47.939499999999995;16.2218
AT-6722;47.22;9.8086
AT-6342;47.65;12.2167
AT-3754;48.743342857142856;15.555342857142858
AT-6673;47.50835000000001;10.55
AT-6262;47.3667;11.8333
AT-4382;48.231874999999995;14.94355
AT-5424;47.67942;13.154239999999998
AT-2082;48.833349999999996;15.85835
AT-4181;48.47525;14.2149125
AT-8843;47.17886666666667;14.186816666666667
AT-6552;47.1167;10.5167
AT-2840;47.61104285714286;16.136757142857142
AT-9851;46.856755555555566;13.490577777777778
AT-7543;47.085525;16.190075
AT-4364;48.286599999999986;14.813192857142853
AT-6706;47.1497;9.8
AT-5161;47.8667;13.0667
AT-8225;47.22669375;15.847437500000003
AT-5302;47.88335;13.175
AT-6952;47.449533333333335;9.988700000000001
AT-6610;47.4881;10.6878
AT-3912;48.4916625;15.156237500000001
AT-9931;46.7875;12.4314
AT-4724;48.38042105263161;13.7521350877193
AT-5542;47.36105;13.389525
AT-2754;47.866200000000006;16.053125
AT-3844;48.953311111111105;15.343833333333334
AT-4742;48.23207073170733;13.615926829268293
AT-4483;48.15584545454545;14.431936363636366
AT-5233;48.10702727272728;13.097248484848485
AT-3762;48.76356666666666;15.482833333333334
AT-3602;48.393225;15.505099999999999
AT-3242;48.05148076923078;15.306507692307692
AT-4814;47.891349999999996;13.716225
AT-3834;48.83945454545455;15.18369090909091
AT-8422;46.80293999999999;15.662380000000002
AT-5166;47.96900666666668;13.073946666666664
AT-4072;48.279225000000004;14.094934999999998
AT-2285;48.2084;16.69845
AT-4643;47.96323846153847;14.021084615384618
AT-8644;47.4711;15.3581
AT-6330;47.57705454545454;12.175527272727273
AT-3621;48.37574;15.387
AT-5584;47.128875;13.6156
AT-2286;48.191833333333335;16.7589
AT-8724;47.2242142857143;14.80137142857143
AT-2263;48.4691;16.83715
AT-6372;47.5;12.3833
AT-2003;48.41;16.25
AT-8800;47.20556666666667;14.449999999999998
AT-6654;47.2654;10.3679
AT-4613;48.22175;14.056987500000002
AT-8102;47.19679;15.373989999999997
AT-8324;46.976927272727266;15.756463636363636
AT-7304;47.51726;16.55548
AT-8265;47.13902222222222;15.885122222222224
AT-6631;47.41233333333333;10.860233333333333
AT-9210;46.632133333333336;14.171666666666667
AT-6115;47.2815;11.6529
AT-9150;46.604555172413804;14.810486206896547
AT-4975;48.36472;13.43914
AT-6721;47.2167;9.7831
AT-3464;48.38517777777777;16.0852
AT-3426;48.32755;16.1492
AT-7442;47.40412;16.40292
AT-8063;47.12880769230769;15.562815384615384
AT-4141;48.51691153846154;13.811807692307694
AT-5101;47.86838;13.029580000000001
AT-7161;47.763999999999996;16.88605
AT-4852;47.925850000000004;13.576625
AT-6395;47.4667;12.6167
AT-6458;46.916700000000006;10.96665
AT-3061;48.1951125;15.844375
AT-2171;48.6833;16.6833
AT-2162;48.7167;16.5833
AT-4716;48.23733333333332;13.780866666666668
AT-3660;48.2167;15.2167
AT-4563;47.893449999999994;14.1231
AT-9974;47.01684;12.3714
AT-6143;47.13526;11.45242
AT-4040;48.34919333333334;14.270133333333336
AT-2563;47.9582;16.0948
AT-6691;47.5741;10.4472
AT-9911;46.78904444444444;12.638238888888889
AT-6370;47.45655;12.37105
AT-9423;46.73217499999998;14.908540000000006
AT-2154;48.662524999999995;16.3708
AT-4707;48.22586923076922;13.896405128205128
AT-8191;47.396;15.7226
AT-8641;47.4689;15.358687499999998
AT-5600;47.35632000000001;13.223790000000003
AT-8992;47.630919999999996;13.76264
AT-5023;47.806599999999996;13.067333333333332
AT-4680;48.1839;13.651099999999994
AT-2111;48.406742857142866;16.3782
AT-3150;48.083325;15.6072
AT-4230;48.362434782608695;14.552113043478261
AT-4625;48.14214374999999;13.937671874999996
AT-3104;48.16776666666667;15.640416666666667
AT-3283;48.03025000000001;15.20324285714286
AT-4791;48.462315;13.5949
AT-3752;48.72954285714286;15.73007142857143
AT-4690;48.04805384615381;13.774169230769242
AT-8973;47.4064;13.6897
AT-4481;48.22291666666666;14.419516666666667
AT-7021;47.7427;16.493699999999997
AT-5131;48.130192307692305;12.942815384615386
AT-8345;46.84335714285713;15.848823809523811
AT-4351;48.212900000000005;14.792712499999999
AT-8763;47.295566666666666;14.4684
AT-9761;46.742205;13.200425
AT-9920;46.75086666666667;12.409
AT-6261;47.381150000000005;11.8265
AT-4611;48.221528;14.042763999999998
AT-4163;48.70077499999999;13.883375000000001
AT-4671;48.13698214285714;13.763474999999998
AT-6767;47.26173333333333;10.173166666666665
AT-6170;47.29165;11.1833
AT-5581;47.0833;13.6833
AT-5163;47.97456666666668;13.08273333333333
AT-6252;47.47615;11.9831
AT-9563;46.7799076923077;13.971123076923078
AT-9952;46.8769;12.6824
AT-3031;48.173;15.9527
AT-9584;46.55846666666667;13.8705
AT-3125;48.301785714285714;15.626142857142858
AT-3641;48.312275;15.403825000000001
AT-6179;47.2604;11.2583
AT-4926;48.161179999999995;13.500219999999997
AT-8932;47.691325000000006;14.641324999999998
AT-5591;47.0699;13.844166666666666
AT-8773;47.38622;14.913140000000002
AT-9524;46.623400000000004;13.89045
AT-3851;48.93424444444444;15.240066666666666
AT-4580;47.71886666666666;14.3501
AT-6764;47.16625;10.0664
AT-7032;47.7753;16.395
AT-9991;46.8266;12.8433
AT-2860;47.51667142857143;16.277771428571427
AT-6522;47.0833;10.6667
AT-4614;48.205616666666664;14.086066666666667
AT-6383;47.5698;12.4559
AT-8501;46.97363333333333;15.338966666666666
AT-5723;47.28179;12.587569999999998
AT-3573;48.6205;15.619099999999998
AT-7072;47.75;16.6667
AT-9112;46.71477179487179;14.726748717948713
AT-8742;47.12054090909091;14.700563636363633
AT-8652;47.47126666666666;15.5102
AT-5575;47.159;13.779150000000001
AT-5061;47.7699;13.092110000000002
AT-8593;47.095850000000006;15.047899999999998
AT-9571;46.831937499999995;14.036178125000001
AT-6292;47.17375;11.84615
AT-4342;48.211794736842116;14.72821052631579
AT-9321;46.83860333333333;14.466716666666665
AT-3012;48.1822;15.8775
AT-9852;46.88914166666667;13.497516666666668
AT-4303;48.183350000000004;14.544450000000001
AT-6642;47.3833;10.5667
AT-4624;48.138367999999986;13.935283999999998
AT-3363;48.067575000000005;14.8022
AT-9564;46.77550000000001;13.970818181818181
AT-3580;48.65974285714286;15.644678571428571
AT-3250;48.11398387096775;15.131716129032258
AT-2344;48.1;16.2833
AT-9872;46.81094499999999;13.585365000000001
AT-1210;48.290549999999996;16.380650000000003
AT-4161;48.67987222222223;13.916827777777776
AT-4594;47.9533;14.28758
AT-5724;47.28664;12.526679999999999
AT-6426;47.2167;10.8167
AT-4090;48.5189875;13.6462
AT-3134;48.34078571428571;15.698628571428571
AT-9615;46.60540909090909;13.514854545454542
AT-5570;47.136675000000004;13.703925000000002
AT-3601;48.392133333333334;15.514566666666667
AT-8853;47.14678000000001;14.089519999999998
AT-7081;47.8523;16.6233
AT-3691;48.22508571428572;14.993214285714286
AT-8920;47.6476;14.8128
AT-8282;47.0269;16.105539999999998
AT-9102;46.693265000000004;14.587170000000004
AT-7093;47.9617;16.796
AT-5144;48.11307352941177;13.01361176470588
AT-6241;47.4481;11.9142
AT-2062;48.714600000000004;16.1764
AT-8441;46.76295714285714;15.427914285714285
AT-6150;47.08333333333334;11.441683333333332
AT-3811;48.75;15.395825
AT-4672;48.14265454545455;13.762736363636362
AT-7540;47.04869230769231;16.325869230769232
AT-3221;47.8868;15.2911
AT-8785;47.425;14.5083
AT-5752;47.3667;12.7333
AT-9341;46.88946545454551;14.257460000000016
AT-2761;47.858819999999994;15.96842
AT-6423;47.2833;10.95
AT-5411;47.71623333333334;13.1192
AT-2093;48.790866666666666;15.68275
AT-4175;48.4405090909091;14.125000000000002
AT-5532;47.44165;13.5
AT-6280;47.22776666666667;11.9111
AT-3972;48.638400000000004;14.832681818181817
AT-2301;48.1825909090909;16.601000000000003
AT-3911;48.531675;15.081264285714287
AT-2222;48.450950000000006;16.5908
AT-3524;48.48504;15.2934
AT-6135;47.36465;11.71365
AT-4892;47.98057931034482;13.38249655172414
AT-8483;46.755700000000004;15.849899999999998
AT-4974;48.30527142857143;13.440807142857144
AT-3343;47.852500000000006;14.827864285714286
AT-8852;47.1253;14.1155
AT-4871;48.04641200000002;13.493372
AT-4030;48.3064;14.2861
AT-8792;47.39761428571428;14.9946
AT-9545;46.78049285714285;13.759585714285711
AT-6130;47.3517;11.7101
AT-3474;48.39666;15.86
AT-4460;47.93715;14.443349999999999
AT-9061;46.65946666666667;14.295316666666666
AT-9843;46.968678571428576;12.89075
AT-9900;46.834149999999994;12.7659
AT-3370;48.15754;15.07424
AT-3195;47.80689999999999;15.4906
AT-6870;47.37795;9.8981
AT-4224;48.305748275862086;14.471341379310337
AT-9635;46.653299999999994;13.103161538461539
AT-8921;47.64673333333334;14.755966666666666
AT-3441;48.27584;15.999939999999999
AT-9912;46.77031999999999;12.558785
AT-7121;47.9253;16.869
AT-5082;47.758874999999996;13.02815
AT-2433;48.0333;16.6
AT-9640;46.671966666666684;12.99900833333333
AT-8940;47.55952857142858;14.245257142857144
AT-3872;48.83331666666667;15.061100000000001
AT-7374;47.5139;16.3637
AT-3721;48.5861;15.864375
AT-7452;47.468333333333334;16.566066666666668
AT-5743;47.22893333333334;12.158933333333332
AT-8101;47.15872;15.36024
AT-9941;46.73195;12.481349999999999
AT-6116;47.2831;11.5957
AT-4362;48.27700555555555;14.823299999999996
AT-5585;47.1127;13.7426
AT-3211;47.96575555555556;15.343966666666667
AT-2500;48.0119;16.211925
AT-9771;46.747775;13.123225000000001
AT-8361;47.012587499999995;16.0209875
AT-9020;46.65060869565214;14.35389565217392
AT-4152;48.566178571428566;13.898342857142856
AT-8854;47.17776666666666;13.988900000000001
AT-2813;47.587031818181806;16.21934545454545
AT-4101;48.355404166666666;14.079808333333332
AT-3931;48.660534999999996;15.06105
AT-6260;47.392399999999995;11.86485
AT-4820;47.710049999999995;13.622511111111113
AT-8685;47.6151;15.775500000000001
AT-3332;47.9878;14.730649999999999
AT-7532;47.2;16.15
AT-6444;47.074;10.9695
AT-8933;47.686400000000006;14.633059999999997
AT-3214;47.94410769230769;15.30399230769231
AT-9614;46.59715;13.5445
AT-8244;47.45203;16.070710000000002
AT-9822;46.975674999999995;13.186499999999999
AT-4484;48.15632142857142;14.452007142857143
AT-2880;47.61054;15.9689
AT-4645;47.8759;13.9531
AT-9990;46.84285;12.8126
AT-5630;47.19548999999999;13.10909
AT-5211;48.01206;13.254852000000001
AT-2215;48.3941;16.6582
AT-7012;47.7647;16.5138
AT-6060;47.289733333333324;11.492266666666666
AT-6276;47.2791;11.8999
AT-6943;47.5;9.9667
AT-8293;47.2178;16.0828
AT-2151;48.59514;16.45422
AT-9461;46.91936;14.794719999999998
AT-3074;48.12074;15.763269999999997
AT-3671;48.22344285714286;15.145685714285715
AT-6511;47.16505;10.6079
AT-4983;48.30869166666667;13.355083333333335
AT-4052;48.2055625;14.2747375
AT-6712;47.2;9.7667
AT-6181;47.2167;11.2167
AT-6250;47.4632;11.983633333333332
AT-8733;47.27816153846153;14.842523076923074
AT-7162;47.7667;16.9833
AT-9543;46.743385714285715;13.846457142857142
AT-2212;48.3677;16.6072
AT-6178;47.2667;11.25
AT-5083;47.73283333333333;13.036866666666668
AT-3471;48.4833;15.875
AT-6133;47.3455;11.6922
AT-4193;48.541933333333326;14.364066666666666
AT-3124;48.30695714285715;15.581814285714286
AT-5114;47.954;12.95832857142857
AT-6840;47.3331;9.6331
AT-6611;47.45;10.75
AT-6384;47.5833;12.5667
AT-9854;46.946363636363635;13.497936363636363
AT-9552;46.71295;14.073350000000001
AT-9081;46.61065;14.174725
AT-4715;48.24513863636361;13.783306818181812
AT-6157;47.0167;11.4167
AT-3742;48.7361;15.789733333333336
AT-4656;48.026981818181824;13.915431818181816
AT-4134;48.49554285714287;13.879057142857143
AT-6108;47.389;11.2645
AT-7132;47.79035;16.878
AT-4655;48.029203448275865;13.92524137931034
AT-5112;47.987100000000005;12.96040952380952
AT-3376;48.155566666666665;15.038866666666669
AT-2651;47.68988181818181;15.809409090909092
AT-2116;48.55835;16.383325
AT-9812;46.860028571428565;13.359742857142853
AT-3462;48.388239999999996;15.959819999999999
AT-4692;48.05625714285712;13.770480952380957
AT-6993;47.3237;10.1546
AT-6541;47.025;10.60835
AT-9071;46.56323076923076;14.207392307692308
AT-7471;47.3047;16.441
AT-8732;47.271816666666666;14.767433333333335
AT-6100;47.3284;11.163879999999999
AT-2345;48.107;16.2847
AT-1220;48.219;16.495
AT-5741;47.24694000000001;12.258600000000001
AT-4592;47.92706666666667;14.2398
AT-5350;47.70824;13.49418
AT-8632;47.7536;15.3244
AT-8864;46.9608;13.8878
AT-2401;48.1086;16.8053
AT-3393;48.1978875;15.29025
AT-4171;48.5153375;14.089625
AT-6294;47.1681;11.8564
AT-2485;47.9167;16.424999999999997
AT-6274;47.2656;11.9068
AT-2870;47.54622631578949;16.08245789473684
AT-6845;47.3667;9.6831
AT-6580;47.13875;10.2735
AT-3143;48.182884000000016;15.711592000000001
AT-5505;47.375;13.125
AT-7472;47.23836666666667;16.4241
AT-4464;47.8167;14.6333
AT-6465;47.3167;10.8333
AT-9542;46.736553846153846;13.795715384615383
AT-3171;48.00607500000001;15.760950000000001
AT-8662;47.552724999999995;15.537675
AT-3650;48.30433269230772;15.215105769230764
AT-3664;48.36459411764706;15.156276470588235
AT-6230;47.42653333333334;11.900366666666665
AT-4830;47.55973333333333;13.645066666666667
AT-8190;47.39051666666666;15.724549999999999
AT-4462;47.8833;14.45835
AT-2262;48.40835;16.8333
AT-3071;48.17836666666666;15.757810000000003
AT-8600;47.434204347826096;15.277847826086958
AT-8820;47.05942222222222;14.44241111111111
AT-8784;47.49666;14.459999999999999
AT-4972;48.29310416666667;13.44312916666667
AT-4341;48.22454285714286;14.7153
AT-2276;48.70085;16.796
AT-6751;47.1494;9.9087
AT-6233;47.446299999999994;11.877749999999999
AT-4162;48.663341666666675;13.870225
AT-2523;47.95;16.3
AT-7064;47.8291;16.6196
AT-8403;46.85415714285715;15.508021428571428
AT-7423;47.38695;16.10878
AT-6527;47.0867;10.66
AT-7033;47.802099999999996;16.38525
AT-8903;47.53681250000001;14.25539375
AT-9634;46.64296363636363;13.142236363636362
AT-3420;48.3303;16.1979
AT-8451;46.73613750000001;15.446981249999997
AT-2002;48.50745555555556;16.231700000000004
AT-3823;48.9198625;15.461125000000001
AT-5730;47.28536500000001;12.454160000000002
AT-8950;47.53685;14.11345
AT-4792;48.47271428571428;13.597285714285714
AT-5102;47.893;13.023784615384615
AT-2132;48.625;16.5167
AT-7536;47.1667;16.3
AT-3702;48.45556666666667;16.05
AT-5310;47.85166;13.347629999999999
AT-3051;48.15170000000001;15.88214
AT-6542;46.961099999999995;10.555566666666666
AT-5583;47.10516666666666;13.665233333333333
AT-7432;47.3837;16.19765
AT-9074;46.582386666666665;14.184013333333333
AT-9932;46.8119;12.3747
AT-8092;46.79942;15.7076
AT-8505;46.82876666666667;15.442975000000002
AT-2534;48.04349;16.08669
AT-2032;48.579325;16.256475000000002
AT-8481;46.7468;15.8639
AT-4553;47.954719999999995;14.11284
AT-8863;47.075;13.925
AT-1130;48.1773;16.2456
AT-3662;48.26661428571429;15.141628571428571
AT-8741;47.13668947368421;14.71515263157895
AT-9972;46.99972857142858;12.450128571428573
AT-8492;46.733785714285716;15.947014285714287
AT-4192;48.52124444444445;14.33787777777778
AT-5026;47.7994;13.044
AT-9714;46.709711111111105;13.561077777777777
AT-9613;46.56752;13.620659999999997
AT-2603;47.88693333333333;16.266066666666667
AT-2432;48.0667;16.5833
AT-9710;46.69530833333334;13.652083333333332
AT-7564;47.03335;16.125
AT-4632;48.18821929824562;13.896892982456148
AT-6277;47.2333;11.86665
AT-8990;47.60461818181818;13.786354545454545
AT-4824;47.5842;13.5345
AT-2282;48.25703333333333;16.6311
AT-9781;46.75637999999999;12.9524
AT-2124;48.475;16.45835
AT-4932;48.17911538461539;13.35939230769231
AT-4845;48.0174052631579;13.654184210526314
AT-2033;48.622233333333334;16.227766666666668
AT-3553;48.517725;15.5815
AT-6324;47.5333;12.05
AT-6707;47.1464;9.7774
AT-7441;47.4407;16.330485714285714
AT-6623;47.35835;10.675
AT-6604;47.4667;10.6833
AT-4574;47.727325;14.2142
AT-7372;47.5128;16.373199999999997
AT-7331;47.60276666666667;16.409533333333332
AT-2552;47.931;16.1791
AT-9544;46.7692125;13.7733125
AT-2052;48.70000000000001;16.022233333333332
AT-7023;47.76146666666667;16.450266666666668
AT-4621;48.10975555555555;14.055355555555554
AT-9861;46.948456250000014;13.60171875
AT-9232;46.59258235294117;14.006305882352942
AT-9908;46.8164;12.7636
AT-7223;47.6513;16.3799
AT-6240;47.4394;11.8941
AT-6923;47.4831;9.7331
AT-3874;48.95735882352941;15.057070588235295
AT-5300;47.849975;13.1036
AT-5111;47.9834;12.9179
AT-4491;48.16415555555555;14.337866666666665
AT-3203;48.07348181818182;15.489809090909091
AT-9343;46.88312857142857;14.210085714285713
AT-5261;48.161713043478265;13.133386956521736
AT-9562;46.746175;14.037146428571432
AT-3032;48.17484;15.962489999999997
AT-6341;47.6311125;12.230825
AT-6152;47.0833;11.4167
AT-9536;46.57884;14.02692
AT-3862;48.89365;15.103475000000001
AT-6651;47.3067;10.481950000000001
AT-7011;47.781;16.5423
AT-7443;47.410700000000006;16.49625
AT-4902;48.11553333333333;13.637604761904768
AT-3041;48.232622222222204;15.928955555555554
AT-6385;47.6333;12.3833
AT-6265;47.35036666666667;11.866066666666667
AT-4221;48.29385;14.413433333333332
AT-2351;48.070474999999995;16.332275
AT-3072;48.15514375000001;15.78721875
AT-5753;47.3914;12.6364
AT-6082;47.2;11.4167
AT-6670;47.4167;10.5833
AT-4881;47.911294444444444;13.459783333333334
AT-8380;46.94664;16.148180000000004
AT-3144;48.14794166666667;15.723775000000002
AT-8461;46.71016666666666;15.563691666666669
AT-6424;47.2667;10.9333
AT-8841;47.1308;14.3086
AT-4723;48.38004390243905;13.73622195121951
AT-5252;48.166252941176474;13.277770588235295
AT-1190;48.2591;16.3339
AT-3910;48.6108125;15.164296875
AT-8952;47.4897625;14.0995125
AT-9472;46.66936666666666;14.942600000000002
AT-5110;47.95683333333333;12.935633333333334
AT-7201;47.7966;16.2977
AT-4771;48.38295555555556;13.549344444444442
AT-8616;47.385;15.579775
AT-4970;48.27664;13.436510000000002
AT-4864;47.9124;13.542622222222219
AT-3920;48.57091590909093;14.959940909090905
AT-8541;46.75662;15.240726666666664
AT-8953;47.46546666666667;14.118388888888889
AT-5425;47.703450000000004;13.1678
AT-5071;47.789275;12.979816666666666
AT-4782;48.481979166666655;13.480933333333338
AT-5090;47.59572857142858;12.70507142857143
AT-8162;47.24861428571429;15.544399999999996
AT-8444;46.78477;15.397319999999999
AT-2770;47.880100000000006;15.8784
AT-3371;48.128254545454546;15.057509090909088
AT-5562;47.21645;13.57885
AT-8352;46.952375;16.0472
AT-9811;46.8474;13.404311111111111
AT-4320;48.26258333333333;14.656149999999998
AT-6632;47.4;10.9167
AT-2723;47.82855;16.092074999999998
AT-2524;47.95;16.2833
AT-6525;47.1;10.6667
AT-2602;47.91136666666667;16.264133333333334
AT-2100;48.35276666666667;16.347216666666668
AT-4070;48.30077234042553;14.031093617021275
AT-8072;46.96528571428571;15.49692857142857
AT-9372;46.80752499999999;14.561858333333333
AT-4783;48.50960833333334;13.473708333333335
AT-4581;47.71583333333333;14.371766666666666
AT-3365;48.04489999999999;14.797049999999999
AT-8044;47.1376;15.48839
AT-8042;47.1352;15.4601
AT-3373;48.1469;15.071950000000001
AT-8672;47.47853333333334;15.6958
AT-6410;47.317245454545464;11.087618181818183
AT-8543;46.75744615384615;15.281446153846153
AT-5121;48.08320434782608;12.831923913043484
AT-4083;48.409220512820525;13.907141025641018
AT-4854;47.89346666666666;13.5605
AT-4322;48.27185555555555;14.675155555555556
AT-7410;47.325;16.075000000000003
AT-4293;48.43095263157895;14.605747368421047
AT-2304;48.15356666666667;16.7067
AT-1010;48.2077;16.3705
AT-2412;48.1333;17.0
AT-7521;47.11213333333333;16.459149999999998
AT-2722;47.81;16.11005
AT-6212;47.4212;11.7531
AT-9624;46.61511428571429;13.428114285714285
AT-7302;47.53085;16.65235
AT-3270;48.008607142857144;15.159400000000003
AT-9241;46.62029130434783;13.959773913043476
AT-4280;48.37386923076924;14.77286153846154
AT-3324;48.1308;14.908900000000001
AT-5580;47.1325875;13.823925000000001
AT-9335;46.90651666666667;14.541983333333333
AT-7042;47.7738;16.4798
AT-4363;48.29460625;14.829262499999997
AT-2601;47.87526666666667;16.2812
AT-2372;48.0978;16.2348
AT-4732;48.30646111111111;13.879988888888894
AT-2340;48.093;16.286250000000003
AT-2881;47.6048;15.91315
AT-4284;48.35345333333333;14.681206666666668
AT-8143;46.928425;15.379375
AT-5700;47.33141428571429;12.7985
AT-4184;48.52981071428571;14.172132142857143
AT-7131;47.8702;16.9754
AT-4722;48.36514096385545;13.745531325301215
AT-8071;46.99555;15.514050000000001
AT-3311;48.1198;14.83605
AT-6232;47.4216;11.8336
AT-8592;47.079175000000006;15.043724999999998
AT-8172;47.3123;15.5752
AT-3254;48.1084;15.1404
AT-9473;46.654819999999994;14.936779999999999
AT-9800;46.794683333333325;13.51006111111111
AT-2824;47.7096;16.193199999999997
AT-4774;48.37876666666668;13.488390476190478
AT-6069;47.3167;11.5667
AT-8047;47.10255;15.4965
AT-9919;46.76635;12.52855
AT-4844;48.02527647058824;13.64567058823529
AT-3711;48.52365;15.87305
AT-8951;47.518975;14.07105
AT-9161;46.55279999999999;14.299913043478261
AT-4407;48.06896666666666;14.421716666666667
AT-6371;47.4481;12.3859
AT-9842;46.931999999999995;12.896777777777778
AT-3183;47.94985;15.554425
AT-9413;46.87195;14.867927777777778
AT-5251;48.164070588235305;13.268364705882355
AT-4551;48.017818181818186;14.081390909090908
AT-8323;47.01189999999998;15.734553846153846
AT-4391;48.27075;14.9452125
AT-8274;47.22813636363637;16.009163636363635
AT-8974;47.4064;13.6897
AT-4225;48.285525;14.442162500000002
AT-9556;46.741170967741944;14.221024193548388
AT-3642;48.288360000000004;15.390049999999999
AT-6922;47.4667;9.75
AT-6754;47.1333;10.0833
AT-6413;47.3167;11.0167
AT-4984;48.303107142857144;13.362864285714284
AT-8861;47.101724999999995;14.079024999999998
AT-8650;47.478449999999995;15.495149999999999
AT-4182;48.47764444444445;14.189655555555555
AT-9831;46.93404444444444;13.081977777777777
AT-9961;46.92654285714286;12.516614285714285
AT-9184;46.549572727272725;14.050063636363637
AT-7535;47.122775;16.252275
AT-5151;47.951195652173915;12.994913043478263
AT-6622;47.39965;10.7378
AT-2444;47.9667;16.5167
AT-6836;47.2997;9.6667
AT-6528;47.05;10.6667
AT-4493;48.15005;14.363900000000001
AT-3300;48.11967142857143;14.844157142857142
AT-8754;47.1953;14.5959
AT-2225;48.53432222222223;16.747066666666665
AT-5721;47.286775;12.715449999999999
AT-3820;48.85018666666667;15.483053333333332
AT-8334;46.995;15.874799999999999
AT-9633;46.64048571428571;13.156214285714285
AT-4470;48.20660714285714;14.45770714285714
AT-2531;48.0536;16.2
AT-8242;47.439980000000006;16.01164
AT-6430;47.24165;10.86665
AT-3003;48.2654;16.0852
AT-3654;48.33341428571429;15.261478571428569
AT-3704;48.5;15.933299999999997
AT-6811;47.2336;9.6346
AT-6653;47.267025000000004;10.391325000000002
AT-9141;46.579;14.666042857142859
AT-3610;48.410700000000006;15.438385714285715
AT-8755;47.173899999999996;14.588974999999998
AT-4910;48.18608333333333;13.486350000000002
AT-3073;48.13933076923077;15.791030769230769
AT-8965;47.416425;13.865625000000001
AT-2165;48.746875;16.6337
AT-7212;47.722449999999995;16.29765
AT-8130;47.27624583333333;15.313195833333339
AT-8243;47.44685;16.056189999999997
AT-4843;48.04441666666668;13.623783333333328
AT-4571;47.80683333333334;14.151566666666668
AT-6343;47.67776666666666;12.19443333333333
AT-8054;47.01785;15.383650000000003
AT-8082;46.929424999999995;15.660675000000005
AT-4800;47.93814736842107;13.738
AT-2185;48.6012;16.712500000000002
AT-2565;47.998059999999995;16.08392
AT-6462;47.2167;10.7833
AT-4761;48.37766666666668;13.654244444444444
AT-6070;47.2667;11.45
AT-7041;47.7975;16.5045
AT-6787;46.9674;9.9183
AT-4201;48.39551428571428;14.220235714285709
AT-9814;46.84786666666667;13.356766666666667
AT-8954;47.48657999999999;13.99932
AT-7344;47.5284;16.4776
AT-3824;48.888016666666665;15.521216666666668
AT-6281;47.2167;12.0
AT-3282;48.03984444444446;15.218466666666671
AT-4100;48.341742857142854;14.190885714285713
AT-8635;47.7536;15.3244
AT-8522;46.81807619047618;15.30397142857142
AT-7122;47.8969;16.9111
AT-7210;47.7333;16.4
AT-2630;47.70306;15.990589999999997
AT-3352;48.03895;14.59625
AT-4155;48.6348;13.8452
AT-9551;46.702009090909094;14.024927272727274
AT-7400;47.321439999999996;16.224780000000003
AT-4963;48.26533333333334;13.131049999999998
AT-3843;48.91139;15.30726
AT-5612;47.16113333333333;13.266666666666666
AT-5523;47.47389999999999;13.371
AT-9580;46.58408000000001;13.897979999999999
AT-4202;48.413252;14.299528
AT-6974;47.4667;9.6
AT-9125;46.623810000000006;14.65492
AT-2525;47.9392;16.257199999999997
AT-4431;48.08496666666667;14.491999999999999
AT-2680;47.615100000000005;15.775500000000001
AT-9412;46.87246666666667;14.789511111111112
AT-3921;48.578133333333334;14.896794444444444
AT-6672;47.477599999999995;10.608975000000001
AT-2431;48.08855;16.6033
AT-2812;47.57416874999999;16.26226875
AT-6322;47.5174;12.0963
AT-6752;47.1289;10.01215