HU-9771;47.1588;16.6489
HU-3854;48.3333;21.1333
HU-8731;46.6382;17.298650000000002
HU-8647;46.7056;17.3707
HU-8428;47.2906;17.8291
HU-8973;46.756099999999996;16.473442857142857
HU-4844;48.1583;22.4595
HU-9749;47.2695;16.7333
HU-9026;47.6833;17.6351
HU-2859;47.4888;18.084
HU-8572;47.343;17.6807
HU-8137;46.8259;18.2935
HU-4066;47.7;21.0
HU-9516;47.3142;17.1604
HU-7012;46.7866;18.7296
HU-7476;46.3167;17.75
HU-5465;46.8632;20.187
HU-2658;47.986149999999995;19.145699999999998
HU-8646;46.7154;17.4922
HU-7630;46.0833;18.2333
HU-9112;47.4808;17.702
HU-4284;47.4062;21.9345
HU-9313;47.526;17.2899
HU-5925;46.6;20.8667
HU-8272;46.923;17.67776
HU-2931;47.7275;18.2615
HU-6060;46.9326;20.1035
HU-9363;47.4912;17.0232
HU-4841;48.1132;22.3737
HU-9374;47.4438;16.906
HU-9483;47.5448;16.7451
HU-4075;47.8333;21.2333
HU-9321;47.6063;17.2002
HU-4642;48.2667;22.1833
HU-1196;47.4984;19.0404
HU-4523;48.1667;22.0
HU-5666;46.5;21.0333
HU-5731;46.8;21.3833
HU-4090;47.8667;21.1167
HU-9533;47.2753;17.2996
HU-7677;46.1333;18.15
HU-2330;47.3545;19.0982
HU-4400;47.9554;21.7167
HU-2678;48.0149;19.2793
HU-8313;46.7583;17.3546
HU-9485;47.6044;16.6973
HU-8043;47.2372;18.2948
HU-3976;48.3238;22.0425
HU-7436;46.4359;17.5726
HU-5732;46.8667;21.5333
HU-7700;45.9902;18.6862
HU-7853;45.7964;18.2333
HU-7443;46.504799999999996;17.727566666666664
HU-7068;46.5031;18.5629
HU-6630;46.5236;20.1904
HU-6524;45.995;18.9172
HU-4085;47.85;21.4333
HU-2161;47.6604;19.2394
HU-5233;47.3833;20.5167
HU-2241;47.4521;19.5337
HU-1182;47.4984;19.0404
HU-3441;47.8333;20.7
HU-9761;47.195;16.6961
HU-7744;46.0597;18.3754
HU-3125;48.1176;20.027
HU-3411;47.9;20.5
HU-2072;47.5481;18.7201
HU-5672;46.7667;21.05
HU-5363;47.4833;20.9333
HU-4283;47.3833;21.9
HU-2526;47.6462;18.6362
HU-3132;48.0683;19.6249
HU-4832;48.1934;22.2886
HU-3326;47.8667;20.4333
HU-2616;47.8385;19.2461
HU-3261;47.797;20.0032
HU-4132;47.3167;21.5833
HU-3559;48.05;20.5333
HU-5555;46.8167;20.85
HU-1096;47.4984;19.0404
HU-9074;47.6061;17.909
HU-5309;47.3833;20.85
HU-1014;47.4984;19.0404
HU-6757;46.253;20.1482
HU-4354;47.8476;22.3535
HU-3860;48.3333;21.1333
HU-8200;47.0933;17.9115
HU-2014;47.6464;18.9619
HU-4551;47.9554;21.7167
HU-5430;46.9833;20.25
HU-1047;47.4984;19.0404
HU-5622;46.8833;21.0333
HU-5836;46.3333;21.1333
HU-8934;46.8707;17.0156
HU-6333;46.5933;18.8945
HU-6334;46.6068;18.9144
HU-4465;48.1237;21.4643
HU-9364;47.4782;17.0288
HU-2896;47.6849;18.3406
HU-6451;46.1741;19.3003
HU-9812;46.9389;16.7725
HU-6113;46.6218;19.8621
HU-6100;46.7121;19.8446
HU-8085;47.4287;18.5248
HU-8691;46.7752;17.6441
HU-3622;48.2167;20.4333
HU-3124;48.1444;20.0491
HU-3143;48.0381;19.9826
HU-3152;48.0079;19.8982
HU-4766;47.8687;22.6187
HU-6200;46.6214;19.2853
HU-2013;47.6423;19.0278
HU-9463;47.4834;16.7353
HU-6755;46.1499;20.2766
HU-2433;47.0427;18.6436
HU-2074;47.5896;18.761
HU-9246;47.8439;17.2274
HU-3876;48.5;21.2333
HU-8349;47.0192;17.2271
HU-3826;48.4667;20.85
HU-7386;46.2861;17.9729
HU-2683;47.7942;19.388
HU-7971;46.0239;17.7765
HU-2084;47.6096;18.8994
HU-7181;46.4103;18.4562
HU-8500;47.33;17.4674
HU-2687;47.8706;19.4071
HU-5000;47.1833;20.2
HU-3812;48.29165;20.933349999999997
HU-3252;48.0333;20.1
HU-8917;46.7899;16.7417
HU-7099;46.796;18.2974
HU-3621;48.2167;20.3
HU-8619;46.7667;17.9333
HU-2434;46.9952;18.6954
HU-7252;46.3531;18.0107
HU-7675;46.0852;18.0831
HU-9437;47.6187;16.797
HU-3346;48.05835;20.35835
HU-9823;47.0164;16.8557
HU-7357;46.3142;18.0924
HU-5084;47.0667;20.2667
HU-8713;46.6461;17.3936
HU-3659;48.1833;20.4
HU-1222;47.4984;19.0404
HU-2030;47.3949;18.9136
HU-1154;47.4984;19.0404
HU-6032;46.8602;19.8784
HU-1094;47.4984;19.0404
HU-5111;47.5074;19.7839
HU-4634;48.2059;22.2592
HU-2712;47.094;19.8063
HU-8511;47.33;17.4674
HU-2071;47.5171;18.8285
HU-8051;47.2548;18.3488
HU-8157;47.0533;18.2484
HU-3886;48.3833;21.25
HU-8308;46.92545;17.46955
HU-3995;48.55;21.5
HU-2134;47.7244;19.1705
HU-3352;47.8167;20.25
HU-9609;47.254;16.9353
HU-2425;46.8712;18.7724
HU-1087;47.4984;19.0404
HU-7527;46.293000000000006;17.602899999999998
HU-7775;45.82355;18.510650000000002
HU-6132;46.6323;19.6702
HU-1152;47.4984;19.0404
HU-9492;47.6209;16.7686
HU-3791;48.1667;20.7833
HU-2631;47.8385;18.8301
HU-3187;48.1829;19.5259
HU-9476;47.4576;16.6773
HU-4956;48.0221;22.8406
HU-5323;47.4833;20.7333
HU-8707;46.52715;17.552599999999998
HU-2659;47.9962;19.2023
HU-7854;45.7981;18.2661
HU-7988;45.9821;17.5901
HU-4967;47.9838;22.7322
HU-9955;46.9526;16.2736
HU-9919;46.9764;16.4845
HU-8834;46.3642;16.8818
HU-9671;47.2405;17.0231
HU-9182;47.7;17.7333
HU-7150;46.2992;18.5302
HU-1092;47.4984;19.0404
HU-7545;46.2624;17.4562
HU-2098;47.6914;18.905
HU-8832;46.3663;17.0066
HU-8523;47.4237;17.32335
HU-6045;47.0342;19.4561
HU-9934;46.859566666666666;16.54276666666667
HU-1037;47.4984;19.0404
HU-9517;47.2941;17.1308
HU-3846;48.25;21.05
HU-4095;47.8;21.1333
HU-6760;46.4725;19.9797
HU-3776;48.1833;20.6667
HU-9235;47.8809;17.42185
HU-5085;47.0833;20.2333
HU-5136;47.5833;20.1833
HU-4123;47.25;21.7
HU-6512;46.1437;18.8812
HU-3368;47.6333;20.2
HU-8417;47.3181;17.9921
HU-3043;47.8003;19.5503
HU-3836;48.3833;21.0333
HU-2184;47.6762;19.3662
HU-7964;45.8814;17.911
HU-7255;46.3578;18.0074
HU-9721;47.285;16.5957
HU-3579;47.9667;21.05
HU-9832;46.9733;16.9653
HU-4372;47.7;22.1333
HU-3924;48.05;21.2167
HU-7226;46.4468;18.3113
HU-9752;47.20495;16.77635
HU-4326;47.883;22.025
HU-5340;47.3667;20.6333
HU-9152;47.6853;17.4999
HU-4900;47.9833;22.5167
HU-4356;47.9038;22.3363
HU-6035;46.8622;19.5709
HU-9495;47.6366;16.6426
HU-3754;48.44165;20.775
HU-6528;46.1022;18.9285
HU-7923;46.0744;17.76345
HU-3896;48.4833;21.3667
HU-9611;47.2367;16.8722
HU-8258;46.8071;17.5138
HU-7348;46.31115;18.34685
HU-3186;48.2115;19.5974
HU-4183;47.35;21.2833
HU-9773;47.1363;16.6718
HU-9814;46.9402;16.6823
HU-8485;47.2434;17.3279
HU-6070;46.8045;19.3517
HU-3530;48.1;20.7833
HU-2060;47.4842;18.644
HU-3450;47.8167;20.9167
HU-2170;47.6517;19.4785
HU-8944;46.7569;16.8424
HU-7695;46.22216666666666;18.471166666666665
HU-1134;47.4984;19.0404
HU-7500;46.2296;17.3579
HU-9484;47.5921;16.7344
HU-3128;48.0517;19.8199
HU-2021;47.75;19.1
HU-8427;47.2554;17.728
HU-8045;47.2788;18.1954
HU-9663;47.4002;16.8854
HU-4000;47.5333;21.6333
HU-6342;46.4675;19.0397
HU-8095;47.2137;18.5331
HU-3844;48.2285;21.0307
HU-8742;46.7007;17.1089
HU-9327;47.44345;17.2262
HU-7164;46.222;18.6007
HU-9514;47.3799;17.0864
HU-3325;47.9333;20.4833
HU-8675;46.6483;17.9277
HU-2234;47.4426;19.3644
HU-7783;45.9058;18.5975
HU-4164;47.1833;21.45
HU-8174;47.0402;18.1067
HU-5453;47.0;20.4
HU-9154;47.7278;17.4278
HU-5905;46.5667;20.6667
HU-8598;47.33;17.4674
HU-9782;47.0947;16.6802
HU-7731;46.1443;18.4558
HU-2370;47.1859;19.3109
HU-4947;48.1103;22.7465
HU-3929;48.0667;21.4167
HU-9472;47.4609;16.818
HU-6931;46.1667;20.5833
HU-4212;47.3833;21.4833
HU-1052;47.4984;19.0404
HU-9162;47.6737;17.3912
HU-1103;47.4984;19.0404
HU-3244;47.9232;20.0297
HU-7394;46.19545;18.1301
HU-2081;47.6342;18.8289
HU-9917;46.9723;16.5643
HU-1056;47.4984;19.0404
HU-3263;47.8333;20.1167
HU-8264;46.8015;17.4352
HU-8977;46.67316666666667;16.46773333333333
HU-7225;46.4667;18.35
HU-1158;47.4984;19.0404
HU-8919;46.7829;16.6788
HU-2453;47.2519;18.8962
HU-1164;47.4984;19.0404
HU-8960;46.605199999999996;16.5351
HU-4765;47.842150000000004;22.6928
HU-8692;46.7149;17.676000000000002
HU-7020;46.8071;18.9276
HU-9423;47.6899;16.5166
HU-7000;46.8869;18.6204
HU-1149;47.4984;19.0404
HU-3382;47.5333;20.3833
HU-7472;46.3138;17.88715
HU-9918;46.9339;16.5199
HU-8658;46.7535;18.0954
HU-7097;46.7224;18.2082
HU-1145;47.4984;19.0404
HU-3888;48.3833;21.2167
HU-4231;47.7333;21.75
HU-2881;47.5117;18.0015
HU-6347;46.2535;18.9846
HU-8440;47.1333;17.75
HU-7465;46.5041;17.8838
HU-8943;46.77995;16.848550000000003
HU-8476;47.0988;17.2236
HU-8449;47.1695;17.5462
HU-9177;47.8273;17.4942
HU-2091;47.4479;18.7533
HU-7434;46.4335;17.6463
HU-8754;46.5219;17.1263
HU-9172;47.7432;17.581
HU-3580;47.9333;21.0833
HU-9549;47.078;17.1161
HU-5063;47.3167;20.3833
HU-7544;46.2892;17.4482
HU-3426;47.95;20.7
HU-8089;47.3715;18.5776
HU-3458;47.7833;21.0
HU-6903;46.2167;20.4833
HU-7851;45.8068;18.2105
HU-3442;47.887;20.7681
HU-4441;47.9667;21.3667
HU-4955;48.0287;22.8067
HU-8984;46.74516666666667;16.73183333333333
HU-1077;47.4984;19.0404
HU-3756;48.4667;20.674999999999997
HU-7346;46.3311;18.283
HU-9344;47.4325;17.1142
HU-7148;46.2019;18.7345
HU-8522;47.3979;17.3628
HU-4481;47.9554;21.7167
HU-7351;46.2674;18.3972
HU-7562;46.3414;17.3513
HU-3815;48.4;20.95
HU-1213;47.4984;19.0404
HU-9500;47.2571;17.1503
HU-9178;47.8293;17.4531
HU-8275;46.9124;17.6147
HU-2461;47.3733;18.8458
HU-9561;47.26645;17.0826
HU-2063;47.5;18.5833
HU-9962;46.95115;16.35585
HU-5411;47.0833;20.4667
HU-3044;47.831;19.531
HU-9723;47.3125;16.5875
HU-9741;47.2833;16.7
HU-7672;46.0806;18.049
HU-2214;47.3533;19.6357
HU-4628;48.3777;22.2334
HU-5745;46.4167;21.1167
HU-7067;46.5221;18.5231
HU-8793;46.9447;17.0793
HU-3898;48.5333;21.341700000000003
HU-8532;47.4334;17.3681
HU-7936;46.1567;17.8345
HU-3962;48.3333;21.75
HU-8624;46.8295;17.8243
HU-7987;46.0184;17.6229
HU-9944;46.793;16.40615
HU-7781;45.8459;18.591033333333332
HU-1067;47.4984;19.0404
HU-4121;47.2333;21.6167
HU-7633;46.0833;18.2333
HU-2800;47.5849;18.3933
HU-1156;47.4984;19.0404
HU-4175;47.2333;21.3167
HU-3433;47.9833;20.8333
HU-3900;48.1599;21.2097
HU-3763;48.5333;20.7333
HU-8853;46.2943;16.989
HU-2623;47.8374;19.0046
HU-3937;48.3333;21.4667
HU-2089;47.5479;18.8282
HU-5837;46.3667;21.1
HU-4823;48.0576;22.3042
HU-8637;46.8062;17.8003
HU-5746;46.4333;21.05
HU-4563;48.0274;22.1327
HU-8420;47.2636;17.8737
HU-2120;47.6364;19.1386
HU-8513;47.3079;17.3388
HU-4351;47.7676;22.3813
HU-8460;47.1032;17.438
HU-8097;47.2566;18.6152
HU-9914;46.9915;16.7038
HU-7925;46.16545;17.764899999999997
HU-3178;48.0391;19.4899
HU-3646;48.1667;20.4333
HU-2767;47.335;19.9528
HU-9132;47.5167;17.4
HU-8923;46.8687;16.9505
HU-8263;46.8107;17.4743
HU-8772;46.58515;16.90385
HU-1193;47.4984;19.0404
HU-9493;47.6364;16.7009
HU-3741;48.3;20.6667
HU-2509;47.7928;18.7415
HU-3985;48.35835;21.7
HU-9400;47.685;16.5905
HU-9089;47.4645;17.8346
HU-8913;46.94756666666667;16.84906666666667
HU-8248;47.04605;17.885550000000002
HU-3662;48.2167;20.3
HU-6722;46.253;20.1482
HU-3978;48.3752;22.0338
HU-7145;46.2486;18.7424
HU-7142;46.2056;18.8124
HU-3431;47.9167;20.75
HU-6400;46.434;19.4848
HU-7635;46.0833;18.2333
HU-2948;47.654;18.0989
HU-3416;47.8833;20.6167
HU-7954;45.9425;17.9737
HU-7532;46.201;17.6225
HU-7533;46.19385;17.663899999999998
HU-9515;47.4129;17.1317
HU-6066;46.8128;19.9984
HU-9794;47.2133;16.4434
HU-3723;48.3833;20.5833
HU-7515;46.174;17.1886
HU-8612;46.8041;18.109
HU-4253;47.6975;21.9188
HU-9521;47.2955;17.1646
HU-8395;46.7842;17.1582
HU-8086;47.458;18.5863
HU-4455;48.0333;21.25
HU-8175;47.0667;18.05
HU-4934;48.2;22.5333
HU-2651;47.9282;19.1372
HU-7621;46.0833;18.2333
HU-8866;46.44385;16.8095
HU-6640;46.7133;20.1424
HU-9133;47.54705;17.4171
HU-7921;46.1137;17.7137
HU-7451;46.3667;17.8
HU-3751;48.35;20.75
HU-3375;47.7167;20.4833
HU-5231;47.2667;20.5333
HU-9833;47.0338;16.946
HU-2610;47.87195;19.16885
HU-8284;46.83885;17.4758
HU-4172;47.2167;21.2333
HU-3322;48.0167;20.2333
HU-8888;46.53563333333333;16.681
HU-8432;47.4121;17.8403
HU-9354;47.6377;17.0752
HU-4937;48.2333;22.4333
HU-3644;48.1667;20.5333
HU-9600;47.254;16.9353
HU-3641;48.25;20.5333
HU-9127;47.4667;17.4517
HU-9168;47.64505;17.223599999999998
HU-7431;46.4105;17.7375
HU-8438;47.4;17.85
HU-9021;47.6833;17.6351
HU-2737;47.2237;19.6683
HU-2027;47.7616;18.9131
HU-8926;46.8189;16.9404
HU-7159;46.3866;18.4968
HU-4565;48.0582;22.229
HU-3395;47.8333;20.3333
HU-3971;48.2;21.7167
HU-5539;47.0;21.65
HU-7634;46.0833;18.2333
HU-9012;47.6833;17.6351
HU-8635;46.7409;17.6236
HU-8835;46.3768;16.9054
HU-6336;46.5554;19.0753
HU-2000;47.6694;19.0756
HU-2628;47.8192;18.8702
HU-4241;47.43;21.9107
HU-9746;47.3249;16.7335
HU-4521;48.0971;21.9791
HU-3033;47.782;19.7421
HU-3841;48.2167;20.9667
HU-4754;47.93655;22.470550000000003
HU-8348;47.07363333333333;17.194466666666667
HU-7600;46.0945;18.2268
HU-9664;47.3948;16.9343
HU-7812;45.9174;18.1928
HU-8868;46.465475000000005;16.717525
HU-5673;46.7667;20.9833
HU-3626;48.2333;20.2
HU-5452;46.95;20.4333
HU-2115;47.574;19.5377
HU-7924;46.1153;17.7649
HU-2026;47.7853;18.9709
HU-8739;46.4872;17.3208
HU-1126;47.4984;19.0404
HU-2600;47.7759;19.1361
HU-6503;46.183;18.9531
HU-8676;46.6908;17.8414
HU-7100;46.3501;18.7091
HU-8636;46.8097;17.7805
HU-5919;46.5333;20.8
HU-7587;46.0556;17.2757
HU-2363;47.3433;19.237
HU-8946;46.670933333333345;16.80633333333334
HU-6794;46.3361;19.8445
HU-2624;47.8677;19.0071
HU-5720;46.75;21.3833
HU-2083;47.5925;18.9321
HU-7019;46.8869;18.6204
HU-9757;47.1667;16.8667
HU-3214;47.7654;19.8482
HU-9661;47.3742;16.9232
HU-8087;47.4284;18.6043
HU-2151;47.6177;19.1887
HU-7516;46.2091;17.1481
HU-3720;48.275;20.5833
HU-9793;47.239;16.4608
HU-9824;47.0137;16.8829
HU-8352;46.9347;17.2436
HU-8373;46.8434;17.2204
HU-3834;48.34165;21.0333
HU-1012;47.4984;19.0404
HU-1143;47.4984;19.0404
HU-4087;47.8167;21.5
HU-9682;47.1805;16.9372
HU-9491;47.6265;16.7415
HU-3555;47.9667;20.75
HU-2833;47.6274;18.4546
HU-3577;47.9833;20.95
HU-8243;46.8819;17.7532
HU-7772;45.8947;18.4217
HU-5527;47.2;21.0
HU-1138;47.4984;19.0404
HU-8135;46.8681;18.4504
HU-2941;47.7123;18.0113
HU-4337;47.9667;22.25
HU-3052;47.8667;19.6333
HU-2173;47.6713;19.542
HU-2315;47.3223;19.0026
HU-8080;47.45;18.535
HU-2522;47.6626;18.7205
HU-2890;47.6529;18.3184
HU-8864;46.3977;16.7999
HU-3078;47.9696;19.8408
HU-7511;46.2874;17.36
HU-3358;47.6833;20.3167
HU-3733;48.3833;20.6333
HU-2853;47.5465;18.2602
HU-7134;46.493;18.9038
HU-6647;46.595;20.1234
HU-8105;47.1667;18.1167
HU-3964;48.3348;21.8361
HU-4831;48.1872;22.3142
HU-8564;47.3206;17.5999
HU-6111;46.679;19.961
HU-7030;46.6221;18.8557
HU-1046;47.4984;19.0404
HU-8452;47.0273;17.525550000000003
HU-2476;47.2875;18.6536
HU-7224;46.489;18.3799
HU-3713;48.1306;20.8583
HU-3921;48.1167;21.1833
HU-3967;48.3667;22.0
HU-8593;47.2927;17.4009
HU-7228;46.4218;18.2395
HU-2095;47.6691;18.8876
HU-5515;47.15;20.9167
HU-1097;47.4984;19.0404
HU-2837;47.6211;18.3813
HU-3069;47.9518;19.5972
HU-9756;47.2056;16.8923
HU-3461;47.7167;20.6333
HU-8056;47.3239;18.0751
HU-3755;48.4667;20.7667
HU-3630;48.3;20.4333
HU-8749;46.5651;17.1249
HU-3281;47.7296;20.0308
HU-7543;46.3183;17.4102
HU-4450;48.0167;21.3833
HU-2672;48.089;19.4309
HU-8082;47.3911;18.3887
HU-2921;47.7432;18.1191
HU-4493;48.25;21.9667
HU-4361;47.8034;22.0656
HU-3795;48.28775;20.8268
HU-1039;47.4984;19.0404
HU-9783;47.0891;16.6174
HU-2167;47.746;19.2087
HU-7275;46.5318;17.9386
HU-9672;47.2143;17.0183
HU-8131;46.9305;18.242
HU-7622;46.0833;18.2333
HU-2454;47.1567;18.8203
HU-6311;46.5181;19.1155
HU-8291;46.983124999999994;17.703875
HU-3588;47.8667;21.0
HU-7183;46.3813;18.4142
HU-8052;47.2935;18.2646
HU-8133;46.992;18.282
HU-3145;48.0327;19.9476
HU-9019;47.6833;17.6351
HU-2510;47.721;18.7364
HU-3786;48.36665;20.87085
HU-2194;47.6092;19.6028
HU-9169;47.65355;17.28595
HU-3945;48.3949;21.6587
HU-4272;47.4;21.6333
HU-6513;46.0582;18.9587
HU-2483;47.2094;18.6361
HU-3109;48.0987;19.803
HU-3923;48.1;20.9667
HU-4029;47.5333;21.6333
HU-3144;48.0381;19.9826
HU-6453;46.125;19.1562
HU-8684;46.6618;17.7908
HU-8514;47.3297;17.3711
HU-4333;47.8681;22.2543
HU-3231;47.8172;19.9362
HU-3516;48.1;20.7833
HU-1011;47.4984;19.0404
HU-6523;46.0367;18.9469
HU-7165;46.2159;18.6432
HU-6042;46.8833;19.4167
HU-7632;46.0833;18.2333
HU-3918;48.20835;21.39165
HU-7391;46.20976666666667;18.0593
HU-7682;46.1075;17.9882
HU-2692;47.9051;19.3337
HU-9083;47.5609;17.7067
HU-4741;47.9411;22.6527
HU-2677;47.9783;19.4761
HU-3716;48.14165;21.00835
HU-1088;47.4984;19.0404
HU-6791;46.253;20.1482
HU-2700;47.1727;19.7995
HU-7977;45.94416666666667;17.622566666666668
HU-3895;48.4667;21.2833
HU-2528;47.6424;18.746
HU-8184;47.0667;18.05
HU-4405;47.9554;21.7167
HU-4486;48.1888;21.83
HU-3211;47.8273;19.8917
HU-3769;48.5167;20.8833
HU-2175;47.7486;19.4861
HU-2626;47.7928;18.9598
HU-6783;46.1988;19.7833
HU-7384;46.2727;18.0449
HU-3761;48.48333333333333;20.6389
HU-8400;47.102;17.5589
HU-7090;46.6333;18.2833
HU-1025;47.4984;19.0404
HU-8652;46.8788;18.1385
HU-8799;46.95115;17.0066
HU-8357;46.9411;17.201549999999997
HU-1239;47.4984;19.0404
HU-3654;48.3;20.3667
HU-2143;47.5476;19.2625
HU-1023;47.4984;19.0404
HU-3793;48.2;20.7833
HU-2903;47.7432;18.1191
HU-8512;47.2871;17.3645
HU-4067;47.6333;20.9
HU-9232;47.8494;17.4237
HU-5082;47.1333;20.3833
HU-2322;47.0902;18.9301
HU-6933;46.1667;20.7167
HU-2639;48.0343;18.9143
HU-7172;46.4036;18.6179
HU-8638;46.7832;17.695
HU-3961;48.3167;21.6667
HU-6345;46.3405;19.0512
HU-8924;46.8534;16.9353
HU-2646;48.0472;19.0519
HU-2119;47.4896;19.3416
HU-8261;46.8071;17.5138
HU-8491;47.1305;17.2845
HU-3183;48.1635;19.6969
HU-2142;47.5313;19.2834
HU-2009;47.7167;19.0
HU-9544;47.1375;17.1742
HU-4833;48.2248;22.2916
HU-8447;47.102;17.5589
HU-3909;48.1944;21.2821
HU-2344;47.09;19.0111
HU-9952;46.9625;16.4509
HU-3711;48.15;20.8
HU-5830;46.2833;21.0167
HU-8311;46.8248;17.3668
HU-5630;46.7667;21.1333
HU-8734;46.562;17.2945
HU-8054;47.3135;18.1895
HU-2112;47.6459;19.2954
HU-2615;47.8132;19.3236
HU-2017;47.7153;19.096
HU-4342;47.794;22.3159
HU-3636;48.28335;20.55
HU-8983;46.784166666666664;16.765933333333333
HU-5668;46.4667;20.9
HU-4733;47.9259;22.5681
HU-6782;46.2181;19.8851
HU-6115;46.7625;19.7537
HU-7517;46.2648;17.2709
HU-4501;48.0753;21.8063
HU-7162;46.2867;18.6111
HU-1181;47.4984;19.0404
HU-6800;46.4167;20.3333
HU-8753;46.5959;17.1757
HU-9171;47.7252;17.6061
HU-3234;47.9093;19.8782
HU-7381;46.28173333333333;18.197699999999998
HU-1063;47.4984;19.0404
HU-3350;47.7333;20.2667
HU-4064;47.5167;21.4167
HU-8122;47.0376;18.415
HU-3147;48.0495;19.8614
HU-8254;46.84755;17.57895
HU-3243;47.9434;20.0231
HU-1224;47.4984;19.0404
HU-4184;47.3167;21.3
HU-8774;46.60086666666667;16.994666666666667
HU-7691;46.0833;18.2333
HU-1221;47.4984;19.0404
HU-4645;48.3167;22.2333
HU-3825;48.4889;20.8889
HU-3331;47.8833;20.2
HU-6430;46.1265;19.3326
HU-6078;46.7603;19.6072
HU-9784;47.06536666666667;16.5648
HU-1195;47.4984;19.0404
HU-8154;47.061;18.302
HU-7551;46.2054;17.4542
HU-7522;46.3604;17.7323
HU-4466;48.1667;21.4667
HU-4969;47.955;22.7911
HU-3121;48.1637;19.823
HU-5530;46.9167;21.2667
HU-7822;45.8474;18.3971
HU-1111;47.4984;19.0404
HU-9774;47.13153333333333;16.73763333333333
HU-1136;47.4984;19.0404
HU-1054;47.4984;19.0404
HU-6331;46.5275;18.9193
HU-3347;48.0928;20.3062
HU-9654;47.3985;17.0075
HU-5671;46.6833;21.1
HU-8709;46.585;17.412
HU-5948;46.4667;20.8333
HU-8726;46.327200000000005;17.1177
HU-2347;47.2275;19.1466
HU-6098;47.021;19.0299
HU-5502;46.9333;20.8333
HU-3663;48.1833;20.2667
HU-7188;46.349;18.3736
HU-4545;48.1333;22.1167
HU-9738;47.3637;16.6757
HU-8911;46.92005;16.8011
HU-7756;45.92305;18.457775
HU-6612;46.7;20.2833
HU-7935;46.173633333333335;17.924733333333332
HU-7513;46.1524;17.3872
HU-3413;47.9333;20.5333
HU-8969;46.63625;16.4255
HU-3012;47.7337;19.5987
HU-5463;46.9458;20.1432
HU-8795;46.9447;17.0793
HU-7918;45.89136666666667;17.664833333333334
HU-9653;47.4211;17.0179
HU-2543;47.7589;18.4487
HU-8595;47.2483;17.4638
HU-4474;48.15;21.65
HU-3907;48.2333;21.2333
HU-9231;47.8611;17.3251
HU-7253;46.370400000000004;18.04185
HU-7627;46.0833;18.2333
HU-3161;48.0837;19.706
HU-2649;48.0371;19.1646
HU-8808;46.4535;16.991
HU-9136;47.59395;17.43355
HU-2345;47.1132;19.0881
HU-7584;46.059266666666666;17.362266666666667
HU-6352;46.417;18.9194
HU-3068;47.9587;19.6852
HU-8073;47.3464;18.3288
HU-7671;46.01283333333333;18.0996
HU-3557;48.0667;20.6333
HU-2674;48.0331;19.4275
HU-4114;47.2;21.7333
HU-2254;47.4542;19.7014
HU-4234;47.7667;21.9167
HU-2309;47.1138;18.9007
HU-9228;47.8893;17.3261
HU-8072;47.3243;18.2793
HU-4965;48.0509;22.7271
HU-8225;47.0576;17.9705
HU-4973;47.9143;22.7233
HU-6414;46.5138;19.4323
HU-3274;47.7333;20.1
HU-3136;48.1111;19.7192
HU-9912;47.0399;16.6601
HU-9226;47.9403;17.3527
HU-3262;47.8167;20.0667
HU-4431;47.9554;21.7167
HU-8252;46.8563;17.6667
HU-7934;46.1569;17.874
HU-9421;47.7202;16.6504
HU-5095;47.0667;20.1833
HU-2949;47.6812;18.0872
HU-3777;48.1667;20.65
HU-3762;48.5167;20.6833
HU-8674;46.6625;17.9667
HU-5152;47.5;19.9167
HU-8423;47.3168;18.0414
HU-4334;47.9183;22.2015
HU-3865;48.4167;21.0833
HU-9222;47.9134;17.1539
HU-7227;46.5065;18.2948
HU-9023;47.6833;17.6351
HU-7284;46.587;18.0053
HU-9084;47.5806;17.7525
HU-6771;46.253;20.1482
HU-4375;47.7727;22.1543
HU-6444;46.3654;19.2818
HU-4700;47.9553;22.3235
HU-8929;46.7553;16.924
HU-6088;46.8821;18.9621
HU-1135;47.4984;19.0404
HU-5674;46.7167;20.8667
HU-7442;46.4592;17.739
HU-7176;46.4615;18.4874
HU-5609;46.6833;21.0833
HU-5093;47.0333;20.2167
HU-3597;47.9667;20.8833
HU-3724;48.416650000000004;20.50835
HU-8494;47.1956;17.2801
HU-2698;47.9923;19.3357
HU-2067;47.5158;18.4948
HU-3563;48.0833;20.9667
HU-2064;47.5196;18.6124
HU-4341;47.8167;22.1868
HU-9634;47.41415000000001;16.8076
HU-8138;46.8174;18.2685
HU-3726;48.39046666666667;20.479266666666664
HU-9625;47.2951;16.7121
HU-7900;46.06466666666666;17.826066666666666
HU-3517;48.1;20.7833
HU-5083;47.0833;20.3333
HU-5062;47.3333;20.45
HU-4133;47.3167;21.6667
HU-3534;48.1;20.7833
HU-8019;47.1899;18.4103
HU-2174;47.7223;19.5478
HU-9300;47.6116;17.2501
HU-7696;46.2568;18.4954
HU-5667;46.45;20.9667
HU-2721;47.289;19.5485
HU-1141;47.4984;19.0404
HU-9111;47.5376;17.6386
HU-8809;46.4535;16.991
HU-7045;46.6337;18.6951
HU-7066;46.5938;18.5122
HU-4812;48.1619;22.2834
HU-6621;46.5833;20.3667
HU-2090;47.5603;18.92
HU-7972;45.9875;17.7013
HU-9725;47.34623333333334;16.523866666666667
HU-4065;47.7333;21.1
HU-1098;47.4984;19.0404
HU-8172;47.0195;18.1565
HU-2544;47.7359;18.3597
HU-7173;46.4108;18.5658
HU-8163;47.0418;18.1784
HU-2339;47.2645;18.9983
HU-2337;47.2414;19.0902
HU-3587;47.8833;21.0667
HU-7044;46.6275;18.6556
HU-7047;46.6243;18.6047
HU-8876;46.5384;16.5917
HU-4074;47.6667;21.5167
HU-4162;47.2333;21.15
HU-7161;46.2588;18.562
HU-2534;47.7415;18.6481
HU-3371;47.6156;20.3625
HU-3275;47.75;20.1
HU-7754;45.9672;18.5183
HU-6424;46.1285;19.4713
HU-3734;48.3833;20.6833
HU-2163;47.7099;19.2346
HU-1205;47.4984;19.0404
HU-8317;46.8455;17.3474
HU-4914;48.0885;22.351
HU-3721;48.33886666666667;20.57776666666667
HU-7524;46.349;17.6126
HU-5435;47.0167;20.2833
HU-9553;47.1976;17.095750000000002
HU-9361;47.5511;17.0194
HU-2477;47.3139;18.6296
HU-2886;47.4298;17.9138
HU-9734;47.4238;16.6511
HU-2117;47.5301;19.4021
HU-9174;47.7704;17.5385
HU-8477;47.11266666666666;17.290533333333332
HU-8151;47.119;18.3682
HU-8351;46.9395;17.2727
HU-9635;47.3419;16.9027
HU-8666;46.661249999999995;18.0432
HU-8342;46.9624;17.1709
HU-3527;48.1;20.7833
HU-2464;47.3719;18.734
HU-6224;46.6819;19.3265
HU-1171;47.4984;19.0404
HU-8831;46.4535;16.991
HU-7362;46.3299;18.1316
HU-6033;46.8167;19.7567
HU-3832;48.2833;20.9833
HU-5064;47.2833;20.4
HU-1192;47.4984;19.0404
HU-9766;47.12396666666666;16.821866666666665
HU-9095;47.52;17.8249
HU-6624;46.6833;20.5667
HU-2360;47.3845;19.2214
HU-4553;47.9643;21.9354
HU-3051;47.8213;19.6417
HU-9612;47.2417;16.8027
HU-3833;48.3167;21.0
HU-3533;48.1;20.7833
HU-3783;48.3;20.7333
HU-7256;46.3291;18.0647
HU-4032;47.5333;21.6333
HU-9063;47.7661;17.6886
HU-8371;46.8167;17.15
HU-7122;46.3474;18.5929
HU-3041;47.7802;19.5852
HU-7304;46.1667;18.25
HU-4562;48.0057;22.1676
HU-2351;47.3152;19.1584
HU-6222;46.7154;19.268
HU-8597;47.230999999999995;17.53825
HU-6772;46.218;20.2432
HU-8297;46.8815;17.4412
HU-7214;46.520849999999996;18.05255
HU-5331;47.25;20.6833
HU-5461;46.9833;20.25
HU-9842;47.0805;16.8538
HU-3295;47.6167;20.0833
HU-7343;46.3754;18.2888
HU-4353;47.8151;22.4085
HU-9700;47.2309;16.6216
HU-4946;48.1041;22.7127
HU-6727;46.253;20.1482
HU-4502;48.1179;21.8183
HU-7714;45.9902;18.6862
HU-3024;47.733;19.6787
HU-6034;46.8366;19.6225
HU-4027;47.5333;21.6333
HU-7588;46.09;17.2295
HU-5663;46.5167;20.9667
HU-6774;46.2167;20.35
HU-8391;46.7122;17.1686
HU-4803;48.1254;22.3133
HU-2400;46.9674;18.9329
HU-9100;47.5192;17.508
HU-2946;47.5781;18.0636
HU-7564;46.3435;17.212
HU-3341;48.05;20.26665
HU-3359;47.65;20.35
HU-8716;46.509600000000006;17.419666666666668
HU-2769;47.3025;19.8513
HU-3604;48.2167;20.3
HU-8041;47.2057;18.2567
HU-4975;47.9333;22.85
HU-7825;45.7889;18.3523
HU-8897;46.6735;16.8539
HU-4972;47.9294;22.7579
HU-3910;48.1167;21.4167
HU-9742;47.2959;16.6951
HU-2524;47.6851;18.5984
HU-5144;47.3676;19.9961
HU-1223;47.4984;19.0404
HU-9675;47.0909;17.0528
HU-4374;47.7333;22.1167
HU-7813;45.9024;18.1777
HU-8957;46.63142500000001;16.657725000000003
HU-7200;46.3766;18.137
HU-8998;46.920100000000005;16.6595
HU-5811;46.3833;20.8667
HU-2723;47.2618;19.5015
HU-5800;46.4;20.9167
HU-6346;46.2818;18.9952
HU-2691;47.8743;19.374
HU-3388;47.65;20.6667
HU-6522;46.0319;19.0428
HU-4963;47.9734;22.6331
HU-1093;47.4984;19.0404
HU-4434;47.8833;21.5833
HU-2765;47.3607;19.8462
HU-5553;46.7667;20.8
HU-4522;48.1167;22.0333
HU-2852;47.523;18.3094
HU-9970;46.9526;16.2736
HU-5400;47.0;20.6333
HU-8736;46.5593;17.2489
HU-3397;47.8;20.4167
HU-9933;46.8885;16.5363
HU-3884;48.3185;21.2414
HU-9534;47.310249999999996;17.27645
HU-2049;47.4095;18.949
HU-4343;47.7622;22.2725
HU-9342;47.5138;17.0951
HU-7737;46.0445;18.604
HU-8725;46.3634;17.1123
HU-2686;47.851;19.3876
HU-9935;46.8893;16.5718
HU-8881;46.4606;16.916
HU-7003;46.8869;18.6204
HU-6915;46.3333;20.7167
HU-2381;47.0994;19.4784
HU-1084;47.4984;19.0404
HU-3787;48.3333;20.8833
HU-3463;47.7;20.7167
HU-8083;47.3918;18.465
HU-6448;46.1892;19.1467
HU-3855;48.35;21.0667
HU-8857;46.3273;17.0039
HU-4447;48.0167;21.3833
HU-8517;47.3773;17.2886
HU-2618;47.8443;19.303
HU-3994;48.47223333333333;21.49445
HU-3328;47.8833;20.2667
HU-9900;47.011;16.606
HU-8849;46.2523;17.1699
HU-7629;46.0833;18.2333
HU-2632;47.8854;18.7742
HU-3671;48.1167;20.25
HU-9775;47.1424;16.7668
HU-2094;47.5752;18.8734
HU-7083;46.7188;18.4827
HU-1053;47.4984;19.0404
HU-7552;46.1667;17.5167
HU-3235;47.9093;19.8782
HU-9789;47.2432;16.5559
HU-1031;47.4984;19.0404
HU-7753;45.9927;18.5346
HU-7981;46.036339999999996;17.718600000000002
HU-1095;47.4984;19.0404
HU-2131;47.6832;19.1342
HU-8915;46.7787;16.9941
HU-3651;48.2167;20.3
HU-8733;46.5876;17.2969
HU-2621;47.8247;19.0348
HU-6452;46.1617;19.2804
HU-7841;45.8485;18.04644
HU-4363;47.7398;21.9644
HU-3385;47.5667;20.5333
HU-1146;47.4984;19.0404
HU-3899;48.55;21.35
HU-3925;48.0833;21.25
HU-7454;46.4746;17.8415
HU-3284;47.65;20.1667
HU-9124;47.4977;17.5659
HU-8294;46.960499999999996;17.618850000000002
HU-7521;46.3617;17.704
HU-9937;46.8377;16.4986
HU-3294;47.595;20.0525
HU-7626;46.0833;18.2333
HU-9623;47.3525;16.8468
HU-2097;47.6074;18.9932
HU-9091;47.5142;17.7536
HU-8195;47.1091;18.0449
HU-4558;47.9333;22.05
HU-2888;47.3786;17.9781
HU-3903;48.15;21.1833
HU-5235;47.45;20.4667
HU-4069;47.6333;20.9
HU-3525;48.1;20.7833
HU-8717;46.45365;17.375
HU-8951;46.6399;16.71705
HU-3466;47.6833;20.8667
HU-4177;47.3;21.3667
HU-3135;48.1471;19.5678
HU-3742;48.3167;20.6833
HU-4145;47.0333;21.3
HU-8824;46.4223;17.1229
HU-5052;47.3;20.0833
HU-9542;47.2012;17.1872
HU-7715;45.9902;18.6862
HU-4931;48.1048;22.5374
HU-6335;46.6359;18.9463
HU-6239;46.4219;19.1836
HU-2375;47.0794;19.3751
HU-3586;47.95;21.0333
HU-4824;48.0456;22.3658
HU-3129;48.0316;19.711750000000002
HU-9551;47.224;17.0874
HU-5008;47.1833;20.2
HU-2456;47.1887;18.793
HU-7514;46.1784;17.3044
HU-4097;47.95;21.15
HU-6916;46.35;20.7333
HU-7400;46.3388;17.79975
HU-8891;46.5533;16.772750000000002
HU-9098;47.6115;17.8063
HU-7273;46.4611;17.9645
HU-7271;46.4001;17.9529
HU-6085;46.8208;19.2375
HU-9733;47.4121;16.617833333333333
HU-8457;47.2103;17.4882
HU-1066;47.4984;19.0404
HU-2834;47.6619;18.4442
HU-6793;46.3653;19.9097
HU-8592;47.2877;17.428
HU-2671;48.0785;19.4107
HU-8656;46.7981;18.1654
HU-7932;46.121633333333335;17.849666666666668
HU-7542;46.3065;17.4938
HU-9707;47.2309;16.6216
HU-8988;46.76135;16.5576
HU-9744;47.3113;16.6709
HU-7212;46.529;18.1793
HU-7824;45.8104;18.3342
HU-8413;47.2067;17.9197
HU-3759;48.4667;20.5167
HU-7370;46.25587142857143;18.1151
HU-2432;47.0761;18.6899
HU-4475;48.15;21.6833
HU-9953;46.98355;16.404
HU-3704;48.2333;20.6667
HU-6700;46.2956;20.0703
HU-8956;46.582600000000006;16.679999999999996
HU-8109;47.2571;18.0287
HU-8042;47.243;18.3349
HU-8728;46.3848;17.063
HU-1225;47.4984;19.0404
HU-7538;46.0698;17.6187
HU-1071;47.4984;19.0404
HU-7085;46.6486;18.5315
HU-4734;47.9155;22.5855
HU-8672;46.6791;17.9765
HU-7849;45.8128;18.1672
HU-6353;46.3909;18.963
HU-9436;47.6153;16.8353
HU-3421;47.8667;20.6833
HU-8953;46.6149;16.7573
HU-9125;47.4628;17.555
HU-3134;48.141;19.599
HU-3556;48.0167;20.7
HU-3553;48.05;20.85
HU-8434;47.4121;17.8403
HU-6922;46.3167;20.5
HU-4225;47.5333;21.6333
HU-7771;45.8967;18.3898
HU-4135;47.0333;21.6333
HU-9772;47.1466;16.6413
HU-9743;47.2863;16.6515
HU-3335;47.9833;20.1833
HU-8949;46.66;16.7024
HU-6721;46.253;20.1482
HU-7098;46.7478;18.2358
HU-7052;46.5081;18.5847
HU-9245;47.8515;17.1739
HU-8552;47.3849;17.5978
HU-4472;48.1667;21.5737
HU-9244;47.8093;17.2013
HU-8156;46.9574;18.3881
HU-3554;47.9833;20.7833
HU-4288;47.4667;21.8833
HU-7131;46.4268;18.7825
HU-9242;47.7862;17.136
HU-3891;48.4167;21.2333
HU-4233;47.7707;21.8631
HU-2073;47.5686;18.7315
HU-1201;47.4984;19.0404
HU-3904;48.1667;21.15
HU-8074;47.3518;18.2702
HU-3922;48.0833;21.1333
HU-4311;47.8862;22.0978
HU-7850;45.8031;18.1789
HU-3642;48.2333;20.5167
HU-7913;46.0071;17.9271
HU-5747;46.4667;21.1
HU-9513;47.3367;17.1129
HU-3625;48.2167;20.3
HU-2092;47.5108;18.9272
HU-1105;47.4984;19.0404
HU-5234;47.4;20.45
HU-2696;47.947;19.4438
HU-3515;48.1;20.7833
HU-9223;47.9605;17.2154
HU-2629;47.864;18.8725
HU-4751;47.9391;22.3833
HU-9763;47.1817;16.7668
HU-2016;47.7178;19.0858
HU-7084;46.681;18.4394
HU-7834;45.93986666666667;18.0885
HU-8136;46.842;18.3376
HU-7785;45.9418;18.6329
HU-3247;47.9857;20.0229
HU-9094;47.5;17.85
HU-5556;46.85;20.7833
HU-1062;47.4984;19.0404
HU-1075;47.4984;19.0404
HU-3327;47.85;20.4833
HU-7279;46.4234;17.9752
HU-3045;47.8657;19.5022
HU-7345;46.3142;18.2479
HU-3599;47.95;21.0
HU-1237;47.4984;19.0404
HU-9764;47.15275;16.833599999999997
HU-4755;47.9186;22.5081
HU-2319;47.2342;18.9275
HU-1016;47.4984;19.0404
HU-3656;48.25835;20.441699999999997
HU-3796;48.2667;20.7667
HU-1044;47.4984;19.0404
HU-2242;47.4521;19.5337
HU-6348;46.3488;19.1215
HU-3926;48.0667;21.3167
HU-9954;46.9771;16.3605
HU-5742;46.5333;21.25
HU-4952;48.0732;22.8576
HU-3399;47.85;20.4167
HU-4804;48.1254;22.3133
HU-8161;47.1472;18.1883
HU-8765;46.6737;17.0784
HU-5054;47.3667;20.1
HU-3356;47.7333;20.25
HU-5751;46.4667;21.1167
HU-4281;47.3833;21.9
HU-7831;46.0344;18.154
HU-2185;47.7054;19.3486
HU-1043;47.4984;19.0404
HU-8182;47.1113;18.1295
HU-6645;46.6474;20.1053
HU-6625;46.6833;20.4667
HU-2735;47.2149;19.547
HU-4935;48.2;22.4517
HU-3082;47.9202;19.6983
HU-9435;47.6352;16.8618
HU-9938;46.81445;16.47035
HU-7741;46.066;18.3199
HU-4631;48.2163;22.1451
HU-9352;47.5999;17.0845
HU-3283;47.6667;20.1667
HU-4485;48.1327;21.761
HU-8497;47.2384;17.244799999999998
HU-3917;48.1833;21.3667
HU-8896;46.6408;16.8421
HU-7149;46.1286;18.7703
HU-3635;48.2833;20.5
HU-3053;47.90625;19.612650000000002
HU-7968;45.8522;17.7
HU-3138;48.2382;19.6247
HU-2335;47.3297;19.0669
HU-5420;47.1;20.75
HU-2523;47.677;18.6793
HU-6435;46.0842;19.4208
HU-8747;46.5792;17.107999999999997
HU-7530;46.2141;17.598
HU-5624;46.7333;21.25
HU-8737;46.4879;17.2096
HU-3853;48.29235;21.1257
HU-6521;46.1078;18.9851
HU-8227;47.0147;17.9533
HU-2251;47.45;19.6092
HU-4913;48.0441;22.3929
HU-9088;47.4668;17.797
HU-2135;47.7303;19.1669
HU-4143;47.1;21.4
HU-6341;46.49;19.0731
HU-7837;45.9039;18.09
HU-9482;47.565;16.7682
HU-6923;46.3;20.45
HU-9451;47.560050000000004;16.82345
HU-7054;46.5288;18.7112
HU-2713;47.118;19.6909
HU-2182;47.6555;19.4323
HU-4722;47.9167;22.2667
HU-7018;46.8869;18.6204
HU-5664;46.5167;20.9667
HU-7526;46.299;17.5537
HU-6805;46.4167;20.3333
HU-4721;48.0167;22.4167
HU-7960;45.87745;17.846016666666664
HU-5232;47.3;20.4833
HU-1041;47.4984;19.0404
HU-3185;48.1796;19.6457
HU-7344;46.3912;18.3334
HU-9434;47.6352;16.8618
HU-2485;47.2094;18.6361
HU-8681;46.7365;17.7635
HU-7051;46.5655;18.6227
HU-2481;47.2385;18.6548
HU-5211;47.2167;20.3167
HU-9234;47.8962;17.4192
HU-4144;47.1;21.35
HU-7817;45.8658;18.159033333333337
HU-6425;46.15;19.45
HU-5540;46.8667;20.55
HU-4557;47.9688;22.0165
HU-3015;47.6483;19.8297
HU-1022;47.4984;19.0404
HU-5838;46.3833;21.0667
HU-1102;47.4984;19.0404
HU-5536;46.9667;21.4
HU-4544;48.0948;22.1046
HU-4034;47.5333;21.6333
HU-2836;47.6459;18.3641
HU-8312;46.8095;17.3813
HU-2745;47.0969;20.0183
HU-1214;47.4984;19.0404
HU-7800;45.85916666666666;18.33566666666667
HU-7331;46.236;18.1921
HU-6076;46.8403;19.4521
HU-2911;47.67;18.185
HU-4542;48.0608;22.0749
HU-3425;47.95;20.6667
HU-7725;46.1315;18.5859
HU-3067;47.97465;19.62565
HU-2465;47.2736;18.8334
HU-3100;48.0987;19.803
HU-8516;47.3543;17.2972
HU-3664;48.15;20.25
HU-3292;47.6921;19.977
HU-4220;47.6667;21.5167
HU-5092;47.0667;20.1833
HU-8130;46.9305;18.242
HU-9796;47.1682;16.463900000000002
HU-2655;47.94623333333333;19.296433333333336
HU-8667;46.7004;18.0673
HU-6112;46.6242;19.9516
HU-7194;46.5018;18.4776
HU-7192;46.5248;18.3823
HU-7735;46.081633333333336;18.566133333333337
HU-4224;47.6667;21.5167
HU-3245;47.9333;20.1167
HU-9175;47.7786;17.5083
HU-8614;46.7807;17.9512
HU-1029;47.4984;19.0404
HU-3811;48.25;20.9167
HU-6445;46.266;19.2228
HU-3014;47.6908;19.7893
HU-6440;46.2986;19.3258
HU-7823;45.820899999999995;18.37285
HU-6723;46.253;20.1482
HU-9161;47.6896;17.3736
HU-4286;47.4488;21.989
HU-3991;48.5;21.5667
HU-2882;47.5129;17.9368
HU-2220;47.407;19.2865
HU-9941;46.8526;16.43635
HU-1122;47.4984;19.0404
HU-7140;46.1937;18.7231
HU-4746;47.8757;22.6639
HU-2144;47.5601;19.2829
HU-7213;46.539;18.1095
HU-9365;47.4579;17.0306
HU-4163;47.2333;21.15
HU-2531;47.7228;18.6589
HU-2636;48.0328;18.842
HU-5820;46.3167;20.8167
HU-6525;45.95;18.9392
HU-2428;46.8973;18.9307
HU-8821;46.5538;17.0438
HU-4735;47.90665;22.6188
HU-4086;47.6667;21.5167
HU-9126;47.4612;17.4973
HU-6911;46.2667;20.6167
HU-9762;47.1862;16.7394
HU-6455;46.034;19.2094
HU-4267;47.6333;22.15
HU-4141;47.1333;21.4667
HU-4532;48.0142;21.8347
HU-3323;47.9026;20.3733
HU-7937;46.1836;17.8379
HU-8798;46.9722;17.0305
HU-7716;45.9814;18.7922
HU-8865;46.4219;16.8056
HU-5126;47.5702;19.724
HU-2028;47.7846;18.8754
HU-9145;47.5844;17.3639
HU-6787;46.2745;19.8898
HU-3032;47.7942;19.6943
HU-8862;46.4002;16.846
HU-4561;48.0;22.0833
HU-1183;47.4984;19.0404
HU-3908;48.2167;21.2333
HU-3794;48.23335;20.8
HU-9144;47.6305;17.3572
HU-2066;47.48015;18.53665
HU-8985;46.7622;16.6869
HU-8443;47.1221;17.7812
HU-3905;48.211;21.1505
HU-2642;47.9085;19.0481
HU-7838;45.8510375;17.968775
HU-6062;46.9326;20.1035
HU-8241;46.9286;17.8331
HU-6325;46.7575;19.0953
HU-5725;46.7333;21.4833
HU-5476;46.8026;20.2028
HU-8479;47.1346;17.4067
HU-3989;48.475;21.616699999999998
HU-3434;48.0167;20.8333
HU-3928;48.05;21.3833
HU-3351;47.85;20.2333
HU-1212;47.4984;19.0404
HU-5932;46.6667;20.6
HU-4335;47.9333;22.15
HU-3423;47.9167;20.6333
HU-2699;48.0353;19.3253
HU-9983;46.92625;16.21565
HU-3894;48.45;21.25
HU-4285;47.4187;21.978
HU-3902;48.1599;21.2097
HU-8711;46.6648;17.2689
HU-4440;47.9667;21.35
HU-2039;47.4038;18.7802
HU-2176;47.7734;19.4609
HU-6116;46.7422;19.7213
HU-9685;47.1012;16.9049
HU-2166;47.7404;19.3142
HU-9740;47.3849;16.7507
HU-2065;47.5335;18.6563
HU-8542;47.4;17.5167
HU-8286;46.8686;17.4808
HU-4488;48.1641;21.84
HU-3936;48.3833;21.4333
HU-7973;45.95505;17.7487
HU-9135;47.5775;17.4325
HU-3255;48.0333;20.2
HU-6221;46.6917;19.2042
HU-2517;47.7127;18.8018
HU-6223;46.7714;19.287
HU-4567;48.1413;22.1947
HU-3578;47.9667;21.0
HU-9134;47.5637;17.4079
HU-6635;46.5874;20.2241
HU-4813;48.1759;22.2718
HU-3813;48.3333;20.9167
HU-2440;47.3295;18.9388
HU-8451;47.102;17.5589
HU-2146;47.5975;19.2407
HU-8392;46.6684;17.156
HU-1188;47.4984;19.0404
HU-6753;46.253;20.1482
HU-8442;47.1884;17.817
HU-8797;46.9927;17.0404
HU-6065;46.876;19.995
HU-1238;47.4984;19.0404
HU-1153;47.4984;19.0404
HU-9909;47.00965;16.570500000000003
HU-6044;46.9062;19.6913
HU-1089;47.4984;19.0404
HU-9030;47.6833;17.6351
HU-5726;46.7833;21.45
HU-3885;48.34165;21.24165
HU-5100;47.5;19.9167
HU-3213;47.7208;19.8913
HU-9795;47.1927;16.4477
HU-3916;48.1667;21.3667
HU-9143;47.6463;17.4233
HU-6114;46.693;19.656100000000002
HU-1148;47.4984;19.0404
HU-1104;47.4984;19.0404
HU-7063;46.5743;18.4248
HU-4644;48.3215;22.1911
HU-2527;47.6278;18.7087
HU-2132;47.6832;19.1342
HU-4122;47.2333;21.6667
HU-8785;46.90805;17.071649999999998
HU-5213;47.2667;20.5333
HU-6096;47.0589;19.2761
HU-7768;45.908649999999994;18.322049999999997
HU-8355;46.9016;17.1533
HU-3127;48.0495;19.8614
HU-1082;47.4984;19.0404
HU-3035;47.815;19.7892
HU-7453;46.5064;17.8188
HU-3944;48.3949;21.6587
HU-8496;47.19785;17.232750000000003
HU-9325;47.5364;17.2069
HU-8767;46.67196666666666;16.977999999999998
HU-2338;47.2333;19.0167
HU-2647;48.0511;18.9919
HU-9346;47.51003333333333;17.161966666666668
HU-8229;46.9805;17.9292
HU-8271;46.9454;17.6996
HU-5137;47.45;20.2167
HU-9353;47.5927;17.1223
HU-7556;46.0845;17.4236
HU-8347;47.0433;17.2155
HU-3137;48.1839;19.7481
HU-3332;47.9333;20.2
HU-3955;48.2;21.5333
HU-4245;47.8;21.7667
HU-8425;47.2055;17.8562
HU-9523;47.3292;17.2694
HU-4274;47.393;21.7328
HU-5945;46.4833;20.6667
HU-6914;46.3167;20.7333
HU-4433;47.9554;21.7167
HU-7095;46.67145;18.18455
HU-8152;47.0925;18.3456
HU-2884;47.4717;17.9652
HU-9922;47.0381;16.4831
HU-9371;47.5865;16.9828
HU-5321;47.4333;20.8
HU-9163;47.676;17.3466
HU-3349;48.1333;20.4333
HU-9643;47.33;16.9501
HU-9608;47.254;16.9353
HU-4100;47.2167;21.55
HU-3652;48.2667;20.3833
HU-4171;47.2333;21.2
HU-4635;48.2576;22.2232
HU-3465;47.6833;20.8167
HU-3608;48.1833;20.3167
HU-9345;47.4754;17.1654
HU-3177;48.0369;19.5301
HU-6781;46.2492;20.0111
HU-4445;47.9667;21.5333
HU-4632;48.2;22.1791
HU-3011;47.7064;19.6331
HU-8825;46.444199999999995;17.1525
HU-5124;47.5931;19.8559
HU-4063;47.5333;21.6333
HU-4625;48.3962;22.16305
HU-7678;46.1601;18.103266666666666
HU-8721;46.4132;17.2901
HU-2738;47.1727;19.7995
HU-7057;46.475;18.6434
HU-4130;47.35;21.5667
HU-1055;47.4984;19.0404
HU-5121;47.5204;19.9909
HU-3768;48.54999999999999;20.838900000000002
HU-3942;48.2667;21.5
HU-3047;47.8835;19.5438
HU-7555;46.0771;17.4437
HU-2422;46.9318;18.7718
HU-4327;47.8872;21.9931
HU-3422;47.8833;20.6833
HU-9443;47.5974;16.8935
HU-3778;48.1667;20.6333
HU-6090;47.027;19.1258
HU-2711;47.3399;19.7465
HU-8989;46.8158;16.7527
HU-8700;46.5773;17.4531
HU-2252;47.5078;19.6666
HU-8995;46.844;16.650599999999997
HU-4042;47.5333;21.6333
HU-9221;47.8944;17.2039
HU-5711;46.65;21.2833
HU-8065;47.3598;18.1096
HU-3265;47.8167;20.1667
HU-4964;48.0251;22.6752
HU-3603;48.2167;20.3
HU-7257;46.3538;17.9885
HU-3071;47.9696;19.8408
HU-8628;46.7512;17.8353
HU-1161;47.4984;19.0404
HU-6784;46.2816;19.682
HU-8125;47.0054;18.5439
HU-3529;48.1;20.7833
HU-8354;46.84726666666668;17.162966666666666
HU-8393;46.7579;17.1306
HU-2455;47.1824;18.8238
HU-7694;46.1641;18.3508
HU-2855;47.4919;18.2474
HU-6821;46.5;20.5333
HU-5440;46.8392;20.2888
HU-9000;47.6308;17.7295
HU-5362;47.5167;20.8333
HU-4842;48.0872;22.4749
HU-8777;46.5136;16.929100000000002
HU-5700;46.65;21.2833
HU-9093;47.5;17.8
HU-9811;46.9644;16.793
HU-8100;47.1994;18.1395
HU-3372;47.6;20.45
HU-7914;46.00476666666666;17.879233333333335
HU-1191;47.4984;19.0404
HU-7745;46.022149999999996;18.4008
HU-3373;47.7;20.4333
HU-7846;45.8292;18.1386
HU-9545;47.1194;17.165
HU-3337;48.0333;20.2667
HU-8874;46.5081;16.582700000000003
HU-3915;48.1333;21.35
HU-8698;46.567350000000005;17.65065
HU-2191;47.6333;19.4833
HU-8111;47.1105;18.565
HU-3131;48.0731;19.6791
HU-7774;45.8742;18.5088
HU-3596;47.95;20.9167
HU-3063;47.8324;19.6776
HU-8858;46.290525;17.02235
HU-6337;46.59;19.0586
HU-4060;47.6167;21.35
HU-7353;46.3147;18.4138
HU-1184;47.4984;19.0404
HU-7570;45.96;17.4586
HU-1121;47.4984;19.0404
HU-2022;47.75;19.1
HU-4944;48.05;22.65
HU-9431;47.6217;16.8709
HU-7432;46.4372;17.6822
HU-8444;47.1144;17.7339
HU-8251;46.8715;17.6847
HU-8255;46.83595;17.5911
HU-3974;48.33785;21.97145
HU-9314;47.5207;17.3387
HU-2045;47.4293;18.9136
HU-7361;46.3299;18.1316
HU-3717;48.1833;21.0
HU-2244;47.4143;19.5276
HU-2521;47.6912;18.7161
HU-3653;48.2833;20.35
HU-8623;46.8525;17.8812
HU-4173;47.2;21.3333
HU-9751;47.2304;16.7225
HU-7951;45.991499999999995;18.048875
HU-8493;47.1634;17.2972
HU-7041;46.7176;18.6657
HU-7061;46.6427;18.4147
HU-8244;46.9148;17.7239
HU-4078;47.5333;21.6333
HU-8925;46.78356666666667;16.944
HU-9184;47.7402;17.5225
HU-2519;47.6792;18.8187
HU-6622;46.5833;20.5
HU-2421;46.9576;18.8635
HU-7471;46.4245;17.9091
HU-2648;48.0229;19.1452
HU-7967;45.86306666666667;17.764433333333333
HU-6321;46.8727;19.1207
HU-9122;47.5234;17.5971
HU-3248;48.0167;20.0667
HU-8372;46.8017;17.221
HU-9532;47.295;17.2266
HU-8863;46.3852;16.8314
HU-5741;46.5333;21.1833
HU-5734;46.8833;21.5833
HU-2367;47.2198;19.3864
HU-6600;46.6583;20.2608
HU-8994;46.8678;16.706049999999998
HU-9097;47.5689;17.8824
HU-6031;46.9189;19.9185
HU-3271;47.78;20.0291
HU-2100;47.5966;19.3552
HU-2619;47.8798;19.3103
HU-9183;47.7278;17.4278
HU-8553;47.4373;17.631
HU-4119;47.2;21.65
HU-4826;48.0898;22.334
HU-5143;47.3833;20.0667
HU-2310;47.3438;19.0434
HU-3758;48.4833;20.5667
HU-3242;47.9126;19.9771
HU-8521;47.3653;17.3736
HU-9311;47.5561;17.2711
HU-9554;47.165;17.09985
HU-4355;47.8655;22.3916
HU-8710;46.6876;17.3024
HU-2633;47.9241;18.7859
HU-8735;46.5387;17.2723
HU-7092;46.5907;18.2028
HU-8424;47.2894;18.0227
HU-8565;47.3448;17.599
HU-7347;46.3318;18.3177
HU-7435;46.4153;17.5989
HU-7589;46.1222;17.2165
HU-7038;46.6;18.7167
HU-4243;47.7167;21.6833
HU-3387;47.6333;20.6
HU-6087;46.9148;18.9713
HU-8096;47.2393;18.6034
HU-2211;47.324;19.4037
HU-8699;46.5725;17.6847
HU-6527;46.0425;18.9059
HU-7283;46.5895;17.9545
HU-7130;46.4268;18.7825
HU-2681;47.7426;19.3765
HU-2525;47.654;18.5972
HU-2300;47.161;18.9448
HU-1036;47.4984;19.0404
HU-6773;46.2167;20.3333
HU-3256;47.9833;20.1333
HU-6648;46.7133;20.1424
HU-9441;47.6101;16.9379
HU-4118;47.1667;21.6167
HU-3200;47.7826;19.928
HU-7354;46.2692;18.4312
HU-3849;48.3167;21.0833
HU-3935;48.3167;21.4333
HU-9211;47.9365;17.2792
HU-3729;48.3167;20.4
HU-6758;46.188;20.0337
HU-2889;47.369;18.0304
HU-4622;48.3062;22.1107
HU-8697;46.601;17.6215
HU-9123;47.4907;17.6385
HU-7017;46.8111;18.4779
HU-3831;48.2833;20.9833
HU-1021;47.4984;19.0404
HU-8724;46.3952;17.1978
HU-8473;47.0426;17.3286
HU-3735;48.416666666666664;20.633333333333333
HU-9224;47.9964;17.1982
HU-7478;46.3264;17.6861
HU-2945;47.5929;18.0006
HU-9071;47.7333;17.8333
HU-1144;47.4984;19.0404
HU-7352;46.2964;18.3988
HU-9082;47.5905;17.689
HU-9372;47.5191;16.9277
HU-8999;46.83235;16.5597
HU-8773;46.5893;16.95045
HU-8134;46.9222;18.3478
HU-9147;47.5988;17.2998
HU-4271;47.45;21.6333
HU-1045;47.4984;19.0404
HU-9641;47.2951;16.9348
HU-9113;47.5988;17.5265
HU-3009;47.6667;19.6167
HU-7720;46.15838;18.43626
HU-7093;46.6114;18.1333
HU-8718;46.4597;17.3378
HU-1072;47.4984;19.0404
HU-3600;48.2167;20.3
HU-8932;46.90883333333333;16.982433333333333
HU-5661;46.5833;21.0333
HU-2216;47.3539;19.5432
HU-9621;47.3011;16.8612
HU-3757;48.45000000000001;20.6111
HU-3060;47.9202;19.6983
HU-8622;46.8647;17.9009
HU-7333;46.2665;18.3268
HU-6230;46.5789;19.3939
HU-9931;46.93955;16.491349999999997
HU-2638;48.0179;18.8918
HU-2627;47.7998;18.911
HU-7385;46.2861;17.9729
HU-7211;46.4963;18.1832
HU-8556;47.3813;17.7016
HU-4080;47.85;21.4333
HU-2861;47.4479;18.1022
HU-4125;47.2833;21.8167
HU-7261;46.368399999999994;17.91385
HU-4484;48.1233;21.7095
HU-2314;47.3617;18.9812
HU-3233;47.7826;19.928
HU-3258;48.05;20.1833
HU-4948;48.1037;22.7844
HU-2164;47.7221;19.2625
HU-4621;48.2713;22.1001
HU-7732;46.1245;18.4842
HU-8422;47.279;17.9709
HU-9167;47.7372;17.192999999999998
HU-6135;46.4184;19.8395
HU-9945;46.789;16.3531
HU-4376;47.783;22.1822
HU-6912;46.2167;20.6833
HU-9951;46.9649;16.428
HU-2193;47.6167;19.5667
HU-8295;46.9803;17.5683
HU-2371;47.1859;19.3109
HU-8145;47.1383;18.2397
HU-7082;46.6793;18.5392
HU-4611;48.2433;22.1588
HU-1186;47.4984;19.0404
HU-5474;46.8223;20.0792
HU-8669;46.6466;17.993
HU-7979;45.9427;17.5722
HU-2340;47.1884;19.0093
HU-3817;48.4333;20.95
HU-1068;47.4984;19.0404
HU-4071;47.5828;21.1511
HU-9631;47.3543;16.8839
HU-8936;46.7263;16.9488
HU-1113;47.4984;19.0404
HU-8945;46.73;16.8456
HU-7086;46.7513;18.4001
HU-4320;47.8749;21.8408
HU-9027;47.6833;17.6351
HU-2764;47.361;19.6861
HU-3959;48.35;21.5167
HU-9622;47.3096;16.8327
HU-8551;47.339;17.5518
HU-5094;47.0333;20.15
HU-2947;47.5308;18.0753
HU-3728;48.36665;20.4333
HU-9243;47.809799999999996;17.102649999999997
HU-8954;46.6225;16.682
HU-7281;46.5963;17.9028
HU-8581;47.22095;17.627299999999998
HU-8411;47.0933;17.9115
HU-3792;48.1667;20.7333
HU-2451;47.2519;18.8962
HU-3752;48.40835;20.7583
HU-8879;46.574749999999995;16.58265
HU-7784;45.9443;18.5785
HU-3102;48.0987;19.803
HU-4800;48.1254;22.3133
HU-4600;48.2167;22.0833
HU-4543;48.0584;22.0436
HU-2431;47.047;18.7873
HU-4633;48.1818;22.1972
HU-3153;47.9873;19.9015
HU-4461;48.0167;21.6333
HU-4503;48.1254;21.7988
HU-7586;46.0386;17.2973
HU-4745;47.859;22.685
HU-7334;46.29275;18.291849999999997
HU-3657;48.25;20.4
HU-9981;46.9526;16.2736
HU-8563;47.3026;17.5896
HU-3535;48.1;20.7833
HU-3246;47.95;20.0833
HU-3293;47.6425;20.0277
HU-1119;47.4984;19.0404
HU-9727;47.3244;16.4903
HU-2634;47.9347;18.8238
HU-5142;47.4271;20.0422
HU-6080;46.8758;19.2232
HU-5641;46.8167;21.2167
HU-2217;47.371;19.5306
HU-8321;46.8953;17.3339
HU-2736;47.1582;19.6161
HU-1155;47.4984;19.0404
HU-8752;46.538;17.1809
HU-8685;46.6214;17.7621
HU-7975;45.9655;17.7121
HU-8827;46.4876;17.13
HU-7087;46.7236;18.3113
HU-4287;47.5333;21.9
HU-9408;47.685;16.5905
HU-4031;47.5333;21.6333
HU-4516;48.1165;21.9262
HU-8394;46.7693;17.1716
HU-2768;47.2748;19.9248
HU-3645;48.155;20.4956
HU-1118;47.4984;19.0404
HU-8732;46.61856666666666;17.267166666666668
HU-6720;46.253;20.1482
HU-2643;47.9397;19.0432
HU-3151;47.99;19.9147
HU-2025;47.7853;18.9709
HU-1147;47.4984;19.0404
HU-8247;47.0027;17.8296
HU-9813;46.9604;16.7295
HU-1215;47.4984;19.0404
HU-2080;47.6553;18.7894
HU-8790;46.9447;17.0793
HU-4822;48.0269;22.2767
HU-8878;46.5462;16.5646
HU-7071;46.5375;18.4732
HU-3412;47.9;20.5333
HU-8764;46.68895;17.060450000000003
HU-8471;47.07033333333334;17.350233333333335
HU-8695;46.6484;17.5775
HU-7081;46.7546;18.5549
HU-5412;47.1333;20.5667
HU-8895;46.604;16.8316
HU-7026;46.6879;18.9579
HU-7464;46.5173;17.9184
HU-4468;48.1833;21.55
HU-2879;47.5029;18.0367
HU-2165;47.7402;19.285
HU-8872;46.481049999999996;16.638350000000003
HU-8594;47.2283;17.4238
HU-2685;47.8389;19.355
HU-3765;48.52223333333333;20.788899999999998
HU-6064;46.8555;20.0549
HU-8991;46.84583333333333;16.7493
HU-5600;46.6833;21.1
HU-8558;47.361;17.6087
HU-2840;47.4867;18.3122
HU-8124;46.9546;18.4826
HU-3593;47.9;20.95
HU-8696;46.6163;17.5241
HU-2822;47.592;18.6637
HU-3272;47.78;20.0291
HU-4536;48.0429;21.9804
HU-8992;46.8881;16.73955
HU-4138;47.0;21.5
HU-3355;47.7667;20.25
HU-1013;47.4984;19.0404
HU-7912;46.06143333333333;17.914199999999997
HU-4273;47.3929;21.6655
HU-7091;46.6333;18.2833
HU-8533;47.4495;17.3918
HU-4624;48.3667;22.15
HU-5552;46.7978;20.7179
HU-3075;48.010400000000004;19.703666666666667
HU-4761;47.8833;22.5667
HU-3988;48.3949;21.6587
HU-1086;47.4984;19.0404
HU-9086;47.6261;17.7338
HU-8621;46.8849;17.9537
HU-4373;47.7;22.2167
HU-3253;48.0794;20.0507
HU-7274;46.48;17.9636
HU-6764;46.4228;20.0082
HU-6327;46.6976;19.0311
HU-8618;46.7946;17.9125
HU-2897;47.7039;18.3818
HU-4117;47.1167;21.65
HU-1048;47.4984;19.0404
HU-3814;48.3667;20.9333
HU-3852;48.2904;21.0882
HU-9651;47.372;16.985
HU-4200;47.45;21.4
HU-3731;48.2833;20.6667
HU-9624;47.3617;16.8431
HU-3126;48.1004;19.9355
HU-4743;47.8678;22.7263
HU-2675;48.0271;19.3859
HU-2253;47.402;19.6305
HU-4325;47.8424;22.0039
HU-3467;47.7333;20.95
HU-7456;46.5819;17.8253
HU-7463;46.458349999999996;17.911949999999997
HU-2656;47.9563;19.2306
HU-8649;46.707;17.3201
HU-7833;45.96646666666667;18.16333333333333
HU-4922;48.056;22.552
HU-2183;47.6956;19.3872
HU-7065;46.632;18.4805
HU-7723;46.1773;18.5114
HU-3753;48.4;20.8
HU-3333;47.9667;20.15
HU-7276;46.529250000000005;18.001649999999998
HU-1085;47.4984;19.0404
HU-3334;47.9667;20.15
HU-8714;46.55455;17.415399999999998
HU-6134;46.4635;19.8667
HU-7193;46.5803;18.3882
HU-6131;46.5571;19.661
HU-7396;46.1973;18.1973
HU-4752;47.9367;22.4326
HU-5744;46.4167;21.1833
HU-7163;46.2585;18.5902
HU-6769;46.5508;19.9882
HU-8557;47.39515;17.66095
HU-8582;47.2;17.6333
HU-8318;46.8595;17.367
HU-8515;47.3328;17.3518
HU-8756;46.504475;17.0706
HU-2660;48.073;19.2961
HU-8712;46.6738;17.3855
HU-9233;47.8619;17.4631
HU-6454;46.0987;19.1581
HU-2724;47.2285;19.4494
HU-9915;46.960775;16.635475
HU-2457;47.1194;18.8649
HU-2898;47.6075;18.2152
HU-3500;48.1;20.7833
HU-5244;47.5571;20.7195
HU-4471;48.1667;21.5737
HU-3965;48.345749999999995;21.9294
HU-6756;46.1747;20.1644
HU-2529;47.6608;18.6753
HU-3851;48.2833;21.0667
HU-7663;46.027;18.4618
HU-4331;47.8657;22.1754
HU-9061;47.7552;17.6477
HU-3073;47.9537;19.7461
HU-1042;47.4984;19.0404
HU-5743;46.4333;21.2333
HU-5946;46.4167;20.6333
HU-4531;47.9833;21.8
HU-7258;46.34505;17.9654
HU-9315;47.4768;17.3658
HU-8245;46.94845;17.77435
HU-8341;46.989733333333334;17.177633333333333
HU-7444;46.5192;17.67
HU-6913;46.25;20.7333
HU-7158;46.3688;18.4802
HU-9776;47.0918;16.805
HU-8655;46.8043;18.1401
HU-4552;47.938;21.8676
HU-9985;46.8762;16.165
HU-8706;46.5809;17.5136
HU-9407;47.685;16.5905
HU-3182;48.15;19.7333
HU-2518;47.6777;18.7772
HU-6236;46.5482;19.5144
HU-2023;47.7905;19.0412
HU-2508;47.7928;18.7415
HU-8873;46.5;16.6333
HU-3414;47.9667;20.5
HU-8840;46.27365;17.091250000000002
HU-8738;46.4972;17.2565
HU-2141;47.55;19.2333
HU-5561;46.8667;20.4833
HU-4096;47.9167;21.1833
HU-8554;47.439;17.6731
HU-9735;47.401;16.7088
HU-4463;48.1;21.4833
HU-9982;46.88766666666667;16.2452
HU-3963;48.3113;21.8054
HU-7251;46.3531;18.0107
HU-3154;47.9792;19.919
HU-9081;47.6064;17.6488
HU-3767;48.5667;20.7833
HU-2024;47.8069;19.0097
HU-5449;46.8392;20.2888
HU-3528;48.1;20.7833
HU-8431;47.4121;17.8403
HU-8481;47.1215;17.3756
HU-3444;47.8333;20.7833
HU-7013;46.7706;18.6283
HU-8719;46.4134;17.3804
HU-4971;47.9199;22.7989
HU-8196;47.101;18.0045
HU-2536;47.7603;18.5569
HU-4128;47.1667;21.75
HU-9155;47.7357;17.3908
HU-3381;47.4833;20.35
HU-3524;48.1;20.7833
HU-9665;47.3908;16.9709
HU-5537;46.9167;21.5
HU-2682;47.7758;19.3628
HU-3345;48.034;20.3318
HU-4756;47.9192;22.5534
HU-3400;47.8167;20.5833
HU-2321;47.1309;18.9481
HU-5243;47.5167;20.65
HU-3552;47.9833;20.9333
HU-3354;47.7833;20.25
HU-8990;46.7819;16.7295
HU-6728;46.253;20.1482
HU-3518;48.1;20.7833
HU-2215;47.3554;19.5886
HU-5141;47.4829;20.0037
HU-7062;46.6119;18.4218
HU-4127;47.1833;21.8
HU-2697;47.927;19.4408
HU-3558;48.1;20.7833
HU-7064;46.556;18.4769
HU-6710;46.253;20.1482
HU-4977;47.9666;22.84345
HU-3700;48.25;20.6333
HU-8426;47.2289;17.7915
HU-3188;48.1335;19.522
HU-3863;48.3833;21.1333
HU-9522;47.3308;17.2072
HU-4115;47.1167;21.7667
HU-8653;46.8593;18.1644
HU-9726;47.3439;16.4949
HU-6343;46.4464;19.0331
HU-8144;47.1582;18.2864
HU-4835;48.283;22.2783
HU-9131;47.5133;17.4195
HU-8300;46.865300000000005;17.43305
HU-9673;47.1637;17.0441
HU-9317;47.4642;17.304
HU-3809;48.35556666666667;20.96666666666667
HU-4126;47.25;21.8333
HU-3133;48.083;19.6026
HU-3221;47.7826;19.928
HU-8353;46.8875;17.2108
HU-9792;47.2653;16.4935
HU-3866;48.45835;21.083350000000003
HU-9339;47.5922;17.0289
HU-7966;45.8756;17.7903
HU-9797;47.1924;16.555
HU-8744;46.6277;17.0619
HU-7751;46.00555;18.462400000000002
HU-9541;47.2571;17.1503
HU-6726;46.253;20.1482
HU-9324;47.5553;17.18305
HU-3715;48.1;20.9667
HU-8435;47.4334;17.7525
HU-4737;47.957;22.6762
HU-1211;47.4984;19.0404
HU-7717;45.9503;18.7078
HU-9323;47.5804;17.1864
HU-8613;46.8386;17.9818
HU-8066;47.4295;18.2265
HU-5451;46.9;20.4
HU-4976;47.9445;22.8635
HU-8851;46.2362;17.0103
HU-8088;47.4075;18.6251
HU-8931;46.8955;16.95255
HU-5920;46.6333;20.8333
HU-3658;48.2167;20.4
HU-3374;47.7167;20.4167
HU-8092;47.2785;18.4878
HU-4525;48.2089;22.0085
HU-2856;47.5575;18.1647
HU-1034;47.4984;19.0404
HU-2883;47.5102;17.9186
HU-9362;47.5198;17.0042
HU-6767;46.4859;20.0872
HU-8415;47.2763;17.9048
HU-7726;46.1563;18.6153
HU-9444;47.59;16.8752
HU-8230;46.9619;17.8719
HU-4541;48.0303;22.0757
HU-6785;46.3285;19.685
HU-2133;47.7326;19.1475
HU-2426;46.882;18.9066
HU-9062;47.742900000000006;17.71945
HU-3718;48.1833;21.05
HU-9942;46.8693;16.3293
HU-7056;46.4755;18.6831
HU-8053;47.3235;18.2331
HU-7922;46.0913;17.7497
HU-3837;48.420825;21.025
HU-8273;46.9028;17.6394
HU-8562;47.2924;17.5715
HU-3864;48.4333;21.1167
HU-8541;47.3991;17.4709
HU-2435;46.9763;18.6464
HU-3146;48.0327;19.9476
HU-8483;47.184349999999995;17.34535
HU-6041;46.9372;19.4781
HU-4742;47.8859;22.682
HU-7681;46.153166666666664;18.050933333333337
HU-7539;46.0526;17.5502
HU-8441;47.1213;17.8138
HU-4124;47.2833;21.7833
HU-6750;46.3347;20.2085
HU-2015;47.6867;19.1059
HU-2899;47.7033;18.2575
HU-3780;48.320175;20.78525
HU-4482;48.05;21.7167
HU-3254;48.0333;20.1167
HU-8257;46.8071;17.5138
HU-9225;47.9654;17.2866
HU-6765;46.5423;19.8636
HU-6724;46.253;20.1482
HU-8171;46.9627;18.1604
HU-8478;47.1276;17.3545
HU-8044;47.2644;18.2779
HU-9835;47.0328;16.9758
HU-3459;47.8667;20.8833
HU-6422;46.2061;19.5391
HU-3531;48.1;20.7833
HU-9825;47.0384;16.8769
HU-2688;47.8257;19.4527
HU-8531;47.4334;17.3681
HU-2676;47.9791;19.4277
HU-5241;47.4667;20.6
HU-9351;47.5757;17.0743
HU-3344;48.05;20.3167
HU-9121;47.5526;17.5636
HU-1076;47.4984;19.0404
HU-8228;46.9936;17.9574
HU-3821;48.49048571428572;20.97857142857143
HU-8788;46.8867;17.1232
HU-2473;47.3626;18.6793
HU-3379;47.7167;20.55
HU-4262;47.6033;21.9721
HU-6043;46.989;19.4031
HU-9683;47.1333;16.9667
HU-2051;47.4706;18.8189
HU-9151;47.6946;17.5449
HU-3934;48.2833;21.45
HU-2462;47.316;18.7904
HU-7980;46.0;17.7
HU-9831;47.0073;16.962
HU-8935;46.83468;17.004960000000004
HU-7474;46.296;17.823050000000002
HU-3123;48.1467;19.9662
HU-2755;47.0017;19.9207
HU-9674;47.1111;17.0626
HU-9072;47.7103;17.8696
HU-3573;48.0333;20.9
HU-3591;47.8833;21.0333
HU-8651;46.894;18.1374
HU-8283;46.85;17.5139
HU-8856;46.3226;16.9704
HU-8855;46.3278;16.94
HU-7664;46.0902;18.397566666666666
HU-2614;47.8026;19.2491
HU-7043;46.6774;18.6672
HU-3906;48.2333;21.2
HU-3643;48.1833;20.4833
HU-1137;47.4984;19.0404
HU-5071;47.3;20.2667
HU-1073;47.4984;19.0404
HU-2086;47.6204;18.7778
HU-1061;47.4984;19.0404
HU-5464;46.9041;20.1537
HU-3104;48.0987;19.803
HU-3273;47.7667;20.0667
HU-5200;47.1833;20.4167
HU-7039;46.7164;18.7631
HU-3013;47.7327;19.767
HU-3877;48.5167;21.2667
HU-3871;48.35;21.15
HU-6763;46.3431;20.0402
HU-1024;47.4984;19.0404
HU-8081;47.3167;18.4081
HU-8046;47.2457;18.1954
HU-2870;47.5029;18.0367
HU-8330;46.977;17.2821
HU-3770;48.2167;20.7167
HU-2316;47.3218;18.9625
HU-4150;47.3167;21.1167
HU-9141;47.655;17.5275
HU-9681;47.1997;16.955
HU-3321;47.9333;20.3
HU-3647;48.1667;20.3833
HU-1078;47.4984;19.0404
HU-7186;46.35205;18.4469
HU-4945;48.0857;22.635
HU-9636;47.3296;16.8523
HU-4968;47.9739;22.7661
HU-9330;47.5922;17.0289
HU-7839;45.81625;17.9024
HU-8469;47.1333;17.2
HU-8626;46.7714;17.8252
HU-6136;46.4631;19.6076
HU-7742;46.0873;18.3231
HU-6449;46.2151;19.381
HU-1038;47.4984;19.0404
HU-2750;47.0342;19.7786
HU-7752;45.9964;18.5117
HU-3369;47.6833;20.2333
HU-8792;47.0069;17.0249
HU-5551;46.8333;20.65
HU-8654;46.8366;18.1014
HU-2377;47.1299;19.4332
HU-9552;47.2081;17.0651
HU-2336;47.2786;19.0662
HU-7479;46.3424;17.8787
HU-8265;46.8329;17.43
HU-2471;47.2822;18.7585
HU-2364;47.2999;19.2306
HU-2835;47.6529;18.3184
HU-8887;46.539699999999996;16.72285
HU-2669;48.0608;19.1072
HU-4002;47.5333;21.6333
HU-8743;46.6413;17.1125
HU-3598;47.9667;20.95
HU-7452;46.4598;17.8053
HU-3816;48.4333;20.9833
HU-1015;47.4984;19.0404
HU-9652;47.4026;17.0196
HU-6211;46.672;19.3868
HU-3250;48.0167;20.1
HU-9024;47.6833;17.6351
HU-8356;46.9337;17.1678
HU-6097;46.9557;19.2892
HU-8796;46.9837;17.1074
HU-9064;47.7552;17.6477
HU-3378;47.75;20.5333
HU-5931;46.6833;20.6667
HU-2365;47.262;19.327
HU-3589;47.8333;21.0167
HU-6500;46.183;18.9531
HU-7393;46.2069;18.0007
HU-4252;47.6975;21.9188
HU-4025;47.5333;21.6333
HU-4546;48.1764;22.1117
HU-7693;46.0833;18.2333
HU-9241;47.7862;17.136
HU-3021;47.733;19.6787
HU-4338;47.9833;22.25
HU-9073;47.65;17.8698
HU-5300;47.3167;20.9333
HU-3383;47.55;20.3667
HU-5359;47.6167;20.7667
HU-3162;48.1036;19.6798
HU-4483;48.1;21.65
HU-9085;47.5702;17.7856
HU-4332;47.899;22.161
HU-8596;47.2644;17.4877
HU-3875;48.4833;21.2167
HU-7191;46.497;18.4184
HU-3165;48.1271;19.5771
HU-4251;47.6;21.7667
HU-4492;48.2333;21.9333
HU-8164;47.0208;18.2126
HU-7673;46.079899999999995;18.130850000000002
HU-3565;48.0377;21.0726
HU-8071;47.291;18.3265
HU-3897;48.5;21.2833
HU-7144;46.2843;18.76
HU-3773;48.19165;20.69165
HU-8191;47.16;18.0733
HU-6766;46.4378;20.1375
HU-4966;47.9954;22.6889
HU-5462;46.9598;20.1975
HU-7512;46.2431;17.5303
HU-4731;47.9667;22.4667
HU-6055;47.0672;19.4971
HU-1083;47.4984;19.0404
HU-7535;46.1475;17.6481
HU-4767;47.8725;22.6551
HU-4232;47.7667;21.7833
HU-2230;47.4273;19.4013
HU-4954;48.0551;22.7487
HU-7133;46.4648;18.8192
HU-3996;48.55;21.4667
HU-3291;47.6843;19.9292
HU-8627;46.7528;17.8601
HU-1032;47.4984;19.0404
HU-5322;47.4833;20.7333
HU-8000;47.1899;18.4103
HU-2766;47.3361;19.8772
HU-2535;47.7284;18.5974
HU-5065;47.2667;20.45
HU-3576;48.0;20.95
HU-8723;46.4342;17.2163
HU-8456;47.1821;17.4588
HU-8683;46.7082;17.766
HU-3417;47.9333;20.5667
HU-9464;47.4891;16.6957
HU-5081;47.1833;20.3
HU-5526;47.15;21.0667
HU-8484;47.21286666666666;17.34866666666667
HU-8617;46.8304;17.9005
HU-4263;47.5833;21.9
HU-3551;48.0;20.9167
HU-9724;47.3428;16.5738
HU-7439;46.4944;17.6504
HU-7441;46.4606;17.7745
HU-4136;47.0167;21.6
HU-2040;47.4618;18.9585
HU-2213;47.3;19.5167
HU-7042;46.7122;18.6088
HU-4932;48.145;22.5139
HU-3155;47.9856;19.9402
HU-7815;45.85;18.2367
HU-7475;46.2417;17.8499
HU-3571;48.0698;20.8805
HU-5051;47.2667;20.1333
HU-8433;47.4121;17.8403
HU-6238;46.4774;19.3122
HU-7926;46.1829;17.7242
HU-4033;47.5333;21.6333
HU-6332;46.5701;18.9012
HU-3141;48.0987;19.803
HU-2085;47.6139;18.9089
HU-8429;47.3075;17.815
HU-7743;46.0872;18.3394
HU-4146;46.9833;21.3667
HU-6921;46.2667;20.35
HU-9834;47.0479;16.9549
HU-9326;47.5011;17.2331
HU-8127;47.0291;18.5217
HU-9474;47.43455;16.70525
HU-7011;46.7991;18.6894
HU-4511;48.0572;21.8824
HU-3872;48.4;21.1833
HU-4467;48.1833;21.5
HU-3712;48.19085;20.8324
HU-3932;48.2667;21.3667
HU-4181;47.4167;21.1667
HU-8668;46.7027;18.0974
HU-9913;46.99816666666667;16.677333333333333
HU-7215;46.4811;18.0516
HU-8852;46.2826;16.9487
HU-7015;46.7814;18.5157
HU-4242;47.6833;21.6667
HU-7782;45.8647;18.5864
HU-7762;46.0111;18.2734
HU-2490;47.1372;18.767
HU-8446;47.1455;17.6228
HU-1115;47.4984;19.0404
HU-3595;47.9333;20.8833
HU-3972;48.2333;21.7833
HU-4535;48.0188;21.961
HU-9022;47.6833;17.6351
HU-2823;47.5105;18.3667
HU-3064;47.8592;19.6922
HU-3464;47.6833;20.75
HU-1173;47.4984;19.0404
HU-9684;47.119;16.9084
HU-5123;47.6424;19.9804
HU-1157;47.4984;19.0404
HU-8921;46.892775;16.90425
HU-2652;47.9491;19.201
HU-3175;48.0342;19.5783
HU-3956;48.2167;21.5167
HU-2854;47.5191;18.2263
HU-7356;46.2781;18.4702
HU-5122;47.5661;20.0153
HU-5361;47.5333;20.8
HU-9791;47.23745;16.52585
HU-7349;46.2767;18.3757
HU-5310;47.2167;20.7667
HU-4962;47.9641;22.6079
HU-1108;47.4984;19.0404
HU-3034;47.8;19.7667
HU-8912;46.91145;16.83715
HU-8771;46.6399;16.9228
HU-3360;47.6;20.2833
HU-9739;47.3366;16.628866666666667
HU-2113;47.6726;19.3079
HU-3336;47.9833;20.2667
HU-7827;45.7847;18.415750000000003
HU-8893;46.57325;16.82965
HU-3074;47.9873;19.7247
HU-8693;46.65375;17.6516
HU-1117;47.4984;19.0404
HU-5135;47.5222;20.2446
HU-6067;46.8128;19.9984
HU-9462;47.497;16.761
HU-7636;46.0833;18.2333
HU-2475;47.24;18.6756
HU-7724;46.1619;18.5588
HU-7976;45.9634;17.670650000000002
HU-8418;47.3432;17.9273
HU-8475;47.084666666666664;17.26216666666667
HU-8492;47.1635;17.2738
HU-1151;47.4984;19.0404
HU-2740;47.1899;20.0048
HU-6447;46.1971;19.1869
HU-4352;47.7882;22.3804
HU-7763;45.97246;18.30984
HU-5324;47.4333;20.7167
HU-2862;47.4024;18.0713
HU-9461;47.5014;16.7863
HU-3873;48.4167;21.1833
HU-2225;47.3877;19.3553
HU-8518;47.4267;17.2323
HU-8741;46.75615;17.10605
HU-8126;46.9719;18.5659
HU-3764;48.5167;20.75
HU-3594;47.9;20.9167
HU-1101;47.4984;19.0404
HU-3887;48.35;21.2
HU-9821;46.98265000000001;16.8283
HU-2541;47.7473;18.4962
HU-8112;47.1333;18.6833
HU-9200;47.8679;17.2699
HU-7132;46.3864;18.8296
HU-9748;47.2814;16.776
HU-8256;46.82175;17.55305
HU-2500;47.7928;18.7415
HU-5475;46.8055;20.1327
HU-9473;47.4659;16.7647
HU-7175;46.4668;18.5291
HU-7355;46.2791;18.4549
HU-5516;46.9667;21.0833
HU-9011;47.6833;17.6351
HU-8162;47.0659;18.1729
HU-5940;46.4167;20.7333
HU-6300;46.5298;18.9728
HU-4763;47.8189;22.6046
HU-1026;47.4984;19.0404
HU-8458;47.1556;17.4164
HU-4953;48.0548;22.8634
HU-9165;47.708933333333334;17.290033333333337
HU-8412;47.0933;17.9115
HU-9475;47.4421;16.6715
HU-2831;47.6104;18.5107
HU-2255;47.5195;19.7529
HU-3532;48.1;20.7833
HU-2099;47.6914;18.905
HU-6235;46.6097;19.4844
HU-8886;46.5329;16.8375
HU-7014;46.7809;18.5924
HU-8722;46.4331;17.2475
HU-6344;46.3986;19.1206
HU-4564;48.0667;22.2
HU-4834;48.2586;22.3008
HU-3077;47.9742;19.7805
HU-8561;47.3034;17.5409
HU-6623;46.6167;20.55
HU-7184;46.3723;18.3683
HU-8193;47.1304;18.0318
HU-4554;48.0061;21.9276
HU-6729;46.253;20.1482
HU-3842;48.25;21.0
HU-2038;47.4066;18.8225
HU-3882;48.303349999999995;21.2166
HU-7143;46.3137;18.7575
HU-4324;47.8608;21.9393
HU-9341;47.5138;17.0951
HU-3070;47.9696;19.8408
HU-7755;45.9156;18.5422
HU-8226;46.9913;17.9756
HU-8192;47.1451;18.0196
HU-9722;47.2915;16.5757
HU-9173;47.7565;17.5622
HU-3999;48.55;21.4167
HU-8708;46.5085;17.5664
HU-8314;46.7574;17.3117
HU-6786;46.2881;19.7471
HU-3170;48.0806;19.5202
HU-8776;46.5487;16.9296
HU-7727;46.1269;18.642
HU-9632;47.4026;16.8541
HU-6328;46.644;18.9963
HU-4524;48.1766;22.0627
HU-2730;47.2431;19.6169
HU-2693;47.9092;19.3763
HU-8237;46.9137;17.8892
HU-5662;46.55;20.8833
HU-8981;46.75555;16.7773
HU-7728;46.07575;18.64295
HU-6120;46.4903;19.74
HU-5471;46.8851;20.1255
HU-4134;47.1167;21.5667
HU-8468;47.0846;17.4764
HU-8315;46.7706;17.2866
HU-1064;47.4984;19.0404
HU-5650;46.8167;21.0333
HU-9961;46.9409;16.4225
HU-8055;47.3135;18.1895
HU-9316;47.4591;17.3294
HU-9548;47.0936;17.1903
HU-4491;48.1953;21.8703
HU-4941;47.9962;22.5639
HU-8986;46.74213333333333;16.604233333333333
HU-5130;47.5167;20.15
HU-3396;47.8;20.35
HU-9471;47.4833;16.8056
HU-5349;47.25;20.6833
HU-8694;46.6465;17.6878
HU-4643;48.2993;22.2433
HU-8455;47.0612;17.4498
HU-7668;46.0314;18.200666666666667
HU-4275;47.4;21.7833
HU-8220;47.0353;18.0208
HU-7747;45.98545;18.403950000000002
HU-6725;46.253;20.1482
HU-3562;48.1167;20.9167
HU-1106;47.4984;19.0404
HU-8854;46.2843;16.9272
HU-8121;47.0824;18.3998
HU-2181;47.6653;19.4361
HU-7285;46.6064;18.028266666666667
HU-8918;46.80845;16.702849999999998
HU-4026;47.5333;21.6333
HU-8183;47.0833;18.0833
HU-7915;45.9836;17.8308
HU-6932;46.1667;20.6167
HU-3874;48.46666666666667;21.155566666666665
HU-7342;46.35;18.2324
HU-1139;47.4984;19.0404
HU-8142;47.1386;18.338
HU-8958;46.6048;16.6134
HU-3655;48.2833;20.3833
HU-7957;45.9259;17.8751
HU-7171;46.3927;18.6534
HU-8123;47.0148;18.4534
HU-8543;47.4461;17.5316
HU-3264;47.85;20.15
HU-4174;47.2167;21.3667
HU-2376;47.1624;19.433
HU-8630;46.7752;17.6441
HU-2657;47.9294;19.1093
HU-4515;48.1167;21.8833
HU-6775;46.1833;20.4333
HU-3957;48.1833;21.4667
HU-1033;47.4984;19.0404
HU-2111;47.6333;19.3167
HU-4494;48.2492;22.0057
HU-7185;46.3553;18.4196
HU-2885;47.4671;17.9041
HU-9422;47.6333;16.6
HU-6762;46.3609;20.0989
HU-2612;47.8079;19.1782
HU-7332;46.2527;18.3119
HU-8296;46.9204;17.536
HU-7536;46.1304;17.6665
HU-8671;46.7284;17.9725
HU-9096;47.5436;17.8083
HU-4623;48.3441;22.1176
HU-4496;48.2899;22.019
HU-4028;47.5333;21.6333
HU-3296;47.65;20.1167
HU-9836;47.0667;16.95
HU-3282;47.6833;20.1167
HU-6237;46.5253;19.2519
HU-2011;47.6167;19.05
HU-8233;46.9657;17.8261
HU-7718;45.9006;18.6597
HU-7628;46.0833;18.2333
HU-2900;47.7432;18.1191
HU-8430;47.3701;17.8807
HU-2644;47.9743;19.1168
HU-6646;46.6172;20.0436
HU-7757;46.02495;18.53405
HU-1202;47.4984;19.0404
HU-8997;46.8893;16.6277
HU-3714;48.1667;20.85
HU-2463;47.344;18.7525
HU-7383;46.234033333333336;17.9869
HU-7843;45.820679999999996;18.098360000000003
HU-7582;46.014250000000004;17.372950000000003
HU-7561;46.3878;17.5391
HU-7683;46.0902;17.974333333333334
HU-3348;48.1;20.4
HU-4556;47.9405;21.9831
HU-3992;48.433350000000004;21.54165
HU-6768;46.543;20.1021
HU-2373;47.1859;19.3109
HU-1028;47.4984;19.0404
HU-4762;47.8538;22.5633
HU-9932;46.881;16.4968
HU-7195;46.4309;18.3911
HU-4300;47.8333;22.1333
HU-8482;47.1655;17.379
HU-4266;47.6188;22.0835
HU-8316;46.85695;17.2993
HU-9736;47.4288;16.777
HU-3931;48.15;21.2667
HU-6421;46.2801;19.4895
HU-9028;47.6833;17.6351
HU-8409;47.085;17.6439
HU-8778;46.5403;16.9928
HU-4843;48.12;22.4746
HU-3800;48.2;20.9333
HU-4137;47.0167;21.55
HU-4942;47.9955;22.6204
HU-1112;47.4984;19.0404
HU-7836;45.91805;18.03115
HU-7759;46.02055;18.59585
HU-9676;47.0968;17.0233
HU-3357;47.7167;20.1667
HU-3977;48.3574;22.0807
HU-3743;48.35;20.65
HU-3561;48.1;20.8667
HU-2114;47.5639;19.5127
HU-3394;47.8667;20.3333
HU-3627;48.19165;20.125
HU-9142;47.6322;17.48
HU-8625;46.7899;17.8387
HU-5904;46.5667;20.6667
HU-1116;47.4984;19.0404
HU-3016;47.6029;19.6884
HU-7624;46.0833;18.2333
HU-7135;46.5285;18.8177
HU-2832;47.6493;18.5097
HU-6423;46.1968;19.6166
HU-4371;47.6931;22.0448
HU-5510;47.0333;20.9667
HU-6412;46.351;19.5403
HU-3950;48.3245;21.5738
HU-9512;47.3287;17.0412
HU-4456;48.0167;21.1667
HU-8445;47.16315;17.66755
HU-3257;48.0546;20.1633
HU-8673;46.7183;17.9098
HU-9343;47.45666666666667;17.113733333333332
HU-8822;46.56;17.0783
HU-9481;47.5849;16.7691
HU-7631;46.0833;18.2333
HU-2625;47.877;18.9334
HU-8600;46.9041;18.058
HU-7666;45.98;18.26
HU-2944;47.6517;17.9218
HU-8648;46.6974;17.3708
HU-7282;46.6171;17.8542
HU-3892;48.4333;21.2833
HU-8971;46.69315;16.55405
HU-3142;48.0549;19.8957
HU-9730;47.3892;16.541
HU-7537;46.1183;17.5747
HU-1125;47.4984;19.0404
HU-3943;48.2833;21.5167
HU-7121;46.2752;18.6384
HU-3324;47.9667;20.4167
HU-9555;47.1415;17.1038
HU-8900;46.84;16.8439
HU-2096;47.5967;19.0158
HU-7712;46.0874;18.7587
HU-3980;48.3949;21.6587
HU-7541;46.3343;17.4532
HU-7811;45.928133333333335;18.22608333333333
HU-7953;45.9992;17.9691
HU-3462;47.7;20.6667
HU-3066;47.940266666666666;19.55513333333333
HU-1132;47.4984;19.0404
HU-3259;48.0667;20.2
HU-4566;48.1167;22.2333
HU-6050;47.0213;19.5617
HU-3987;48.3;21.7167
HU-5675;46.65;20.9667
HU-7147;46.2517;18.6574
HU-3023;47.7696;19.6999
HU-7985;46.0321;17.66035
HU-4547;48.1579;22.1396
HU-6075;46.7129;19.3869
HU-6446;46.2473;19.1414
HU-1074;47.4984;19.0404
HU-5358;47.6167;20.7667
HU-8292;47.0014;17.6121
HU-9747;47.3013;16.7528
HU-3377;47.7667;20.4833
HU-2611;47.8912;19.1969
HU-7639;46.04205;18.219099999999997
HU-2118;47.52;19.544
HU-2668;48.0651;19.3468
HU-8060;47.3779;18.2035
HU-8346;47.0213;17.1876
HU-3775;48.2;20.65
HU-2116;47.5438;19.6105
HU-6133;46.5669;19.7606
HU-2645;48.005;19.0905
HU-3958;48.3333;21.5333
HU-8181;47.1113;18.1295
HU-4176;47.25;21.3667
HU-8966;46.624;16.5386
HU-9547;47.1151;17.1995
HU-6511;45.9727;19.0362
HU-4936;48.1997;22.4091
HU-8705;46.6417;17.4736
HU-3575;48.0167;20.95
HU-7525;46.3338;17.5525
HU-3181;48.1372;19.7519
HU-4254;47.6975;21.9188
HU-9798;47.1425;16.5815
HU-4961;47.9493;22.5911
HU-7625;46.0833;18.2333
HU-1027;47.4984;19.0404
HU-6917;46.3667;20.7333
HU-7940;46.04403333333334;17.969833333333334
HU-9181;47.8173;17.3664
HU-7711;46.0531;18.7164
HU-9099;47.6115;17.8063
HU-6900;46.2167;20.4833
HU-5125;47.5559;19.7966
HU-4336;47.9721;22.1874
HU-3046;47.8244;19.5835
HU-9633;47.4252;16.842
HU-3432;47.9333;20.8167
HU-9921;47.0131;16.5128
HU-6806;46.4167;20.3333
HU-2458;47.05;18.9167
HU-5053;47.3167;20.1
HU-3508;48.1;20.7833
HU-8978;46.61670000000001;16.486024999999998
HU-4646;48.3451;22.2155
HU-3574;48.05;20.9667
HU-7623;46.0833;18.2333
HU-4921;48.060050000000004;22.5128
HU-9322;47.5878;17.1696
HU-5520;47.0333;21.1667
HU-9923;46.9987;16.5279
HU-2200;47.3513;19.4473
HU-3240;47.9232;20.0297
HU-3519;48.1;20.7833
HU-4811;48.1541;22.298
HU-3343;48.0833;20.2833
HU-7958;45.9044;17.8577
HU-3501;48.1;20.7833
HU-8761;46.7335;17.01195
HU-7461;46.4073;17.8745
HU-2654;47.9262;19.2572
HU-3661;48.2167;20.3
HU-8344;47.0511;17.14915
HU-4933;48.1662;22.552
HU-4943;48.0254;22.5884
HU-4211;47.4667;21.5
HU-8448;47.102;17.5589
HU-4845;48.1525;22.428
HU-2427;46.882;18.9066
HU-8360;46.7681;17.2432
HU-8242;46.9096;17.809649999999998
HU-5534;46.9;21.35
HU-3000;47.6667;19.6833
HU-9531;47.2888;17.2044
HU-4517;48.15;21.95
HU-2532;47.7339;18.6895
HU-4974;47.9068;22.7992
HU-5350;47.6167;20.7667
HU-7187;46.2992;18.5302
HU-6754;46.186;20.1845
HU-6000;46.9062;19.6913
HU-9777;47.073;16.7424
HU-4161;47.3;21.2333
HU-2243;47.4855;19.5788
HU-2378;47.1716;19.4992
HU-2943;47.61825;17.9893
HU-5538;46.9667;21.6
HU-8194;47.1106;18.0609
HU-8414;47.244;17.9053
HU-7557;45.96;17.4586
HU-4911;48.0056;22.447
HU-7025;46.741;18.9674
HU-3386;47.5833;20.6
HU-9943;46.8978;16.3977
HU-2366;47.242;19.3647
HU-2673;48.0539;19.4307
HU-8762;46.762100000000004;17.05535
HU-5091;47.1;20.15
HU-7553;46.1416;17.435
HU-3163;48.120400000000004;19.64795
HU-1091;47.4984;19.0404
HU-8745;46.6247;17.046
HU-2613;47.7921;19.2179
HU-3036;47.8137;19.8672
HU-9754;47.2081;16.831000000000003
HU-9146;47.5577;17.3275
HU-9556;47.1306;17.132
HU-7136;46.4465;18.7357
HU-9164;47.6819;17.3101
HU-2653;47.925;19.1736
HU-8904;46.84;16.8439
HU-3722;48.3667;20.6
HU-2192;47.6333;19.5167
HU-5665;46.55;20.9833
HU-1174;47.4984;19.0404
HU-9375;47.420366666666666;16.95286666666667
HU-7814;45.921275;18.134175
HU-7473;46.27246666666667;17.893533333333334
HU-3927;48.05;21.35
HU-3893;48.39443333333333;21.327766666666665
HU-3042;47.7953;19.5962
HU-8281;46.8869;17.5635
HU-1172;47.4984;19.0404
HU-8948;46.700900000000004;16.6888
HU-3725;48.4167;20.55
HU-1162;47.4984;19.0404
HU-4821;47.9977;22.3262
HU-3384;47.5;20.5
HU-8380;46.7903;17.1841
HU-2233;47.4439;19.3245
HU-8976;46.70855;16.4497
HU-3993;48.4833;21.5333
HU-5752;46.5;21.0333
HU-9841;47.1038;16.8722
HU-5903;46.5667;20.6667
HU-5525;47.1;21.2167
HU-8495;47.2164;17.2566
HU-3592;47.8833;20.9667
HU-8784;46.8418;17.0928
HU-6086;46.9757;19.0118
HU-8928;46.8013;16.9125
HU-7563;46.2901;17.3003
HU-6636;46.4886;20.232
HU-6008;46.9062;19.6913
HU-3933;48.25;21.4333
HU-2209;47.391;19.4098
HU-8591;47.30155;17.46205
HU-8885;46.50895;16.7941
HU-8782;46.81243333333333;17.072133333333337
HU-2858;47.498;18.1427
HU-7182;46.3945;18.4163
HU-5623;46.6833;21.1
HU-4951;48.0976;22.8178
HU-3353;47.8;20.2333
HU-8861;46.4337;16.903
HU-2747;47.1221;19.9371
HU-8439;47.4449;17.8781
HU-9153;47.7195;17.4847
HU-7305;46.2221;18.2112
HU-4912;48.021;22.4224
HU-3176;47.998;19.5941
HU-3300;47.9026;20.3733
HU-1131;47.4984;19.0404
HU-7094;46.5947;18.1099
HU-9511;47.2905;17.1272
HU-4495;48.2625;22.0634
HU-3998;48.5;21.45
HU-8419;47.3566;17.8852
HU-7847;45.83463333333333;18.184066666666666
HU-2640;47.8555;19.1044
HU-2545;47.7287;18.3223
HU-3572;48.05;20.9
HU-2318;47.2285;18.9604
HU-5500;46.9333;20.8333
HU-5212;47.1833;20.4167
HU-9373;47.4857;16.9021
HU-3521;48.1;20.7833
HU-3779;48.2167;20.65
HU-4244;47.8;21.6833
HU-7174;46.4401;18.5224
HU-7761;46.02443333333334;18.333133333333336
HU-1051;47.4984;19.0404
HU-8571;47.3303;17.6867
HU-2821;47.5926;18.6445
HU-3941;48.2667;21.4667
HU-8143;47.1532;18.3388
HU-9800;47.0493;16.7995
HU-2423;46.8933;18.8552
HU-2459;47.0226;18.9406
HU-7733;46.09185;18.51845
HU-6326;46.6976;19.0311
HU-5727;46.8;21.5
HU-2760;47.4151;19.7441
HU-6792;46.3257;19.9746
HU-7826;45.7895;18.3057
HU-7341;46.3404;18.1577
HU-2635;47.9791;18.7832
HU-8660;46.75796;18.02312
HU-4024;47.5333;21.6333
HU-7027;46.6221;18.8557
HU-3648;48.14443333333333;20.366666666666667
HU-9737;47.3849;16.7507
HU-9312;47.5396;17.2562
HU-4555;47.9628;21.9854
HU-7146;46.252;18.685
HU-8282;46.8734;17.5526
HU-4432;47.9554;21.7167
HU-3424;47.95;20.6167
HU-1163;47.4984;19.0404
HU-8454;47.0043;17.4517
HU-9936;46.8603;16.5003
HU-3881;48.30553333333333;21.27776666666667
HU-6077;46.7509;19.4726
HU-9438;47.6352;16.8618
HU-3031;47.777;19.6709
HU-4264;47.5531;22.024
HU-2093;47.5569;18.8021
HU-4764;47.8059;22.6269
HU-3398;47.8167;20.4167
HU-5900;46.5667;20.6667
HU-3843;48.2509;21.0346
HU-2212;47.3;19.4333
HU-3623;48.1833;20.2
HU-3672;48.1167;20.25
HU-4030;47.5333;21.6333
HU-8416;47.3105;17.9445
HU-2694;47.96913333333333;19.343633333333333
HU-1007;47.4984;19.0404
HU-7272;46.4391;18.0113
HU-5643;46.8667;21.1833
HU-8800;46.4535;16.991
HU-4116;47.0667;21.6833
HU-2533;47.7278;18.5559
HU-4446;48.05;21.4667
HU-4641;48.273;22.2224
HU-3065;47.9202;19.6983
HU-3184;48.1966;19.6373
HU-8789;46.9447;17.0793
HU-9745;47.3333;16.7
HU-7523;46.34655;17.64835
HU-6323;46.8381;18.9543
HU-8882;46.474;16.8835
HU-5621;46.8667;20.9333
HU-3848;48.2833;21.0333
HU-1124;47.4984;19.0404
HU-9433;47.6217;16.8709
HU-2177;47.7667;19.55
HU-8975;46.7235;16.4151
HU-1081;47.4984;19.0404
HU-8132;46.9904;18.2436
HU-2053;47.5031;18.7506
HU-7661;46.084;18.460675
HU-6320;46.801;19.001
HU-8345;47.0307;17.168
HU-8914;46.9453;16.8689
HU-8555;47.4124;17.734
HU-3390;47.75;20.4167
HU-2851;47.5467;18.3208
HU-8883;46.4692;16.8631
HU-3744;48.2667;20.6833
HU-4534;48.0578;21.9388
HU-8146;47.1046;18.2509
HU-2472;47.3242;18.7235
HU-3526;48.1;20.7833
HU-7300;46.1928;18.2649
HU-2637;47.9935;18.8573
HU-8319;46.8703;17.3587
HU-2424;46.8309;18.8348
HU-7455;46.52;17.7842
HU-1185;47.4984;19.0404
HU-1065;47.4984;19.0404
HU-9494;47.685;16.5905
HU-2641;47.8888;19.0736
HU-3954;48.2;21.6667
HU-6413;46.3609;19.4145
HU-2617;47.8758;19.244
HU-9092;47.5;17.7833
HU-3232;47.7826;19.928
HU-8093;47.31;18.5518
HU-1142;47.4984;19.0404
HU-2145;47.5601;19.2829
HU-2484;47.2094;18.6361
HU-7766;45.9555;18.37625
HU-3732;48.3167;20.6333
HU-8746;46.6185;17.1184
HU-9090;47.5495;17.7554
HU-9029;47.6833;17.6351
HU-5222;47.2;20.5833
HU-4732;47.9337;22.5463
HU-3997;48.5167;21.4667
HU-7072;46.5331;18.4434
HU-8253;46.8257;17.6197
HU-2162;47.6871;19.2824
HU-2942;47.6409;18.0813
HU-8751;46.538;17.1809
HU-4627;48.4118;22.2195
HU-5061;47.3833;20.4
HU-9946;46.7492;16.3608
HU-4836;48.3311;22.2653
HU-1133;47.4984;19.0404
HU-3973;48.2556;21.8919
HU-3443;47.8167;20.7333
HU-9826;46.9809;16.7866
HU-1035;47.4984;19.0404
HU-4235;47.8167;21.85
HU-1194;47.4984;19.0404
HU-7773;45.8832;18.44375
HU-8474;47.0136;17.2911
HU-1114;47.4984;19.0404
HU-2407;46.9674;18.9329
HU-4079;47.5333;21.6333
HU-3022;47.733;19.6787
HU-3847;48.2565;21.0752
HU-8274;46.8826;17.6053
HU-8996;46.8619;16.6579
HU-9442;47.6056;16.909
HU-8246;47.0095;17.7892
HU-6795;46.3184;19.9231
HU-3179;48.0078;19.5033
HU-6351;46.488;18.9542
HU-8947;46.691;16.7607
HU-9662;47.37935;16.87795
HU-4537;48.0185;22.0464
HU-8877;46.5218;16.5553
HU-1165;47.4984;19.0404
HU-2887;47.4053;18.0062
HU-5712;46.6167;21.1
HU-7457;46.551;17.8531
HU-9025;47.6833;17.6351
HU-5055;47.3667;20.1667
HU-3212;47.7416;19.9288
HU-1123;47.4984;19.0404
HU-4246;47.9554;21.7167
HU-2317;47.2649;18.9705
HU-4142;47.1333;21.4333
HU-1203;47.4984;19.0404
HU-9781;47.0584;16.6891
HU-2824;47.4748;18.3967
HU-9799;47.0927;16.4781
HU-8640;46.7555;17.5795
HU-1204;47.4984;19.0404
HU-9176;47.7956;17.4754
HU-6411;46.406;19.6815
HU-2746;47.05;20.0667
HU-7477;46.2838;17.727700000000002
HU-3564;48.0667;20.9833
HU-4362;47.7634;21.9813
HU-6456;46.0587;19.2612
HU-3418;47.7667;20.6667
HU-4487;48.1888;21.83
HU-4464;48.05;21.4667
HU-7585;46.1084;17.343
HU-1107;47.4984;19.0404
HU-4533;48.0051;21.88
HU-7458;46.5586;17.7734
HU-2235;47.4313;19.4563
HU-4110;47.1333;21.7167