PK-39424;31.7806;73.7236
PK-47990;33.1281;73.3213
PK-45640;33.6228;73.238
PK-49380;33.007;73.5499
PK-51032;32.424;74.3605
PK-43200;33.23;72.2502
PK-68214;26.1471;68.7178
PK-77214;27.7021;67.8117
PK-47560;33.2314;73.2982
PK-80100;29.0362;69.1585
PK-55180;31.1707;74.1013
PK-23500;34.0678;72.5838
PK-75600;24.7961;66.9746
PK-75070;24.8764;67.1927
PK-26020;34.8574;72.4669
PK-22220;34.0978;73.347
PK-69310;24.9679;69.2973
PK-42430;32.468;71.8362
PK-34382;30.1071;71.2491
PK-28180;33.5982;71.092
PK-22580;35.4624;73.1258
PK-28350;32.8258;70.7811
PK-65040;28.0214;69.5491
PK-77310;27.7666;68.1013
PK-26410;33.2724;71.1821
PK-41220;32.3917;72.0943
PK-75000;24.8764;67.1927
PK-67190;26.7669;67.9907
PK-82300;30.1008;67.9382
PK-22180;34.3054;73.4335
PK-68070;25.7838;68.8581
PK-75760;24.8847;66.9955
PK-37340;31.0612;72.9586
PK-12110;33.6955;73.9189
PK-59340;29.6243;71.9144
PK-46050;33.5854;73.0244
PK-50380;32.5654;73.6374
PK-65170;27.692;68.895
PK-70100;24.9256;66.9646
PK-39150;31.4346;73.7318
PK-44040;33.7215;73.0433
PK-15900;36.6127;74.8637
PK-43670;32.7503;74.1897
PK-43580;33.8636;72.4517
PK-24500;33.9406;71.5456
PK-54782;28.1598;70.6959
PK-47140;33.92;73.401
PK-40184;30.6624;71.2275
PK-47100;33.8357;73.2969
PK-35180;31.1645;72.0985
PK-67500;26.2958;68.6292
PK-68080;25.8139;68.9439
PK-85100;30.7266;67.8233
PK-60650;28.2279;67.8512
PK-43252;33.7067;72.2597
PK-68330;25.8268;69.3753
PK-73240;24.5469;67.628
PK-66080;27.5873;68.5959
PK-26000;34.8574;72.4669
PK-72200;24.656;68.837
PK-12460;33.9759;73.6554
PK-75460;34.1986;72.0941
PK-54570;31.5242;74.2631
PK-24680;34.221;71.5962
PK-48700;33.0676;72.9738
PK-68010;26.0981;68.4814
PK-24010;34.0038;72.1273
PK-29310;31.7325;70.3372
PK-49332;32.9487;73.4591
PK-22844;34.0428;72.7739
PK-50870;32.8434;74.2335
PK-24320;33.988;71.6649
PK-24230;33.8908;71.8286
PK-69012;25.51;69.7132
PK-75180;24.8343;67.1755
PK-15350;36.1803;72.7588
PK-73040;24.7177;68.12
PK-49080;32.6505;73.2212
PK-52104;31.8253;73.1769
PK-21080;34.6627;72.9425
PK-84200;28.4625;70.2153
PK-70200;25.2187;68.4807
PK-60600;28.2279;67.8512
PK-47784;33.209;73.0496
PK-44210;33.7215;73.0433
PK-67220;26.1818;68.2553
PK-46510;33.6127;73.0288
PK-58150;30.5074;72.0788
PK-22250;34.098;73.3768
PK-86410;30.5852;66.8725
PK-37600;31.1971;73.107
PK-72110;24.9839;68.8537
PK-77200;27.5789;68.1173
PK-22080;34.1648;73.2655
PK-65130;27.7706;69.1004
PK-75190;24.8104;67.1333
PK-50330;32.5654;73.6374
PK-63274;29.1819;71.5224
PK-50110;32.7992;73.7895
PK-42250;32.7023;71.7868
PK-10070;33.1617;73.9956
PK-26110;33.5488;71.3161
PK-19230;32.5607;70.9172
PK-43052;33.2332;71.9321
PK-43460;33.8821;72.4925
PK-54660;31.5134;74.3467
PK-52390;31.9552;74.0781
PK-46030;33.5999;73.0217
PK-26054;34.8574;72.4669
PK-71000;25.181;67.8367
PK-47360;33.7308;73.5465
PK-75290;24.9224;67.134
PK-49720;32.7301;73.593
PK-17234;35.3941;71.6781
PK-12620;33.9716;73.5741
PK-57480;30.1778;73.0651
PK-15600;36.3154;74.6527
PK-32160;30.6615;70.5658
PK-50410;32.5158;73.5032
PK-55142;31.2208;74.2548
PK-24030;33.9769;72.1817
PK-89350;27.7363;67.1728
PK-39320;31.706;74.1829
PK-41010;32.9553;70.6415
PK-51510;32.1907;74.3957
PK-28490;32.9406;70.6585
PK-48870;32.9158;72.9616
PK-47234;33.7281;73.0908
PK-41024;32.3063;72.2481
PK-43040;33.1769;71.8412
PK-52100;31.8253;73.1769
PK-61160;29.9594;72.0697
PK-28310;32.8903;70.6369
PK-59030;30.215;71.5492
PK-54850;30.417;73.105
PK-73260;24.6769;67.5995
PK-52360;31.3659;73.9227
PK-43360;33.287;72.5766
PK-50810;32.7011;74.3704
PK-47266;33.7659;73.5035
PK-34120;30.1638;70.9562
PK-81400;29.4749;67.6517
PK-14400;35.0322;75.1049
PK-75730;24.8847;66.9955
PK-88210;27.2318;65.6633
PK-66104;27.2684;68.7397
PK-85230;29.8036;68.4128
PK-88310;28.9437;66.6723
PK-55300;31.0267;73.8279
PK-30010;31.9111;72.3021
PK-62040;29.6274;72.1799
PK-24182;33.9897;71.8831
PK-62024;29.1934;72.8552
PK-43020;33.1258;71.8517
PK-55030;30.9868;74.273
PK-47340;33.5869;73.4839
PK-22560;34.3142;72.9291
PK-48610;32.9133;72.7547
PK-43320;33.5137;72.4408
PK-67410;26.4553;68.3184
PK-19020;35.141;72.5382
PK-28050;32.9815;70.9199
PK-75990;25.33;67.3383
PK-37730;31.6564;73.0982
PK-19010;35.2093;72.5485
PK-65150;27.5202;69.0446
PK-52326;32.1696;74.0637
PK-50150;32.8099;73.9225
PK-90160;25.8647;66.4517
PK-47104;33.8357;73.2969
PK-42208;31.9425;73.0256
PK-24504;32.9393;70.6456
PK-87290;30.3264;67.1673
PK-56020;30.7841;73.6544
PK-47820;33.1821;73.1929
PK-23340;34.8428;71.9553
PK-57350;31.3988;72.0769
PK-49712;31.8549;74.0424
PK-61100;29.8043;72.0698
PK-90210;25.6273;66.57
PK-37750;31.6122;73.1407
PK-48530;32.78;72.6979
PK-40520;32.372600000000006;74.21934999999999
PK-37420;31.3155;73.0255
PK-49330;32.9116;73.4669
PK-36120;31.1493;72.6832
PK-77170;27.4352;68.0757
PK-42320;32.8753;71.5712
PK-47270;33.706;73.4388
PK-50370;32.7091;73.5755
PK-88230;28.1202;66.4106
PK-38610;31.4361;73.0201
PK-16110;35.2823;75.6087
PK-51080;32.4382;74.2679
PK-48330;32.739;72.9248
PK-58260;30.3521;71.7719
PK-19280;32.5607;70.9172
PK-24310;33.988;71.6649
PK-84600;30.857;70.1875
PK-57230;30.2769;71.9727
PK-57040;30.7375;73.147
PK-41030;32.5368;71.5791
PK-22550;34.368;72.9118
PK-74200;24.8608;67.0104
PK-42030;32.3675;71.463
PK-64384;28.4234;69.9111
PK-13232;34.7932;74.192
PK-57174;31.5302;73.1729
PK-56400;30.7349;73.3503
PK-52460;32.1569;70.8091
PK-35310;31.6453;72.4222
PK-40260;31.9277;72.3163
PK-66040;27.9989;68.6242
PK-11150;33.5654;73.9375
PK-76190;26.6923;67.6143
PK-29220;31.6217;70.7568
PK-43396;32.8951;73.7768
PK-10382;33.0661;73.8995
PK-43710;31.8518;72.218
PK-44790;33.7215;73.0433
PK-47700;33.3151;73.1883
PK-24506;33.703;71.255
PK-22310;34.0287;73.4074
PK-50880;32.7422;74.2978
PK-50812;32.7182;74.4477
PK-81270;29.129;67.7213
PK-69240;24.6281;69.9215
PK-93200;26.7534;64.0285
PK-76260;27.0906;67.7349
PK-63000;29.6246;72.1702
PK-51530;32.1722;74.6108
PK-35560;31.4474;72.1556
PK-87300;30.6451;66.5429
PK-39120;31.4346;73.7318
PK-52200;32.3027;74.1472
PK-39018;32.0813;74.1083
PK-35510;31.4815;72.088
PK-12570;32.8627;72.1943
PK-48200;32.7506;72.4205
PK-86220;28.1813;66.1652
PK-44310;33.7215;73.0433
PK-47400;33.5295;73.5578
PK-54950;31.59;74.3417
PK-26030;34.8574;72.4669
PK-76010;25.4287;68.2772
PK-63420;29.2033;71.098
PK-11014;33.5333;73.6957
PK-40110;32.0683;72.4246
PK-41124;33.4447;73.143
PK-27810;33.2805;70.5354
PK-66100;27.2684;68.7397
PK-21040;34.6772;73.0233
PK-34100;30.1638;70.9562
PK-66160;27.5854;68.7785
PK-87720;28.2027;67.9081
PK-22070;34.2036;73.2827
PK-94150;28.5399;65.0934
PK-52140;31.9806;73.7347
PK-17070;35.9268;71.5265
PK-52290;32.1929;74.1948
PK-48430;32.7637;73.094
PK-73170;24.5514;67.8443
PK-15150;35.9058;74.3531
PK-24020;34.0038;72.1273
PK-84700;30.4747;69.3644
PK-77110;27.4352;68.0757
PK-70010;25.4605;68.7175
PK-23140;34.4552;72.0582
PK-62320;29.7971;72.8577
PK-43090;33.1769;71.8412
PK-87312;30.6451;66.5429
PK-54920;31.59;74.3417
PK-40290;31.9277;72.3163
PK-21046;34.6772;73.0233
PK-29210;32.1704;71.0932
PK-28322;32.8046;70.6478
PK-23240;34.3444;72.0678
PK-54610;31.5134;74.3467
PK-35200;31.4002;72.3017
PK-51400;32.4784;74.6954
PK-26064;35.214;72.5433
PK-47020;33.7578;72.792
PK-10012;32.8403;74.3485
PK-23410;34.2123;72.2962
PK-47550;33.2314;73.2982
PK-84810;29.1105;70.905
PK-18200;34.7925;71.7967
PK-24424;34.0879;71.6704
PK-21370;34.3772;73.1524
PK-47432;33.4628;73.4945
PK-47310;33.4923;73.048
PK-86700;30.5818;66.9941
PK-79050;27.6968;67.8176
PK-44030;33.7215;73.0433
PK-55230;31.1494;73.9682
PK-50830;32.752;74.28
PK-31450;29.9474;70.2753
PK-93100;27.7538;65.616
PK-17050;35.9268;71.5265
PK-55190;31.1783;74.1508
PK-41130;32.6071;72.1634
PK-48812;32.8662;72.8512
PK-36160;31.1493;72.6832
PK-16100;35.3615;75.5284
PK-38230;31.4361;73.0201
PK-34480;29.2622;70.6446
PK-38210;31.4361;73.0201
PK-24820;32.3356;71.3527
PK-24280;33.8234;71.8929
PK-29460;32.5711;69.7852
PK-37230;31.3875;73.4818
PK-28480;32.9726;70.5017
PK-48350;32.7247;72.9582
PK-31200;29.9474;70.2753
PK-92910;26.0159;63.8883
PK-75150;24.8343;67.1755
PK-65080;28.0184;69.6236
PK-29184;32.3297;71.1974
PK-46350;33.6332;73.0402
PK-64380;28.4234;69.9111
PK-49328;32.8766;73.2992
PK-26196;33.5732;71.1913
PK-73052;24.6036;68.0776
PK-50310;32.4493;73.7227
PK-39350;31.706;74.1829
PK-47370;33.531;73.4778
PK-51580;32.2201;74.8455
PK-44020;33.7215;73.0433
PK-23300;34.1445;72.0948
PK-29400;32.3741;70.2477
PK-52254;32.1549;74.2153
PK-92500;26.0035;63.0182
PK-59050;30.2217;71.5498
PK-68200;26.1541;68.6501
PK-37220;31.3875;73.4818
PK-21220;34.6374;73.4424
PK-28334;32.788;70.7017
PK-51780;32.0496;74.6134
PK-12034;33.6138;73.7275
PK-37660;31.1971;73.107
PK-48280;32.7075;72.364
PK-88240;27.8;66.5969
PK-49324;32.8954;73.4215
PK-22700;34.1266;73.0252
PK-52080;32.136;73.8326
PK-40412;32.3412;72.9801
PK-49750;32.7377;73.4724
PK-50920;32.6846;74.0595
PK-73150;24.6494;67.8839
PK-33000;29.1275;70.968
PK-24260;33.8908;71.8286
PK-17080;35.9268;71.5265
PK-24510;34.2372;71.724
PK-45900;33.6573;73.1284
PK-25200;34.5372;72.0622
PK-87320;30.6451;66.5429
PK-21450;34.452;72.9524
PK-75280;24.9224;67.134
PK-47920;32.9289;73.834
PK-46330;33.6332;73.0402
PK-47542;33.4609;73.2638
PK-30060;31.3877;71.4405
PK-48130;32.8216;72.0646
PK-10510;33.276;73.7616
PK-39010;32.0813;74.1083
PK-47960;32.2137;75.0937
PK-11200;33.3213;73.9276
PK-22650;33.804;73.0644
PK-47590;33.3536;72.9305
PK-42360;32.9616;71.5464
PK-23250;34.2798;71.9493
PK-86800;30.0195;66.7403
PK-24630;34.216;71.5548
PK-30030;31.657;71.4212
PK-50510;32.4242;73.2719
PK-47324;33.62;73.4039
PK-79212;28.1136;68.7345
PK-67034;27.1773;68.2942
PK-48840;32.9245;72.9483
PK-45740;33.6545;73.1017
PK-65320;27.7543;68.7587
PK-56000;30.7841;73.6544
PK-23434;34.1313;72.857
PK-40430;32.2156;73.0184
PK-15310;36.3729;73.3336
PK-87800;30.3264;67.1673
PK-17020;35.9268;71.5265
PK-48074;32.9108;72.8594
PK-48912;33.0478;73.111
PK-50560;32.4455;73.2415
PK-65140;27.7805;69.1357
PK-43440;33.9099;72.4918
PK-55360;30.9541;73.7462
PK-10360;33.2956;73.7638
PK-48600;32.8817;72.8302
PK-28440;32.5643;70.8266
PK-19090;35.005;72.5164
PK-87500;30.1615;67.0049
PK-40280;31.9277;72.3163
PK-11260;33.2374;73.9078
PK-34370;29.9206;70.9655
PK-70020;25.5584;68.6683
PK-59100;30.0877;71.6414
PK-22110;34.2868;73.3528
PK-24300;33.961;71.7296
PK-78050;27.8584;68.8338
PK-82000;29.5303;68.1354
PK-58100;30.3753;72.1403
PK-68050;25.7682;68.662
PK-52300;32.0905;74.1969
PK-51040;32.424;74.3605
PK-73070;24.3944;67.993
PK-41150;32.5383;72.0163
PK-47130;33.9211;73.3994
PK-35300;31.6453;72.4222
PK-88360;28.9437;66.6723
PK-24540;33.9469;72.0052
PK-91400;25.2102;64.6363
PK-58170;30.5074;72.0788
PK-11250;33.3018;73.9548
PK-89260;27.2977;65.7432
PK-51100;32.5348;74.4508
PK-64170;28.8744;70.4554
PK-40610;32.1761;72.4816
PK-29420;32.2594;70.5318
PK-51750;32.0906;74.9427
PK-77370;27.7582;68.3342
PK-51274;32.6607;74.5905
PK-41280;31.8448;72.057
PK-32310;29.9031;70.4825
PK-10544;34.2343;73.8304
PK-63050;29.6277;72.1324
PK-12252;33.8569;73.8431
PK-50172;32.8101;73.8957
PK-60700;30.2197;71.4711
PK-88410;27.3647;64.941
PK-43442;33.9099;72.4918
PK-48580;32.7148;72.5465
PK-37360;31.0612;72.9586
PK-77410;24.9565;69.077
PK-70110;25.855;68.2943
PK-47670;33.3662;73.2386
PK-11010;33.5137;73.7548
PK-12510;34.0518;73.7523
PK-63354;29.7042;71.5222
PK-33500;28.1445;69.6958
PK-49300;33.0121;73.3539
PK-26180;33.5488;71.3161
PK-42410;32.8552;71.1943
PK-77400;24.9565;69.077
PK-48040;33.004;72.1105
PK-47720;33.2501;73.1819
PK-12150;33.6955;73.9189
PK-34050;30.4691;70.967
PK-95150;29.4222;65.9364
PK-48730;33.1684;72.6126
PK-35360;31.6453;72.4222
PK-63030;29.8031;72.555
PK-53710;30.3981;72.3934
PK-75020;24.8764;67.1927
PK-28200;32.9336;70.0615
PK-30050;31.3936;71.2249
PK-48380;32.733;72.7906
PK-67000;27.1033;68.4196
PK-37570;31.1971;73.107
PK-15710;36.3573;74.7629
PK-12560;34.6777;72.223
PK-23620;34.0308;72.3442
PK-48540;32.8564;72.5688
PK-48750;32.9869;73.0198
PK-10320;33.2956;73.7638
PK-48680;33.076;72.5959
PK-52320;32.1696;74.0637
PK-57080;30.8329;73.1956
PK-52404;32.1569;70.8091
PK-22710;34.1266;73.0252
PK-47114;33.8806;73.3417
PK-86710;30.6655;66.9901
PK-64320;28.6607;70.3995
PK-12014;33.6167;73.7757
PK-23030;34.6178;71.8255
PK-15160;36.1116;73.8952
PK-32140;30.6542;70.6085
PK-47600;33.2375;72.911
PK-32124;30.5707;70.372
PK-49608;31.2135;73.9501
PK-47780;33.2044;73.1078
PK-23422;34.5478;71.8224
PK-67320;27.1323;68.2059
PK-36050;31.0009;72.6394
PK-92100;26.1167;62.0326
PK-50140;32.7211;73.8354
PK-22170;34.2868;73.3528
PK-23200;34.2798;71.9493
PK-51240;32.6443;74.5757
PK-32350;29.8863;70.6494
PK-22030;34.2524;73.2475
PK-52334;32.1342;74.0163
PK-32250;30.0013;70.7606
PK-55200;31.0881;73.9664
PK-45250;33.6954;72.9771
PK-42302;32.8068;71.6061
PK-22160;34.2868;73.3528
PK-25160;34.0119;71.5146
PK-22600;33.9452;73.0255
PK-12070;33.6824;73.7513
PK-42206;32.4316;72.2894
PK-21090;34.5879;73.1478
PK-47296;33.4012;73.0161
PK-75580;25.33;67.3383
PK-29470;32.3355;70.1192
PK-21020;34.4002;71.9018
PK-40544;32.466;72.897
PK-48160;32.8914;72.1786
PK-50170;32.8101;73.8957
PK-52464;32.1569;70.8091
PK-70050;25.4281;68.5292
PK-50970;32.7929;74.0105
PK-67120;26.7669;67.9907
PK-50210;32.6418;73.8013
PK-75850;24.9791;67.0821
PK-50994;32.8738;74.0411
PK-28450;32.5579;70.7406
PK-51804;32.3198;75.2578
PK-29000;32.2439;70.8839
PK-39160;31.4346;73.7318
PK-41000;32.5284;71.9884
PK-23360;34.3096;72.0894
PK-38080;31.3728;73.0365
PK-48860;32.9176;73.0265
PK-88350;28.8607;66.751
PK-86210;28.1813;66.1652
PK-79150;28.2789;68.9976
PK-12502;33.8948;73.0032
PK-47770;33.2015;73.1481
PK-28300;32.788;70.7017
PK-22290;34.0277;73.3405
PK-23550;34.0573;72.4944
PK-75790;24.8847;66.9955
PK-36200;31.235;72.7931
PK-69330;25.1566;69.111
PK-43600;32.7503;74.1897
PK-31000;31.3168;71.0817
PK-23120;34.3934;71.9156
PK-36320;30.7063;72.5356
PK-84300;30.2829;68.3436
PK-25140;34.0115;71.5073
PK-15200;36.1461;74.2324
PK-23130;34.34;71.9402
PK-19044;34.9811;72.3632
PK-16310;32.4903;73.1395
PK-55060;30.8996;74.2238
PK-49512;33.0639;73.7062
PK-76350;26.4919;68.0908
PK-61240;29.8289;72.2171
PK-48650;32.9365;72.7027
PK-81100;28.284;67.4562
PK-61210;29.8119;72.1667
PK-58258;30.2903;71.7863
PK-53200;30.0476;71.7518
PK-34300;30.0801;71.059
PK-65034;28.2935;69.8109
PK-28520;32.6033;70.8607
PK-12170;33.7303;73.9545
PK-80200;28.5838;66.829
PK-43364;33.3519;71.9207
PK-50070;32.803;73.6279
PK-21200;34.9053;73.6486
PK-10460;33.0899;73.8901
PK-42120;32.3786;71.7593
PK-45700;33.5941;73.1579
PK-49620;31.2135;73.9501
PK-12630;33.3573;73.8819
PK-92800;26.3091;63.1537
PK-32000;30.9136;70.6946
PK-16250;34.7591;75.7186
PK-42220;32.6729;71.8901
PK-51800;32.3198;75.2578
PK-40180;30.6624;71.2275
PK-47520;33.2314;73.2982
PK-10404;33.0229;73.9154
PK-54510;31.5242;74.2631
PK-71500;25.3876;68.3633
PK-52256;32.1549;74.2153
PK-68122;26.1911;68.967
PK-65300;27.7543;68.7587
PK-23100;34.3934;71.8982
PK-95110;29.0031;65.3154
PK-23470;34.2515;72.386
PK-88370;28.9437;66.6723
PK-53500;29.5468;70.8784
PK-12310;33.8474;73.6398
PK-21160;34.5523;73.259
PK-61220;29.9014;72.3536
PK-23660;34.0308;72.3442
PK-47620;33.3453;73.1306
PK-21150;34.5156;72.901
PK-66300;26.8678;68.3632
PK-52370;31.9626;73.9712
PK-56320;30.7841;73.6544
PK-23510;34.0326;72.5653
PK-26090;34.8574;72.4669
PK-40250;31.9277;72.3163
PK-45600;33.63;73.2381
PK-72250;24.656;68.837
PK-47184;33.907;73.3734
PK-41104;32.5748;72.0362
PK-37530;31.1971;73.107
PK-35550;31.4474;72.1556
PK-21340;34.3772;73.1524
PK-40542;32.474;72.9028
PK-64100;28.8744;70.4554
PK-16450;35.0282;76.0921
PK-67330;27.1323;68.2059
PK-82010;29.5303;68.1354
PK-35580;31.6186;72.111
PK-26100;33.5488;71.3161
PK-84850;30.4088;68.5223
PK-53400;30.3981;72.3934
PK-69000;25.51;69.7132
PK-64410;28.2823;69.7271
PK-82100;30.4996;68.7498
PK-10390;33.2956;73.7638
PK-43510;33.9224;72.4024
PK-43560;33.8921;72.2386
PK-45510;33.6849;73.1178
PK-28354;32.8314;70.7635
PK-39060;32.5375;73.5513
PK-48270;32.7506;72.4205
PK-48520;32.8605;72.7568
PK-59220;30.4833;72.5833
PK-51350;31.5674;74.3929
PK-50890;32.7325;74.2348
PK-44150;33.7215;73.0433
PK-51010;32.3242;74.3504
PK-50990;32.8527;74.0712
PK-49420;32.9988;73.6676
PK-40270;31.9277;72.3163
PK-56350;30.7841;73.6544
PK-24730;34.0015;71.3801
PK-19270;32.5607;70.9172
PK-43240;33.2649;72.2959
PK-28340;32.788;70.7017
PK-40230;31.8355;72.2867
PK-77020;27.5375;68.1819
PK-63060;29.6246;72.1702
PK-50982;32.8214;74.0736
PK-10100;33.357;73.9411
PK-48260;32.8239;72.3826
PK-47086;33.7373;72.8006
PK-10400;33.0229;73.9154
PK-23230;33.9923;71.601
PK-65020;28.0184;69.6236
PK-89170;29.1506;67.6965
PK-65120;27.8562;69.1111
PK-94050;28.2839;65.106
PK-50820;32.7422;74.2978
PK-36350;30.7063;72.5356
PK-39540;32.103;73.2789
PK-25170;34.0119;71.5146
PK-47510;33.2314;73.2982
PK-54800;30.417;73.105
PK-19100;34.9029;72.6443
PK-50130;32.7672;73.8272
PK-10520;33.3289;73.7667
PK-12120;33.6455;73.8158
PK-39660;31.5212;73.4998
PK-35480;31.7669;72.8979
PK-55220;30.9662;73.9791
PK-47220;33.7469;73.3327
PK-10080;33.9214;74.1728
PK-41020;32.0858;72.2741
PK-50286;32.641;73.7204
PK-42110;32.498;71.919
PK-12400;33.9132;73.7273
PK-60750;30.2197;71.4711
PK-87000;30.3522;66.9402
PK-17130;35.993;71.5594
PK-51270;32.6308;74.6154
PK-47444;33.4482;73.5057
PK-47090;33.7378;72.8797
PK-81550;29.1957;66.8301
PK-74700;24.8608;67.0104
PK-70014;25.7703;68.8177
PK-26080;34.8574;72.4669
PK-80500;28.5838;66.829
PK-30150;31.7847;71.6475
PK-10250;33.357;73.9411
PK-58220;30.2486;71.8038
PK-48154;32.9417;72.2703
PK-11030;33.4355;73.8565
PK-54100;30.417;73.105
PK-43490;33.8306;72.5619
PK-48820;32.9158;72.9616
PK-22000;34.2524;73.2475
PK-46604;33.6127;73.0288
PK-43660;32.7503;74.1897
PK-49710;32.8186;73.5774
PK-48070;32.9617;72.4089
PK-24840;33.9232;71.5608
PK-23330;34.3096;72.0894
PK-23490;34.2515;72.386
PK-12160;33.6955;73.9189
PK-25210;34.5372;72.0622
PK-38860;31.4361;73.0201
PK-12470;33.8342;73.7801
PK-52132;31.8253;73.1769
PK-18500;34.8237;71.6856
PK-11040;33.3947;73.8297
PK-31660;29.0668;69.6634
PK-37400;31.3155;73.0255
PK-26230;33.4833;70.7814
PK-46222;33.6127;73.0288
PK-42300;32.7885;71.5858
PK-51320;34.0034;74.0592
PK-71850;25.3549;68.3514
PK-72100;24.8845;68.8144
PK-52070;31.7207;73.7333
PK-29010;32.3146;70.9761
PK-29060;32.1704;70.9337
PK-67180;26.7669;67.9907
PK-67360;27.1323;68.2059
PK-75900;25.33;67.3383
PK-75010;24.8764;67.1927
PK-19040;34.9292;72.4146
PK-57050;30.642;73.0984
PK-47650;33.3453;73.1306
PK-23440;34.2515;72.386
PK-32150;30.4704;70.7297
PK-28370;32.6926;70.7819
PK-42100;32.419;71.6983
PK-13200;34.5688;73.8307
PK-79000;27.6968;67.8176
PK-49360;33.0031;73.4057
PK-86730;30.6655;66.9901
PK-43070;33.2923;71.9192
PK-75260;24.9224;67.134
PK-50390;32.6466;73.5092
PK-11220;33.3213;73.9276
PK-48910;33.0024;73.1405
PK-34350;30.0208;71.0968
PK-69070;25.5048;69.5709
PK-40550;31.3219;73.0
PK-57200;30.5301;72.6916
PK-89120;29.1506;67.6965
PK-80600;28.5838;66.829
PK-76130;26.0403;68.1376
PK-24370;34.0384;71.6085
PK-29012;32.3816;71.1231
PK-41160;32.5454;72.0925
PK-28260;32.9336;70.0615
PK-51402;32.4784;74.6954
PK-48310;32.6589;72.9597
PK-72130;24.7623;69.1963
PK-88250;28.1202;66.4106
PK-48682;33.076;72.5959
PK-61172;29.8043;72.0698
PK-22100;34.2834;73.4308
PK-57180;31.5302;73.1729
PK-50680;32.5135;74.0361
PK-51020;32.3879;74.4016
PK-40222;31.9277;72.3163
PK-49410;32.9988;73.6676
PK-64460;28.2823;69.7271
PK-61230;29.8289;72.2171
PK-12380;33.8329;73.6781
PK-58202;30.0393;71.8167
PK-40470;32.2273;73.2172
PK-35150;31.0773;72.1865
PK-43390;33.1514;73.1934
PK-77150;27.4352;68.0757
PK-69370;25.3098;69.0502
PK-46060;33.6144;73.0189
PK-18600;34.0501;71.6051
PK-23540;34.0595;72.4669
PK-29330;31.5978;70.3568
PK-23150;34.3353;71.9024
PK-47420;33.609;73.5219
PK-75050;24.8764;67.1927
PK-23210;34.2798;71.9493
PK-92810;26.3091;63.1537
PK-47046;33.7578;72.792
PK-23220;34.2836;72.1504
PK-28426;32.4086;70.7461
PK-38240;31.4361;73.0201
PK-40410;32.2658;72.8981
PK-47384;33.5433;73.527
PK-81200;29.1948;67.6435
PK-50900;32.7278;74.0653
PK-12600;34.0392;73.5769
PK-19240;34.7734;71.9048
PK-78100;27.9063;68.5121
PK-44090;33.7215;73.0433
PK-75040;24.8764;67.1927
PK-10090;33.1256;74.0447
PK-81250;29.0417;67.8239
PK-48760;33.0938;72.8624
PK-72270;24.656;68.837
PK-40080;31.8864;72.4136
PK-12480;33.8342;73.7801
PK-50980;32.8366;74.0786
PK-45410;33.6573;73.1284
PK-67150;26.7669;67.9907
PK-63070;29.4398;71.8608
PK-47450;33.4353;73.4428
PK-64020;28.9333;70.9667
PK-14300;35.3399;74.8677
PK-36330;30.7063;72.5356
PK-89270;27.3733;66.3266
PK-52072;32.2767;73.957
PK-65270;27.6491;68.837
PK-70070;25.6569;68.6823
PK-85400;30.5249;68.6329
PK-34430;29.511;70.8453
PK-52220;32.1929;74.1948
PK-48122;32.9115;72.2064
PK-54770;28.1598;70.6959
PK-49010;32.6049;72.9708
PK-52120;31.8253;73.1769
PK-28410;32.7102;70.746
PK-47274;33.706;73.4388
PK-24610;34.1877;71.6609
PK-64220;28.6868;70.342
PK-42350;32.8544;71.5648
PK-39130;31.3086;73.66
PK-52250;32.1549;74.2153
PK-37110;30.8614;73.0295
PK-18210;34.7925;71.7967
PK-18650;34.7361;71.5274
PK-41300;32.3732;72.1547
PK-51250;32.6443;74.5757
PK-24420;34.0879;71.6704
PK-43060;33.1769;71.8412
PK-29170;32.257;71.1612
PK-40060;31.8864;72.4136
PK-53800;30.3981;72.3934
PK-37130;30.8946;73.0022
PK-18100;35.0905;71.7636
PK-88150;30.0727;67.2122
PK-22590;33.9878;72.9826
PK-77240;27.5902;67.987
PK-48030;33.0356;72.0175
PK-51380;32.8218;74.0552
PK-80300;28.1772;68.0437
PK-35100;30.9628;72.2582
PK-93210;26.7534;64.0285
PK-46202;33.6127;73.0288
PK-43720;30.8998;72.5376
PK-12500;33.8948;73.0032
PK-56150;30.7417;73.8233
PK-51500;32.1784;74.5099
PK-74000;24.8608;67.0104
PK-69210;24.951;69.5531
PK-62210;29.6989;72.5669
PK-47060;33.7578;72.792
PK-68340;25.8051;69.3003
PK-67060;27.077;68.2692
PK-48830;32.9158;72.9616
PK-52310;31.9552;74.0781
PK-28170;33.1744;70.3692
PK-65200;29.3608;71.1425
PK-50000;32.905;73.7552
PK-76090;25.4277;68.2642
PK-19130;33.8753;73.976
PK-75120;24.8582;67.2152
PK-23450;34.1176;72.6085
PK-79180;28.2546;67.9628
PK-26170;33.5488;71.3161
PK-24210;34.0097;71.7945
PK-79192;28.3033;69.4232
PK-77062;27.3742;68.0971
PK-35170;31.0034;72.0383
PK-89140;29.1506;67.6965
PK-42340;32.8544;71.5648
PK-67130;26.6632;68.0002
PK-49090;32.6049;72.9708
PK-64350;28.5129;70.1229
PK-49490;32.974;73.6979
PK-43322;33.5363;72.34
PK-48690;33.0478;72.8546
PK-43122;33.5814;72.1702
PK-37260;31.4416;73.5178
PK-64200;28.6868;70.342
PK-47790;33.2015;73.1481
PK-28380;32.6262;70.5822
PK-37510;31.1971;73.107
PK-25220;33.9805;71.549
PK-26270;33.4991;70.6876
PK-47230;33.7097;72.7698
PK-42230;32.8243;71.8825
PK-68030;25.9254;68.6228
PK-53700;30.3981;72.3934
PK-24070;34.0038;72.1273
PK-15700;36.3269;74.6614
PK-51660;32.2704;74.8934
PK-29206;31.6217;70.7568
PK-50160;32.8015;73.9614
PK-11202;33.3213;73.9276
PK-23280;34.2798;71.9493
PK-78220;28.0715;68.5943
PK-77212;27.6448;67.9062
PK-48950;33.0566;73.1187
PK-32120;30.7102;70.5915
PK-62050;30.4954;70.8292
PK-68100;26.1262;69.0455
PK-52240;32.1929;74.1948
PK-72052;25.1247;68.8905
PK-49240;33.082;73.053
PK-76150;26.4454;67.7213
PK-29130;32.2124;71.086
PK-75650;24.7961;66.9746
PK-14150;35.3399;74.8677
PK-47580;32.6009;74.0446
PK-44220;33.7215;73.0433
PK-24180;33.9897;71.8831
PK-66190;27.2684;68.7397
PK-35110;30.7348;71.4617
PK-72260;24.656;68.837
PK-24720;34.0478;71.3537
PK-56170;30.7417;73.8233
PK-17060;35.9268;71.5265
PK-52260;32.1393;74.2097
PK-22120;34.2038;73.0699
PK-50280;32.641;73.7204
PK-22630;33.9056;72.9514
PK-48202;32.7506;72.4205
PK-16600;35.0444;75.7449
PK-48516;32.86;72.9427
PK-61000;30.2182;72.8263
PK-93220;26.7534;64.0285
PK-48020;33.0936;71.9907
PK-32050;30.9136;70.6946
PK-37140;30.8946;73.0022
PK-29480;32.3741;70.2477
PK-43222;32.3319;72.7485
PK-23570;34.0573;72.4944
PK-73024;24.8621;68.3306
PK-91200;25.1739;63.2837
PK-47066;33.7578;72.792
PK-51450;32.4065;74.7892
PK-51670;32.2478;74.9072
PK-38090;31.3728;73.0365
PK-51220;32.6443;74.5757
PK-43380;33.2499;72.4573
PK-16920;35.1456;76.796
PK-17210;35.7254;71.7728
PK-34060;30.5966;70.8849
PK-12260;32.1502;73.4257
PK-23260;34.4879;72.1133
PK-47810;33.1514;73.0669
PK-62020;29.1934;72.8552
PK-12060;33.5465;73.78
PK-63100;29.4157;71.6881
PK-45220;33.6954;72.9771
PK-22570;33.9567;73.243
PK-49320;32.9042;73.3812
PK-15130;36.0087;74.1241
PK-50200;32.6889;73.9611
PK-47224;33.7469;73.3327
PK-27410;33.1819;70.9554
PK-59020;30.2307;71.6617
PK-41170;32.4986;72.097
PK-43444;33.9099;72.4918
PK-15550;35.1649;74.7855
PK-43480;33.8963;72.4478
PK-58110;30.5074;72.0788
PK-62080;29.6274;72.1799
PK-32260;30.0013;70.7606
PK-29190;32.2124;71.086
PK-11020;33.4442;73.809
PK-78064;27.95;69.2333
PK-16160;35.3615;75.5284
PK-81350;28.2114;66.4291
PK-73242;24.7418;67.5853
PK-45624;33.5935;73.2628
PK-24200;33.8908;71.8286
PK-46310;33.6332;73.0402
PK-70012;26.08;68.918
PK-30000;31.5099;71.3752
PK-46602;33.6127;73.0288
PK-43050;33.2332;71.9321
PK-28140;32.9726;70.5017
PK-24330;33.988;71.6649
PK-47880;33.2025;73.2697
PK-41340;32.3912;72.4846
PK-49220;33.082;73.053
PK-21120;34.5156;72.901
PK-46100;33.6127;73.0288
PK-81410;29.4868;67.6401
PK-92600;25.8998;62.5082
PK-16350;35.2006;75.809
PK-63080;29.6246;72.1702
PK-47276;33.706;73.4388
PK-81260;29.1506;67.6965
PK-57070;30.7375;73.147
PK-12220;30.6475;72.3449
PK-13210;34.5732;73.9706
PK-50180;32.8868;73.9913
PK-12320;33.8329;73.6781
PK-19120;34.5007;73.028
PK-18400;34.7925;71.7967
PK-45610;33.6736;73.2136
PK-21140;34.4711;73.2707
PK-74600;24.8608;67.0104
PK-21300;34.366;73.2614
PK-55160;31.22;74.2306
PK-76264;27.0906;67.7349
PK-28424;32.8822;70.9168
PK-63180;29.4157;71.6881
PK-16320;34.3716;74.8959
PK-46606;33.6127;73.0288
PK-37700;31.5681;73.1832
PK-48190;32.9113;72.0658
PK-41100;32.5748;72.0362
PK-19150;34.7391;72.6842
PK-19260;34.4751;72.9311
PK-77260;27.5902;67.987
PK-51210;32.6443;74.5757
PK-32210;30.0013;70.7606
PK-36280;31.3245;72.7282
PK-32320;29.9031;70.4825
PK-47740;33.1928;73.141
PK-21070;34.6627;72.9425
PK-30004;31.5099;71.3752
PK-21390;34.3486;73.0723
PK-12350;33.8329;73.6781
PK-10036;33.0778;74.1371
PK-16200;34.7591;75.7186
PK-38004;31.3728;73.0365
PK-37150;30.8946;73.0022
PK-41102;32.5748;72.0362
PK-12504;33.8948;73.0032
PK-22420;34.1256;73.1265
PK-16400;35.6849;75.0198
PK-45210;33.6954;72.9771
PK-90050;26.2272;66.3118
PK-48400;32.7637;73.094
PK-63040;29.6246;72.1702
PK-28122;33.5982;71.092
PK-24502;34.2291;71.574
PK-12520;33.9871;73.8432
PK-73200;24.6769;67.5995
PK-48930;33.0744;73.1841
PK-79190;28.3033;69.4232
PK-41250;32.2454;72.1061
PK-65060;27.9158;69.5207
PK-88260;29.3289;66.9716
PK-75520;25.33;67.3383
PK-75400;34.1986;72.0941
PK-24170;33.9684;71.9268
PK-65030;28.1643;69.7311
PK-50640;32.2159;72.8145
PK-37450;31.3155;73.0255
PK-22320;33.9956;73.3767
PK-29432;32.3828;70.5233
PK-55050;30.8996;74.2238
PK-15500;36.2517;74.3227
PK-47730;33.1847;73.2276
PK-38800;31.4361;73.0201
PK-34380;30.0344;71.1532
PK-22750;34.1243;73.0116
PK-75210;24.9224;67.134
PK-48570;32.6443;72.6436
PK-21100;34.7391;71.473
PK-27100;33.0163;70.9032
PK-18350;34.8266;71.8442
PK-52110;31.8253;73.1769
PK-47882;33.2025;73.2697
PK-59110;29.9106;71.7589
PK-87900;26.5607;62.985
PK-69170;25.1113;70.2587
PK-54600;31.5134;74.3467
PK-75550;25.33;67.3383
PK-24100;33.9684;71.9268
PK-50764;32.3067;72.9758
PK-42200;32.4316;72.2894
PK-34450;28.5158;70.1228
PK-69160;25.1787;69.5657
PK-77250;27.5007;67.9064
PK-37180;30.8946;73.0022
PK-47044;33.7578;72.792
PK-58210;30.2486;71.8038
PK-32300;29.9803;70.3061
PK-49764;33.3312;73.3827
PK-48850;32.9158;72.9616
PK-61180;29.8939;72.0256
PK-51600;32.2478;74.9072
PK-57150;32.636;73.0706
PK-48630;32.9374;72.6444
PK-73100;24.6494;67.8839
PK-75080;24.8764;67.1927
PK-88100;29.8802;66.8418
PK-37630;31.1971;73.107
PK-22830;34.0481;72.6084
PK-30100;31.7847;71.6475
PK-50500;32.405;73.3189
PK-64160;28.8744;70.4554
PK-49304;32.9754;73.4247
PK-50520;32.4724;73.2541
PK-47260;33.8022;73.5295
PK-34550;29.7502;70.5677
PK-52368;31.3923;74.2771
PK-51230;32.6443;74.5757
PK-42260;32.5989;72.0378
PK-86500;30.428;67.0184
PK-46220;33.6127;73.0288
PK-45320;33.747;73.1128
PK-59260;29.6985;71.1194
PK-59000;30.2217;71.5498
PK-10470;33.0899;73.8901
PK-49520;33.0159;73.7495
PK-26014;35.4465;73.2801
PK-50910;32.7451;74.0787
PK-73010;24.8122;68.3171
PK-36150;31.1493;72.6832
PK-57360;30.9689;72.3135
PK-62230;29.6989;72.5669
PK-76064;25.4608;68.2682
PK-81450;29.1537;67.5622
PK-57470;28.9962;70.953
PK-43100;33.433;72.0188
PK-57000;30.7375;73.147
PK-10500;34.1831;73.8176
PK-85240;29.8036;68.4128
PK-48072;32.9977;72.3913
PK-48360;32.7024;72.8865
PK-22200;34.1352;73.2751
PK-43330;33.2829;72.6521
PK-48800;32.9158;72.9616
PK-47652;33.3453;73.1306
PK-54590;31.5242;74.2631
PK-53600;31.6;74.55
PK-38700;31.4361;73.0201
PK-29150;32.2124;71.086
PK-10210;33.357;73.9411
PK-48604;32.8817;72.8302
PK-23480;34.1209;72.6876
PK-70060;25.5584;68.6683
PK-12430;33.8342;73.7801
PK-21420;34.452;72.9524
PK-51260;32.5411;74.564
PK-17240;34.036;72.949
PK-23320;34.1728;72.2728
PK-86400;30.5852;66.8725
PK-24160;33.9684;71.9268
PK-47830;33.1789;73.0312
PK-12304;33.7987;73.6324
PK-57450;26.3248;66.2959
PK-52180;31.8984;73.2734
PK-22680;33.9056;72.9514
PK-20400;35.0963;73.6938
PK-80000;28.5838;66.829
PK-87600;30.3264;67.1673
PK-28100;34.1566;71.7264
PK-64370;28.5129;70.1229
PK-13190;34.1597;73.8156
PK-66090;27.5873;68.5959
PK-84500;30.0442;69.9258
PK-62070;29.6274;72.1799
PK-43414;33.9312;72.5358
PK-51120;32.5348;74.4508
PK-49130;32.7356;73.3945
PK-39650;31.5889;73.5969
PK-47204;33.9815;73.4984
PK-37430;31.3155;73.0255
PK-50094;32.6709;73.4674
PK-88220;28.1202;66.4106
PK-22760;34.1488;73.0467
PK-10038;33.0778;74.1371
PK-44100;33.7215;73.0433
PK-67340;27.1323;68.2059
PK-62380;29.7971;72.8577
PK-66150;27.0689;68.6143
PK-50270;32.6873;73.7982
PK-57490;28.9962;70.953
PK-52410;32.1569;70.8091
PK-49600;31.2135;73.9501
PK-90250;25.6273;66.57
PK-48182;32.9453;72.1678
PK-48660;32.974;72.7028
PK-32030;31.0042;70.6782
PK-57400;28.9962;70.953
PK-70040;25.5199;68.6176
PK-28040;32.9931;70.7802
PK-67300;27.1323;68.2059
PK-49064;32.6491;73.0106
PK-50780;32.391;73.1307
PK-35500;31.4176;72.263
PK-23020;34.582;71.9332
PK-12174;33.7303;73.9545
PK-51340;32.8218;74.0552
PK-21330;34.3772;73.1524
PK-80800;28.8951;64.9024
PK-47890;33.155;73.2502
PK-17290;33.197;71.1424
PK-48902;33.0566;73.1187
PK-11110;33.563;73.848
PK-59250;29.5051;71.222
PK-74900;24.8608;67.0104
PK-48500;32.86;72.9427
PK-55000;30.7647;74.1229
PK-51840;32.3818;75.2045
PK-26350;33.51;71.3842
PK-26240;33.4245;70.7368
PK-43030;33.1769;71.8412
PK-16150;35.4406;75.448
PK-41282;31.8922;72.2275
PK-48560;32.9253;72.7585
PK-23310;34.1986;72.1642
PK-12340;33.8329;73.6781
PK-22520;34.2481;73.0972
PK-50050;32.8067;73.644
PK-36360;30.7063;72.5356
PK-15750;36.3876;74.8645
PK-35400;31.7209;72.9784
PK-64310;28.5441;70.2701
PK-75800;24.955;66.9949
PK-49306;33.4218;73.3894
PK-67314;26.8876;68.2806
PK-56100;30.7417;73.8233
PK-28250;32.9336;70.0615
PK-10530;34.7457;73.633
PK-60900;30.1284;71.3853
PK-63250;29.345;71.5462
PK-37410;31.3155;73.0255
PK-40560;32.2734;73.1203
PK-48332;32.739;72.9248
PK-38000;31.3728;73.0365
PK-10534;34.7457;73.633
PK-48170;32.8627;72.1943
PK-25100;34.0119;71.5146
PK-18750;34.5798;71.808
PK-22540;34.0069;73.2064
PK-61050;30.1884;72.7531
PK-27210;33.2466;70.8362
PK-26220;33.4752;70.8612
PK-74400;24.8608;67.0104
PK-72220;24.656;68.837
PK-48090;33.0105;72.2309
PK-59150;30.0051;71.6316
PK-48900;33.0566;73.1187
PK-10042;32.992;73.9918
PK-68020;26.0271;68.5454
PK-58200;30.0393;71.8167
PK-25150;34.0124;71.5219
PK-24650;34.221;71.5962
PK-26250;33.4243;70.7838
PK-22090;34.2524;73.2475
PK-95040;29.1046;65.2193
PK-65100;27.7706;69.1004
PK-61150;29.5631;71.7841
PK-42370;33.148;71.5659
PK-43412;33.9312;72.5358
PK-23164;34.2883;71.8973
PK-70210;25.3136;68.4247
PK-50950;32.7248;74.1591
PK-75840;24.9671;67.0385
PK-55250;31.1494;73.9682
PK-52342;31.9552;74.0781
PK-39500;32.103;73.2789
PK-27600;33.7367;70.6801
PK-50340;32.6659;73.6705
PK-27500;33.2253;71.1598
PK-34130;30.1638;70.9562
PK-47760;33.1148;73.1624
PK-38070;31.3728;73.0365
PK-47262;33.7841;73.5165
PK-39330;31.706;74.1829
PK-67322;27.1323;68.2059
PK-47460;33.4628;73.4945
PK-54792;24.8662;67.0413
PK-44320;33.7215;73.0433
PK-28360;32.788;70.7017
PK-23430;34.1313;72.857
PK-55020;30.904;74.14
PK-77010;27.3342;68.0157
PK-73020;24.8621;68.3306
PK-13164;34.2577;73.7082
PK-34500;29.7502;70.5677
PK-12164;33.6955;73.9189
PK-32400;29.8018;70.6203
PK-74800;24.8608;67.0104
PK-51430;32.391;74.6941
PK-63236;29.1064;71.4933
PK-47690;33.3596;73.1941
PK-76140;26.4249;67.8613
PK-63290;29.2551;71.3716
PK-26190;33.532;71.0595
PK-35160;31.0034;72.0383
PK-95000;29.1046;65.2193
PK-22620;33.9056;72.9514
PK-81050;28.9015;67.3616
PK-57130;31.5302;73.1729
PK-76330;27.1803;67.8205
PK-80820;28.8951;64.9024
PK-50182;32.9104;74.0151
PK-41050;32.634;72.4613
PK-65070;27.8409;69.413
PK-48554;32.6846;72.7766
PK-90350;25.1188;66.7322
PK-50972;32.7929;74.0105
PK-36000;31.0009;72.6394
PK-10540;34.768;74.2806
PK-28142;32.9726;70.5017
PK-79010;27.6968;67.8176
PK-69280;24.4669;69.5811
PK-23520;34.0744;72.5506
PK-51310;32.8218;74.0552
PK-32420;29.8432;70.6946
PK-38900;31.8164;72.9223
PK-47080;33.7373;72.8006
PK-62120;29.7497;73.2429
PK-40310;32.288;72.7048
PK-17000;35.9268;71.5265
PK-56300;30.7841;73.6544
PK-34650;29.333;71.4968
PK-22300;34.0547;73.4121
PK-69020;25.51;69.7132
PK-63410;29.2387;71.0622
PK-21032;34.8307;73.0648
PK-21430;34.452;72.9524
PK-50760;32.3067;72.9758
PK-47194;34.004;73.4704
PK-43394;32.6388;74.3601
PK-21400;34.4985;73.014
PK-41260;32.1054;71.806
PK-48704;33.0894;73.0142
PK-46040;33.5999;73.0217
PK-69150;25.1658;69.7785
PK-29380;32.1438;70.6274
PK-50354;32.5346;73.6291
PK-23600;34.0135;72.2656
PK-34220;29.9205;70.9107
PK-29440;32.4133;70.4659
PK-32410;29.8658;70.6407
PK-44800;33.7215;73.0433
PK-19140;34.2624;72.4372
PK-22350;33.9902;73.3758
PK-84900;30.0589;69.5253
PK-47364;33.7308;73.5465
PK-78040;27.9833;68.65
PK-53720;30.3981;72.3934
PK-13240;34.115;73.8835
PK-45720;33.5941;73.1579
PK-76172;26.4007;67.8336
PK-24460;34.0879;71.6704
PK-13224;34.4884;73.831
PK-24050;34.0038;72.1273
PK-48914;32.9571;73.1699
PK-51520;32.1722;74.6108
PK-58250;30.2903;71.7863
PK-79100;28.2333;69.4833
PK-39600;31.7167;73.3833
PK-10044;32.9267;74.0944
PK-50250;32.6637;73.8225
PK-44050;33.7215;73.0433
PK-18450;34.7925;71.7967
PK-66130;27.2684;68.7397
PK-43750;30.8998;72.5376
PK-20500;34.9294;72.8791
PK-50700;32.391;73.1307
PK-73060;24.3549;68.2673
PK-51830;32.2578;75.311
PK-48050;32.9939;72.186
PK-49070;32.5939;73.0398
PK-47290;33.3569;72.8307
PK-40160;30.6624;71.2275
PK-51070;32.4783;74.3534
PK-52400;32.1569;70.8091
PK-28010;32.9931;70.7802
PK-54500;31.5242;74.2631
PK-63400;29.2742;71.2215
PK-22870;34.0481;72.6084
PK-58160;30.5074;72.0788
PK-79210;28.1136;68.7345
PK-40140;30.6624;71.2275
PK-43244;32.496;71.8022
PK-14100;35.3399;74.8677
PK-85300;31.6591;68.4033
PK-47124;33.907;73.3734
PK-21270;34.3133;73.2476
PK-19200;32.5607;70.9172
PK-32170;30.6615;70.5658
PK-28500;32.6033;70.8607
PK-58120;30.5074;72.0788
PK-10240;33.357;73.9411
PK-94100;28.5846;65.415
PK-22044;34.3491;73.2313
PK-53100;30.3981;72.3934
PK-52280;32.2506;74.1663
PK-49040;32.5866;73.0446
PK-47376;33.531;73.4778
PK-86650;30.438;66.6474
PK-75160;24.8342;67.178
PK-11180;33.5162;74.1254
PK-73210;24.7418;67.5853
PK-48720;33.1086;72.8271
PK-47610;33.3453;73.1306
PK-21440;34.5286;72.9765
PK-76050;25.4287;68.2772
PK-49500;32.974;73.6979
PK-73094;25.175;67.7995
PK-19080;34.9333;72.9607
PK-95060;29.1046;65.2193
PK-23154;34.3327;71.9539
PK-61170;29.8043;72.0698
PK-10310;33.3068;73.636
PK-67380;27.6362;68.1169
PK-52074;31.9987;73.8452
PK-38600;31.4361;73.0201
PK-22130;34.2868;73.3528
PK-47294;33.4456;73.2015
PK-75270;24.9628;67.1194
PK-47950;32.7303;74.0041
PK-76060;25.4608;68.2682
PK-23050;34.5656;71.9304
PK-12090;33.5465;73.78
PK-22840;34.0428;72.7739
PK-22660;33.9339;72.8522
PK-38220;31.4361;73.0201
PK-76250;27.0258;67.9199
PK-32100;30.6615;70.5658
PK-55150;31.249;74.2153
PK-40600;32.1954;72.4418
PK-54110;30.417;73.105
PK-22150;34.2868;73.3528
PK-49340;32.9398;73.505
PK-64300;28.5129;70.1229
PK-47040;33.7578;72.792
PK-42380;32.8544;71.5648
PK-75510;25.33;67.3383
PK-54572;31.5242;74.2631
PK-10060;33.0778;74.1371
PK-75620;24.7961;66.9746
PK-75530;25.33;67.3383
PK-24450;34.0879;71.6704
PK-48000;33.0535;71.9058
PK-76040;25.4287;68.2772
PK-61202;29.8012;72.174
PK-51410;32.3756;74.6162
PK-25124;34.0119;71.5146
PK-25000;34.1735;71.6831
PK-23650;34.0308;72.3442
PK-77280;27.5583;68.2306
PK-40040;31.8864;72.4136
PK-40350;32.288;72.7048
PK-28330;32.788;70.7017
PK-69300;25.1576;69.2138
PK-75700;24.8847;66.9955
PK-49020;32.5658;72.751
PK-78030;27.9354;68.9876
PK-43420;33.9469;72.5316
PK-48808;32.9158;72.9616
PK-13250;34.5732;73.9706
PK-48080;33.0371;72.385
PK-77270;27.5902;67.987
PK-67450;26.4672;68.2799
PK-40330;32.288;72.7048
PK-12610;32.0613;74.4948
PK-47180;33.907;73.3734
PK-64230;28.6868;70.342
PK-57100;31.5302;73.1729
PK-67110;26.7669;67.9907
PK-46000;33.5999;73.0217
PK-29200;31.6217;70.7568
PK-70150;25.5971;68.4467
PK-15170;36.0087;74.1241
PK-22690;33.9731;72.8511
PK-50922;32.6846;74.0595
PK-84830;29.7667;69.4661
PK-49700;32.8628;73.6058
PK-86000;30.5731;67.1097
PK-10230;33.357;73.9411
PK-30140;32.1551;71.2663
PK-48810;32.9108;72.8594
PK-62100;29.7497;73.2429
PK-27800;33.2805;70.5354
PK-16900;35.2144;76.463
PK-32130;30.7935;70.5511
PK-45230;33.6954;72.9771
PK-49270;32.8117;73.1643
PK-57340;30.9689;72.3135
PK-34000;30.6447;70.9575
PK-40540;32.4821;72.9086
PK-54550;31.5242;74.2631
PK-47240;33.9076;73.5154
PK-67470;26.3594;68.3334
PK-67070;27.0165;68.126
PK-22260;34.0476;73.3369
PK-68120;26.1911;68.967
PK-47850;33.1821;73.1929
PK-52330;32.1342;74.0163
PK-43270;33.1079;72.4549
PK-29430;32.355;70.5567
PK-47030;33.7578;72.792
PK-65052;27.9466;69.6701
PK-77340;27.7666;68.1013
PK-43734;30.4239;72.6974
PK-40620;32.234;72.3623
PK-28320;32.8046;70.6478
PK-48180;32.9453;72.1678
PK-49030;32.5776;72.8183
PK-89300;34.8851;73.9306
PK-50030;32.803;73.6279
PK-91220;25.1739;63.2837
PK-47320;33.62;73.4039
PK-87340;30.6451;66.5429
PK-47092;33.7378;72.8797
PK-45650;33.63;73.2381
PK-12300;33.7987;73.6324
PK-49310;32.853;73.2242
PK-50932;32.804;74.0621
PK-26070;34.8574;72.4669
PK-41330;32.3732;72.1547
PK-46320;33.6332;73.0402
PK-26010;33.5552;71.5012
PK-23370;34.3464;72.2789
PK-40340;32.288;72.7048
PK-49024;32.5669;72.8707
PK-43250;33.3177;72.1866
PK-38850;31.4361;73.0201
PK-24240;33.9117;71.8182
PK-40120;27.9989;68.6242
PK-30040;31.4133;71.0064
PK-54650;31.5134;74.3467
PK-48220;32.8012;72.0677
PK-11032;33.3441;73.9084
PK-67310;26.8876;68.2806
PK-57460;28.9962;70.953
PK-52000;32.4432;74.12
PK-79220;28.1136;68.7345
PK-84820;30.3632;68.5996
PK-50490;32.3879;73.4404
PK-38086;31.3728;73.0365
PK-43230;33.5103;72.182
PK-51140;32.5348;74.4508
PK-48410;32.782;73.092
PK-15210;36.1461;74.2324
PK-59300;29.5794;71.7663
PK-69230;24.737;69.7971
PK-45550;33.6425;73.152
PK-22210;34.1258;73.341
PK-88430;27.4127;65.132
PK-18300;34.8266;71.8442
PK-39560;32.103;73.2789
PK-48920;33.2011;72.9879
PK-51150;32.5348;74.4508
PK-52356;32.0425;74.0559
PK-65220;29.3608;71.1425
PK-51370;32.7048;74.2871
PK-67480;26.4672;68.2799
PK-90200;25.6273;66.57
PK-67370;27.1323;68.2059
PK-12420;33.9208;73.688
PK-28220;33.1509;70.4322
PK-42020;32.2787;71.5543
PK-23090;34.582;71.9332
PK-21210;34.7768;73.5253
PK-21130;34.4352;73.2561
PK-24850;29.1749;71.0252
PK-67010;27.1445;68.3698
PK-67510;26.1957;68.5511
PK-39450;31.7806;73.7236
PK-61010;30.1586;72.6798
PK-77230;27.5902;67.987
PK-43740;30.8998;72.5376
PK-65330;27.7543;68.7587
PK-22230;34.1814;73.362
PK-47480;33.3976;73.5122
PK-21350;34.4081;73.1281
PK-37020;30.8304;72.7994
PK-32010;31.1283;70.5074
PK-73120;24.6494;67.8839
PK-24490;34.0879;71.6704
PK-22050;34.1954;73.2267
PK-54870;30.417;73.105
PK-48514;34.4553;73.3596
PK-47050;33.7578;72.792
PK-49122;32.6805;73.3332
PK-11120;33.5747;73.8269
PK-51050;32.4792;74.449
PK-32040;30.9296;70.7013
PK-27900;33.2466;70.8362
PK-24270;33.8436;71.8701
PK-60050;30.1604;71.7121
PK-18250;34.7925;71.7967
PK-66120;27.3001;68.614
PK-89200;27.3733;66.3266
PK-48590;32.6636;72.5884
PK-28352;32.8286;70.7723
PK-37690;31.1971;73.107
PK-76340;25.7469;68.6613
PK-85220;29.8036;68.4128
PK-88450;27.3647;64.941
PK-48510;33.6576;73.1512
PK-43340;33.4624;72.508
PK-47530;33.2314;73.2982
PK-45570;33.6807;73.1798
PK-21310;34.3772;73.1524
PK-47200;33.9815;73.4984
PK-15100;36.0087;74.1241
PK-40530;32.2587;73.2804
PK-38200;31.4361;73.0201
PK-49102;32.6578;73.3045
PK-48222;32.8236;72.0086
PK-81300;28.2114;66.4291
PK-48060;32.9295;72.3648
PK-22010;34.2524;73.2475
PK-39470;31.7806;73.7236
PK-22510;34.2481;73.0972
PK-29100;32.2124;71.086
PK-89100;29.1506;67.6965
PK-18800;34.6616;72.0324
PK-42060;32.3675;71.463
PK-20100;35.72;75.5208
PK-23454;34.1176;72.6085
PK-50450;32.4567;73.4802
PK-46010;33.5999;73.0217
PK-13100;34.2577;73.7082
PK-56010;30.7841;73.6544
PK-90260;25.6273;66.57
PK-28030;33.0047;70.6406
PK-76310;26.5486;67.7905
PK-70220;25.1238;68.5368
PK-17054;35.9268;71.5265
PK-50090;32.6709;73.4674
PK-43730;30.4239;72.6974
PK-47350;33.6439;73.5171
PK-47546;33.4609;73.2638
PK-22106;34.2834;73.4308
PK-28364;32.788;70.7017
PK-63360;29.4952;71.4281
PK-51650;32.2252;74.921
PK-40130;31.92;72.6337
PK-76200;27.0175;67.7945
PK-95130;29.1046;65.2193
PK-72010;25.0429;68.6559
PK-43410;33.9312;72.5358
PK-31050;28.1494;67.9521
PK-42420;32.7856;71.2942
PK-30046;31.4133;71.0064
PK-58270;30.4035;71.7572
PK-15400;36.2426;74.3752
PK-16800;35.1622;76.3338
PK-55210;31.1912;73.8772
PK-24810;32.3356;71.3527
PK-37370;31.0612;72.9586
PK-22500;34.0535;73.1599
PK-45500;33.6842;73.1489
PK-47540;33.4609;73.2638
PK-59070;30.2193;71.4386
PK-46210;33.6127;73.0288
PK-21036;34.8198;73.1196
PK-73050;24.6036;68.0776
PK-43110;33.5348;72.0808
PK-52470;32.1569;70.8091
PK-56140;30.7417;73.8233
PK-50480;32.4554;73.4135
PK-51460;32.391;74.6941
PK-56410;30.7349;73.3503
PK-40400;32.2156;73.0184
PK-10380;33.0661;73.8995
PK-24740;34.0988;71.1411
PK-31350;30.8611;71.0746
PK-82200;30.4996;68.7498
PK-68310;25.7983;69.0702
PK-21110;34.291;72.888
PK-59240;29.7683;71.328
PK-84710;30.4747;69.3644
PK-48282;32.6401;74.5152
PK-43080;33.3109;71.8322
PK-26380;33.7921;70.3175
PK-25230;35.0938;72.5755
PK-22530;34.0779;73.2263
PK-47216;33.905;73.4301
PK-43680;32.7503;74.1897
PK-54010;31.5822;74.3292
PK-65210;29.3608;71.1425
PK-56130;30.7417;73.8233
PK-59200;30.1325;71.3648
PK-43520;33.9392;72.3915
PK-62250;29.6989;72.5669
PK-27400;33.0049;71.0838
PK-47500;33.3716;73.4613
PK-51700;31.7582;73.3883
PK-84100;30.0589;69.5253
PK-57160;31.5302;73.1729
PK-77390;27.6944;68.0628
PK-93230;26.7534;64.0285
PK-50120;32.7848;73.8233
PK-63450;29.0968;71.0103
PK-29120;32.2124;71.086
PK-58256;30.2903;71.7863
PK-75500;25.33;67.3383
PK-64180;28.8744;70.4554
PK-49390;33.4609;73.2638
PK-43260;33.241;72.2648
PK-15300;36.2281;73.4472
PK-87100;30.2781;66.9116
PK-28210;32.9606;69.9181
PK-66060;27.5873;68.5959
PK-61070;30.1884;72.7531
PK-55010;30.9429;74.3592
PK-40500;32.3067;72.9758
PK-85200;31.3408;69.4493
PK-43300;33.4621;72.3949
PK-26210;33.4991;70.6876
PK-50020;32.803;73.6279
PK-50964;31.9413;74.0463
PK-88300;29.0266;66.5936
PK-37200;31.3875;73.4818
PK-29162;32.0409;70.9034
PK-47490;33.4628;73.4945
PK-40010;31.8864;72.4136
PK-75300;24.917;67.0875
PK-63320;29.3473;71.2356
PK-49460;33.0236;73.6373
PK-50306;32.4173;73.7259
PK-49400;32.9988;73.6676
PK-47150;33.907;73.3734
PK-24520;34.3849;71.8057
PK-36390;30.646;72.6366
PK-59120;30.0051;71.6316
PK-13220;34.4124;73.4313
PK-33600;29.54;72.9319
PK-47010;33.7578;72.792
PK-28510;32.6033;70.8607
PK-47002;33.7983;72.6956
PK-47390;33.5664;73.393
PK-49120;32.6805;73.3332
PK-43210;33.5247;72.2422
PK-35350;31.6453;72.4222
PK-51030;32.424;74.3605
PK-54030;31.5822;74.3292
PK-49430;32.9988;73.6676
PK-23010;34.582;71.9332
PK-26300;33.8997;70.1001
PK-18050;35.2074;71.8768
PK-72120;24.7891;68.9654
PK-56030;30.7841;73.6544
PK-17220;35.5604;71.796
PK-76000;25.3657;68.3083
PK-40100;30.6624;71.2275
PK-63270;29.1819;71.5224
PK-16720;35.2305;75.944
PK-32110;30.7702;70.5419
PK-29050;32.1704;70.9337
PK-43130;33.5792;72.2216
PK-68230;25.9553;68.8887
PK-67100;26.8706;67.9813
PK-23530;34.0695;72.5324
PK-69090;25.5126;69.7844
PK-75100;24.8343;67.1755
PK-68350;25.7903;69.4556
PK-40190;30.6624;71.2275
PK-41110;32.5828;72.2683
PK-88050;30.1667;67.2205
PK-48550;32.7135;72.6141
PK-16500;34.9019;76.1981
PK-40210;31.9739;72.3311
PK-39510;32.103;73.2789
PK-28020;32.9931;70.7802
PK-67080;26.9423;68.1176
PK-78150;27.9063;68.5121
PK-31650;30.7737;70.9313
PK-14350;35.3399;74.8677
PK-34200;29.9205;70.9107
PK-11190;33.5654;73.9375
PK-51280;32.7388;74.6086
PK-70104;27.1929;69.051
PK-41122;33.4447;73.143
PK-50350;32.5346;73.6291
PK-55170;31.22;74.2306
PK-47884;33.2025;73.2697
PK-48802;32.9158;72.9616
PK-39530;31.7342;73.6972
PK-49110;32.671;73.3294
PK-30052;31.3936;71.2249
PK-52090;31.6511;73.0118
PK-52380;31.9552;74.0781
PK-42204;32.9207;71.5532
PK-47410;33.5659;73.5591
PK-66000;27.6469;68.7165
PK-79120;28.2699;69.0783
PK-51420;32.3443;74.7051
PK-64000;28.939;70.9489
PK-77100;27.4352;68.0757
PK-24350;34.0066;71.6492
PK-45240;33.6954;72.9771
PK-49230;33.1331;73.4192
PK-69100;25.2075;69.511
PK-40216;31.9739;72.3311
PK-35050;31.4002;72.3017
PK-88320;28.9437;66.6723
PK-42240;32.5989;72.0378
PK-39570;31.7831;73.4388
PK-80700;28.5838;66.829
PK-62004;29.6274;72.1799
PK-17120;36.1307;71.9409
PK-31300;30.8611;71.0746
PK-46020;33.5999;73.0217
PK-64070;28.7668;70.8158
PK-22640;33.9056;72.9514
PK-30120;31.561;72.3858
PK-33300;29.708;71.8825
PK-21230;34.5544;73.3479
PK-16700;35.2305;75.944
PK-47118;33.8806;73.3417
PK-75660;24.7961;66.9746
PK-29540;32.2989;69.5725
PK-76220;26.8629;67.7883
PK-43530;33.9227;72.3776
PK-26060;35.214;72.5433
PK-26390;33.2945;71.1021
PK-69350;25.2814;69.3962
PK-32200;30.0013;70.7606
PK-50840;32.7155;74.2831
PK-23380;34.1752;71.6977
PK-64040;28.9632;70.7361
PK-51200;32.65;74.5
PK-95120;29.1046;65.2193
PK-54780;28.1598;70.6959
PK-47592;32.9108;72.8594
PK-86720;30.7493;66.9861
PK-61120;29.8043;72.0698
PK-57440;30.4861;73.4979
PK-24130;33.9251;72.0357
PK-67230;26.1818;68.2553
PK-43370;33.2272;72.6202
PK-34110;30.1638;70.9562
PK-39100;31.4501;73.7065
PK-35080;31.4002;72.3017
PK-58030;30.4838;72.2988
PK-29410;32.1151;70.1582
PK-77380;27.7666;68.1013
PK-33100;29.5577;70.3761
PK-69200;24.6281;69.9215
PK-12270;30.2393;73.6717
PK-29320;32.1301;70.4569
PK-50934;32.7967;74.1173
PK-40462;32.1417;72.8467
PK-12180;33.676;73.9507
PK-12010;33.6167;73.7757
PK-50930;32.8003;74.0897
PK-63020;29.6246;72.1702
PK-23040;34.582;71.9332
PK-52450;32.1569;70.8091
PK-51360;32.8218;74.0552
PK-45800;33.6573;73.1284
PK-39180;31.5451;73.8289
PK-29340;33.2457;70.5037
PK-39610;31.5994;73.4913
PK-47440;33.4482;73.5057
PK-47374;33.531;73.4778
PK-50940;32.7278;74.0653
PK-35210;31.4002;72.3017
PK-18760;34.5798;71.808
PK-87550;30.1615;67.0049
PK-10300;33.2609;73.6723
PK-54784;28.1598;70.6959
PK-47280;33.7469;73.3327
PK-68220;26.0301;68.8087
PK-49350;33.0031;73.4057
PK-29180;32.3297;71.1974
PK-61040;30.1884;72.7531
PK-30160;31.5882;71.5017
PK-44010;33.7215;73.0433
PK-42012;32.3668;71.4094
PK-77300;27.8473;67.9068
PK-47380;33.5093;73.4366
PK-70080;25.2936;68.8118
PK-43570;33.908;72.3724
PK-41310;32.3552;71.8247
PK-48230;32.7506;72.4205
PK-55100;31.22;74.2306
PK-42000;32.3675;71.463
PK-28150;33.5982;71.092
PK-39250;31.6182;74.2461
PK-67204;26.2034;68.2458
PK-76120;26.4007;67.8336
PK-10480;33.1804;73.8767
PK-66070;27.3517;68.5215
PK-54762;31.4533;74.3506
PK-21062;34.5962;73.062
PK-79130;28.2699;69.0783
PK-75200;24.9224;67.134
PK-12000;33.5465;73.78
PK-48140;32.9115;72.2064
PK-48210;32.8076;72.1016
PK-65168;27.7706;69.1004
PK-29020;32.1043;70.7892
PK-89230;27.3733;66.3266
PK-36100;31.1493;72.6832
PK-52050;32.3997;73.979
PK-71900;25.181;67.8367
PK-43120;33.639;72.0534
PK-69260;24.3573;70.7545
PK-16300;35.4238;75.7391
PK-26360;33.3829;71.3373
PK-56316;30.7841;73.6544
PK-48684;33.076;72.5959
PK-43450;33.9137;72.5184
PK-45200;33.6954;72.9771
PK-51130;32.5348;74.4508
PK-77060;27.3742;68.0971
PK-41120;33.4447;73.143
PK-70130;25.7942;68.3902
PK-49232;33.2007;73.451
PK-21042;34.6772;73.0233
PK-42310;32.7474;71.5148
PK-22652;33.804;73.0644
PK-49250;33.082;73.053
PK-40418;32.4165;73.0622
PK-12550;33.8948;73.0032
PK-43002;33.0448;71.7627
PK-57030;30.7375;73.147
PK-51090;32.4051;74.2942
PK-21010;34.6627;72.9425
PK-31100;31.2246;70.9515
PK-24400;34.0879;71.6704
PK-49370;32.9669;73.5781
PK-47980;33.2057;73.3463
PK-24044;34.0215;72.0783
PK-36080;31.0009;72.6394
PK-48322;32.7399;73.0982
PK-42010;32.3668;71.4094
PK-24508;33.703;71.255
PK-50766;32.3067;72.9758
PK-50610;32.4571;73.7702
PK-95210;29.1046;65.2193
PK-24640;34.2796;71.566
PK-87110;30.2781;66.9116
PK-25130;34.0119;71.5146
PK-19210;28.4336;67.9158
PK-30110;31.8344;71.4364
PK-24700;34.0406;71.4326
PK-52130;31.8253;73.1769
PK-24830;32.3356;71.3527
PK-42210;32.6404;71.7409
PK-23400;34.2215;72.2422
PK-59330;29.5799;71.7521
PK-23390;34.3096;72.0894
PK-47470;33.412;73.4828
PK-58152;30.5074;72.0788
PK-48420;32.7453;73.0961
PK-41140;32.5974;72.0877
PK-92400;26.0359;62.8952
PK-48250;32.6968;71.9327
PK-66110;27.2684;68.7397
PK-22360;33.8901;73.283
PK-89130;29.1506;67.6965
PK-51490;32.391;74.6941
PK-23630;34.0884;72.4808
PK-51820;32.3198;75.2578
PK-92610;26.0887;62.4742
PK-49730;32.7757;73.4772
PK-90150;25.8072;66.6219
PK-40170;30.6624;71.2275
PK-73030;24.7285;68.2601
PK-46520;33.6127;73.0288
PK-75950;25.33;67.3383
PK-85500;32.7956;70.7725
PK-67160;26.7669;67.9907
PK-50486;32.3688;73.2995
PK-40342;32.288;72.7048
PK-77070;27.4136;68.0377
PK-26120;33.494;71.6752
PK-62110;29.7497;73.2429
PK-22770;34.1622;72.9563
PK-21304;34.366;73.2614
PK-13180;34.1704;73.7338
PK-87710;34.378;71.5886
PK-80310;28.1772;68.0437
PK-31250;29.9474;70.2753
PK-71100;24.9039;67.0586
PK-51540;32.1722;74.6108
PK-49210;33.0322;73.2151
PK-48824;32.9158;72.9616
PK-23424;34.7175;72.0562
PK-40050;31.8864;72.4136
PK-22810;34.1142;71.9257
PK-55260;31.2024;73.9486
PK-18000;35.2074;71.8768
PK-66020;27.5873;68.5959
PK-66030;27.5873;68.5959
PK-40440;32.2039;72.9512
PK-48770;33.0938;72.8624
PK-42050;32.4577;71.4789
PK-67390;26.6776;68.2867
PK-22060;34.2524;73.2475
PK-85210;28.2664;67.3763
PK-50010;32.9145;73.76
PK-29510;34.0109;71.0541
PK-40370;32.288;72.7048
PK-43350;33.5802;71.4723
PK-55140;31.2208;74.2548
PK-10550;34.1831;73.8176
PK-47630;33.3453;73.1306
PK-86200;28.1813;66.1652
PK-67420;26.4667;68.1658
PK-52170;32.0667;73.3833
PK-47232;33.7466;73.4119
PK-37520;31.1971;73.107
PK-91100;25.0485;61.7457
PK-13150;34.2577;73.7082
PK-10050;33.0778;74.1371
PK-50400;32.4567;73.4802
PK-49280;33.9514;71.9044
PK-24080;34.0038;72.1273
PK-77120;27.4352;68.0757
PK-21170;34.6048;73.2592
PK-43366;33.3544;72.6112
PK-52160;31.8253;73.1769
PK-17260;34.7902;71.7932
PK-80810;28.8951;64.9024
PK-39460;31.7806;73.7236
PK-84690;30.857;70.1875
PK-45750;33.5462;73.2085
PK-19050;35.005;72.5164
PK-75230;24.882;67.1486
PK-67210;26.1385;68.2744
PK-31400;29.9474;70.2753
PK-50660;32.4007;73.7872
PK-66074;27.3517;68.5215
PK-48370;32.7247;72.9582
PK-40300;32.288;72.7048
PK-54120;30.417;73.105
PK-21250;34.6374;73.4424
PK-12030;33.6443;73.6889
PK-30130;31.7847;71.6475
PK-28106;34.1566;71.7264
PK-58230;30.2841;71.9089
PK-43422;33.9514;72.5008
PK-24190;33.9961;71.8572
PK-47570;33.2314;73.2982
PK-65110;28.0044;69.3157
PK-69050;25.51;69.7132
PK-50622;32.545;74.014
PK-40614;32.1761;72.4816
PK-48620;32.8682;72.6421
PK-48042;33.004;72.1105
PK-48326;32.7602;73.2101
PK-52230;32.1929;74.1948
PK-46600;33.6127;73.0288
PK-47474;33.3983;73.4465
PK-50470;32.5498;73.4669
PK-54760;31.4533;74.3506
PK-56330;30.7841;73.6544
PK-24480;34.1694;71.7542
PK-49234;32.9058;73.2835
PK-31150;29.9132;71.353
PK-69080;25.51;69.7132
PK-86600;30.438;66.6474
PK-29350;31.9306;70.4596
PK-73090;25.175;67.7995
PK-46120;33.6127;73.0288
PK-65050;27.9466;69.6701
PK-23170;34.2288;72.0159
PK-24040;34.0034;72.1256
PK-40360;32.288;72.7048
PK-51480;32.2629;74.6633
PK-37100;30.9278;72.975
PK-64030;29.1003;70.9083
PK-43010;33.1304;71.7368
PK-55154;31.249;74.2153
PK-46610;33.6127;73.0288
PK-23270;34.4065;71.6789
PK-19070;35.005;72.5164
PK-21380;34.3352;73.0556
PK-23350;34.287;72.1618
PK-57430;28.9962;70.953
PK-60060;30.1604;71.7121
PK-82400;30.4996;68.7498
PK-37540;31.1971;73.107
PK-50260;32.6165;73.8226
PK-19132;33.8753;73.976
PK-37000;30.8304;72.7994
PK-96000;30.3434;67.7422
PK-51570;32.0995;74.6921
PK-72060;25.0251;68.7604
PK-75350;24.9576;67.1219
PK-50624;32.5374;73.9944
PK-84840;29.9123;69.3733
PK-79160;28.2457;69.1797
PK-35012;31.4002;72.3017
PK-29090;32.1704;70.9337
PK-37280;31.3875;73.4818
PK-84400;29.8977;69.5256
PK-52020;32.136;73.8326
PK-23420;34.378;71.5886
PK-49100;32.6578;73.3045
PK-64470;28.2823;69.7271
PK-45730;33.5941;73.1579
PK-43400;33.9584;72.5412
PK-10232;33.357;73.9411
PK-20200;34.6866;73.4848
PK-68140;25.9962;69.2025
PK-48940;33.0566;73.1187
PK-24800;33.9086;71.4721
PK-24600;34.221;71.5962
PK-21060;34.5962;73.062
PK-35520;31.2721;72.1604
PK-47930;32.9289;73.834
PK-78200;28.0715;68.5943
PK-48290;32.7268;72.4368
PK-91300;25.263;63.4692
PK-19250;32.5607;70.9172
PK-40220;31.9277;72.3163
PK-37050;30.8304;72.7994
PK-29240;31.4073;70.4862
PK-54810;30.417;73.105
PK-68060;25.785;68.8075
PK-21410;34.452;72.9524
PK-39000;31.8026;74.2577
PK-43232;33.4903;72.1211
PK-26290;33.7059;70.3288
PK-10010;32.9023;74.2962
PK-54700;28.1598;70.6959
PK-15800;36.1461;74.2324
PK-37300;31.0612;72.9586
PK-69094;25.5126;69.7844
PK-80400;28.0106;67.8498
PK-24000;34.0038;72.1273
PK-61200;29.8012;72.174
PK-79200;28.1136;68.7345
PK-48150;32.9417;72.2703
PK-11160;33.6077;73.9499
PK-34010;30.6761;70.7302
PK-37250;31.3333;73.4458
PK-77040;27.448;67.7965
PK-40420;32.2156;73.0184
PK-12508;33.8948;73.0032
PK-92900;26.0669;62.7134
PK-27000;33.2466;70.8362
PK-48120;32.9115;72.2064
PK-58240;30.2486;71.8038
PK-49480;32.9988;73.6676
PK-45710;33.5817;73.1636
PK-95050;29.1046;65.2193
PK-21460;34.3289;72.8667
PK-28108;34.1566;71.7264
PK-19060;34.7907;72.2824
PK-48110;32.9425;72.4781
PK-16750;35.2305;75.944
PK-24110;33.9684;71.9268
PK-28470;32.7102;70.746
PK-50290;32.554;73.764
PK-63300;29.2252;71.4325
PK-22694;33.9731;72.8511
PK-45400;33.6573;73.1284
PK-19110;34.3593;73.1243
PK-35060;31.4002;72.3017
PK-23560;34.05;72.4308
PK-96100;30.3434;67.7422
PK-33700;28.6873;69.9535
PK-72050;25.1247;68.8905
PK-76230;27.0175;67.7945
PK-49050;32.6049;72.9708
PK-89160;29.1506;67.6965
PK-54900;31.59;74.3417
PK-52030;32.4621;74.1821
PK-36380;30.7063;72.5356
PK-10450;33.1336;73.8532
PK-18550;34.8237;71.6856
PK-78060;27.95;69.2333
PK-17100;36.242;72.1593
PK-36070;31.0009;72.6394
PK-29230;31.5573;70.7601
PK-48062;33.042;72.3043
PK-25110;34.0119;71.5146
PK-41264;32.1054;71.806
PK-63350;29.7042;71.5222
PK-76170;26.4007;67.8336
PK-48584;32.7148;72.5465
PK-10020;32.8707;74.2466
PK-49740;32.7301;73.593
PK-66170;27.1193;68.952
PK-48034;33.0356;72.0175
PK-35460;31.7551;72.914
PK-40450;32.1884;73.0299
PK-17140;36.1307;71.9409
PK-49610;31.2135;73.9501
PK-54000;31.5822;74.3292
PK-78250;28.0715;68.5943
PK-22860;34.0186;72.6577
PK-54840;30.417;73.105
PK-47640;33.3453;73.1306
PK-90300;25.1188;66.7322
PK-75030;24.8764;67.1927
PK-10030;33.0778;74.1371
PK-44230;33.7215;73.0433
PK-35570;31.4474;72.1556
PK-75340;24.9982;67.1563
PK-48624;32.9452;72.5328
PK-50620;32.5298;73.9749
PK-23290;34.164;72.0843
PK-89150;29.1506;67.6965
PK-36300;30.7666;72.4345
PK-26400;33.2724;71.1821
PK-69120;25.1658;69.7785
PK-43140;33.555;72.2569
PK-87650;30.3264;67.1673
PK-68210;26.1471;68.7178
PK-60800;29.7826;70.8591
PK-12040;32.9709;73.9771
PK-63210;29.1212;71.7446
PK-48052;33.0484;72.1807
PK-18700;34.5798;71.808
PK-21030;34.75;72.9167
PK-26160;33.596;71.3384
PK-13230;34.8093;74.2727
PK-39040;32.0813;74.1083
PK-23000;34.6383;72.0734
PK-56200;30.9607;73.4521
PK-26352;33.4723;71.4057
PK-37290;31.3875;73.4818
PK-49200;32.5245;72.5349
PK-18150;35.1025;71.9881
PK-17110;36.1571;72.104
PK-47800;33.1821;73.1929
PK-43220;33.5392;72.1945
PK-48694;33.0478;72.8546
PK-22850;34.0481;72.6084
PK-57330;30.9689;72.3135
PK-41210;32.2926;72.1908
PK-58180;30.5519;72.1262
PK-20300;35.0492;72.8906
PK-87750;31.2904;69.7484
PK-12410;33.877;73.7021
PK-21360;34.4389;73.1357
PK-15110;36.0087;74.1241
PK-27220;33.2466;70.8362
PK-32020;30.5924;70.8916
PK-43470;32.6375;73.2087
PK-12330;33.8314;73.6977
PK-52302;32.0905;74.1969
PK-24530;34.2628;71.6975
PK-52340;31.9552;74.0781
PK-27300;33.2466;70.8362
PK-72020;24.8082;68.6048
PK-66062;27.5873;68.5959
PK-58000;30.4407;72.3568
PK-27200;33.2466;70.8362
PK-31500;29.9474;70.2753
PK-34400;29.2622;70.6446
PK-75330;24.9576;67.1219
PK-32430;29.8434;70.7257
PK-22720;34.0834;73.0365
PK-22800;34.0221;72.9109
PK-67350;27.5725;68.0645
PK-22270;34.0978;73.347
PK-50006;32.8504;73.6737
PK-39172;31.4346;73.7318
PK-59210;29.9175;71.5235
PK-47994;33.1281;73.3213
PK-56180;30.7417;73.8233
PK-16420;35.3566;75.556
PK-29232;31.3519;70.6876
PK-43430;33.9189;72.5425
PK-51760;32.1465;74.9997
PK-45680;33.63;73.2381
PK-62000;29.6274;72.1799
PK-40464;32.0992;73.0089
PK-64080;28.9405;70.8752
PK-28120;33.5982;71.092
PK-67084;26.9678;68.038
PK-48312;32.7304;72.8428
PK-35090;31.4002;72.3017
PK-48640;32.974;72.7028
PK-47190;34.004;73.4704
PK-52010;32.136;73.8326
PK-35010;31.4002;72.3017
PK-67400;26.5876;68.3022
PK-81150;28.284;67.4562
PK-22370;33.9902;73.3758
PK-77210;27.5875;68.0007
PK-89250;27.449;66.91
PK-91210;25.1739;63.2837
PK-88200;28.1202;66.4106
PK-15650;36.2754;74.7196
PK-43500;33.908;72.3724
PK-10200;33.357;73.9411
PK-73130;24.7474;67.9235
PK-88420;27.3647;64.941
PK-47660;33.3572;73.1023
PK-32380;29.8425;70.4919
PK-77360;27.7666;68.1013
PK-73110;24.6494;67.8839
PK-17010;35.9268;71.5265
PK-47522;33.2314;73.2982
PK-67030;27.1773;68.2942
PK-34470;29.3318;70.81
PK-22780;34.1266;73.0252
PK-49000;32.6049;72.9708
PK-29160;32.105;70.9705
PK-37620;31.1971;73.107
PK-25120;34.0119;71.5146
PK-37224;31.3875;73.4818
PK-69320;25.0724;69.2141
PK-43700;30.8998;72.5376
PK-69060;25.51;69.7132
PK-35020;31.4002;72.3017
PK-47940;32.7272;74.4428
PK-58080;30.5269;72.2408
PK-43112;33.536;72.0231
PK-26260;33.4991;70.6876
PK-15120;36.0087;74.1241
PK-77030;27.4136;68.0377
PK-67430;26.4672;68.2799
PK-70092;25.5584;68.6683
PK-63170;29.4157;71.6881
PK-36270;31.2947;72.7498
PK-40570;32.2587;73.2804
PK-67200;26.2034;68.2458
PK-48100;32.9115;72.2064
PK-69220;24.6281;69.9215
PK-70140;25.8056;68.4914
PK-10034;33.0778;74.1371
PK-29490;32.5607;69.8416
PK-22040;34.3491;73.2313
PK-24470;34.0065;71.5866
PK-75890;24.9671;67.0385
PK-73220;24.6769;67.5995
PK-35470;31.8246;72.8012
PK-57210;29.9667;70.4333
PK-48880;32.9158;72.9616
PK-50430;32.431;73.579
PK-22730;34.1143;73.075
PK-47710;33.2015;73.1481
PK-12080;33.6811;73.7639
PK-47680;33.4058;73.2072
PK-50892;32.7325;74.2348
PK-47000;33.7983;72.6956
PK-47210;33.9123;73.4297
PK-24360;33.9729;71.6078
PK-22610;33.9056;72.9514
PK-67040;27.077;68.2692
PK-63090;29.6246;72.1702
PK-46500;33.6127;73.0288
PK-69340;25.1576;69.2138
PK-13234;34.8254;74.3534
PK-61110;29.8009;72.3997
PK-28420;32.6454;70.8314
PK-51330;33.0115;73.4818
PK-88400;27.3167;64.75
PK-77320;27.7666;68.1013
PK-19220;32.5607;70.9172
PK-50600;32.4571;73.7702
PK-50730;32.6167;73.1832
PK-19030;35.0504;72.5071
PK-48556;32.699;72.6953
PK-50960;32.7657;74.0222
PK-47900;32.96;73.6942
PK-36282;31.3245;72.7282
PK-34210;29.9205;70.9107
PK-59310;29.5794;71.7663
PK-13170;34.4429;73.5752
PK-67020;27.0872;68.4941
PK-50440;32.4878;73.6589
PK-37610;31.1971;73.107
PK-24140;33.9412;71.9747
PK-39520;32.7917;72.7005
PK-71800;25.3549;68.3514
PK-50580;32.3717;73.1499
PK-51060;32.455;74.4073
PK-48240;32.7282;71.9752
PK-11170;33.5654;73.9375
PK-23166;34.2932;71.8799
PK-60010;30.1604;71.7121
PK-26280;33.5361;70.3461
PK-41162;32.5454;72.0925
PK-39170;31.4346;73.7318
PK-92650;25.7109;62.5421
PK-47110;33.8806;73.3417
PK-48320;32.7196;72.9862
PK-42312;32.7098;71.5325
PK-49260;33.0963;73.4514
PK-17250;34.2243;71.5362
PK-95100;28.8885;64.4062
PK-12250;33.8569;73.8431
PK-52150;31.3555;72.3162
PK-40162;30.6624;71.2275
PK-22584;34.0052;73.0901
PK-17230;35.3941;71.6781
PK-41200;32.1253;72.0411
PK-54790;24.8662;67.0413
PK-17200;34.7902;71.7932
PK-43114;33.5354;72.0519
PK-26050;34.8574;72.4669
PK-47330;33.5664;73.393
PK-75780;24.8847;66.9955
PK-37720;31.6122;73.1407
PK-43280;33.23;72.2502
PK-54560;31.5242;74.2631
PK-46070;33.5999;73.0217
PK-43540;33.908;72.3724
PK-57214;30.334;72.7932
PK-43550;33.908;72.3724
PK-62400;29.6989;72.5669
PK-93000;26.9719;64.0946
PK-50790;32.643;74.3263
PK-17090;35.9268;71.5265
PK-12130;33.6955;73.9189
PK-77220;27.5591;67.9361
PK-28270;32.6893;69.8343
PK-76080;25.4287;68.2772
PK-47430;33.4628;73.4945
PK-66200;27.2007;68.4786
PK-75640;24.7961;66.9746
PK-84800;29.9123;69.3733
PK-42400;32.7029;71.4416
PK-70090;25.5584;68.6683
PK-50800;32.7422;74.2978
PK-29080;31.8078;70.8961
PK-72210;24.656;68.837
PK-29140;32.2124;71.086
PK-46620;33.6127;73.0288
PK-47120;33.907;73.3734
PK-49510;33.0639;73.7062
PK-34114;30.1638;70.9562
PK-41270;32.1253;72.0411
PK-12440;33.4844;74.1275
PK-76030;25.4287;68.2772
PK-22190;34.3579;73.399
PK-47250;33.7469;73.3327
PK-39630;31.5709;73.4853
PK-59320;29.5339;71.6324
PK-34030;30.5966;70.8849
PK-31600;27.3598;68.3955
PK-68300;25.8051;69.3003
PK-12262;32.1502;73.4257
PK-76122;26.4007;67.8336
PK-24090;34.0038;72.1273
PK-48740;33.0938;72.8624
PK-23460;34.0703;72.6215
PK-43382;33.2499;72.4573
PK-37060;30.8304;72.7994
PK-47476;33.3845;73.4102
PK-50360;32.5654;73.6374
PK-59130;30.0169;71.4944
PK-37040;30.8304;72.7994
PK-14200;35.6477;74.6305
PK-64140;28.8744;70.4554
PK-24860;32.3356;71.3527
PK-26200;33.4442;70.9755
PK-49060;32.6491;73.0106
PK-30020;31.5099;71.3752
PK-47824;33.1821;73.1929
PK-10350;33.2155;73.7435
PK-51770;32.2031;75.1227
PK-63230;29.0816;71.4563
PK-45300;33.747;73.1128
PK-12200;32.1502;73.4257
PK-42232;32.8243;71.8825
PK-57110;30.4243;73.2753
PK-89240;27.3733;66.3266
PK-16910;35.18;76.6295
PK-23610;33.9905;72.2863
PK-28530;32.6033;70.8607
PK-70120;25.8146;68.422
PK-92300;26.1014;62.3659
PK-82310;32.837;70.7903
PK-24060;34.0134;72.1235
PK-64450;28.2823;69.7271
PK-12100;33.6955;73.9189
PK-51300;32.8218;74.0552
PK-95200;29.1046;65.2193
PK-57300;30.5389;72.55
PK-50750;32.1659;72.3471
PK-50040;32.803;73.6279
PK-44000;33.7215;73.0433
PK-54890;30.417;73.105
PK-48340;32.7247;72.9582
PK-24710;34.0503;71.4612
PK-34410;29.2622;70.6446
PK-48670;32.974;72.7028
PK-48564;32.9253;72.7585
PK-50220;32.6418;73.8013
PK-47970;32.9289;73.834
PK-12390;33.8881;73.7883
PK-11210;33.4248;73.9203
PK-46300;33.6332;73.0402
PK-70030;25.2582;68.2526
PK-44080;33.7215;73.0433
PK-24620;34.2007;71.6031
PK-55110;31.2518;74.4221
PK-58190;30.5948;71.9699
PK-62310;29.7971;72.8577
PK-71110;24.9039;67.0586
PK-65310;27.7543;68.7587
PK-57170;31.5302;73.1729
PK-21044;34.6772;73.0233
PK-21240;34.6374;73.4424
PK-10490;33.0899;73.8901
PK-17030;35.9268;71.5265
PK-48780;33.1419;72.7272
PK-22330;33.982;73.3997
PK-23640;34.0308;72.3442
PK-10040;32.9593;74.0431
PK-34310;30.0208;71.0968
PK-48890;32.9597;73.1226
PK-62350;29.7971;72.8577
PK-36260;31.2947;72.7498
PK-34384;29.9618;71.0572
PK-54880;30.417;73.105
PK-19204;32.5607;70.9172
PK-54020;31.5822;74.3292
PK-35152;31.0773;72.1865
PK-47070;33.7578;72.792
PK-41060;32.6536;72.4929
PK-40460;32.0567;73.1711
PK-34600;30.1569;71.4732
PK-47750;33.1414;73.1264
PK-11100;33.5654;73.9375
PK-62030;29.6274;72.1799
PK-10370;33.8582;73.7319
PK-40000;31.8864;72.4136
PK-24220;33.8908;71.8286
PK-23580;34.0473;72.3312
PK-23060;34.5063;71.9033
PK-59060;30.2217;71.5498
PK-65010;28.0184;69.6236
PK-56290;30.9607;73.4521
PK-60000;30.1604;71.7121
PK-16810;35.1622;76.3338
PK-75750;24.8847;66.9955
PK-47214;33.8977;73.4305
PK-83100;29.8965;69.2532
PK-47910;33.3378;73.4483
PK-21050;34.6627;72.9425
PK-34440;29.6902;70.8004
PK-39050;31.9038;74.5159
PK-24550;34.3193;71.5926
PK-64120;28.8744;70.4554
PK-24120;33.9684;71.9268
PK-35030;31.4002;72.3017
PK-55270;31.2989;74.07
PK-83000;29.8965;69.2532
PK-47300;33.2924;72.7618
PK-65280;31.0724;73.448
PK-48582;32.7148;72.5465
PK-62300;29.7971;72.8577
PK-24250;33.8654;71.7674
PK-50530;32.5545;73.2127
PK-45520;33.7286;73.146
PK-64130;28.8744;70.4554
PK-41022;32.5268;72.2221
PK-37740;31.6122;73.1407
PK-65180;27.7706;69.1004
PK-73080;24.323;68.0668
PK-68040;25.8859;68.703
PK-49326;32.8696;73.3629
PK-24302;33.961;71.7296
PK-22280;34.0688;73.3967
PK-42304;32.7976;71.5959
PK-41320;32.3732;72.1547
PK-43000;33.0448;71.7627
PK-32230;30.0013;70.7606
PK-60030;30.1604;71.7121
PK-94110;27.7273;64.8097