PH-4200;13.7567;121.0584
PH-4031;14.1796;121.3461
PH-7503;5.0325;120.2253
PH-6029;9.6525;123.3252
PH-3101;15.3407;120.9247
PH-8301;8.9689;125.945
PH-4019;14.4216;121.4463
PH-3523;18.226;121.5562
PH-8502;8.4531;125.9694
PH-8109;7.6731;126.0889
PH-2302;15.6065;120.5978
PH-9006;8.8072;124.7903
PH-8210;7.288;126.3733
PH-2428;15.9761;120.5711
PH-3131;15.4522;121.3387
PH-6105;10.3746;122.8682
PH-2710;17.1947;120.4517
PH-3125;15.7253;121.0692
PH-4432;13.4549;123.3653
PH-8507;8.1869;125.8531
PH-7214;8.5386;123.6155
PH-3129;15.5865;121.1834
PH-6214;10.1214;123.2742
PH-4435;13.3528;123.3677
PH-2438;16.0647;120.6687
PH-8411;9.9211;125.6692
PH-5014;11.2579;123.0138
PH-6018;10.1624;123.7076
PH-1674;14.5556;121.0751
PH-4603;14.1737;122.9066
PH-2009;15.15;120.5833
PH-8111;7.8153;126.0544
PH-1411;14.6333;120.9667
PH-2447;15.9167;120.65
PH-1611;14.6083;121.0981
PH-1220;14.5372;121.0268
PH-6531;11.1867;124.5601
PH-7310;6.5797;122.0448
PH-2610;16.7895;120.6631
PH-1707;14.4942;121.0254
PH-2612;16.5835;120.6995
PH-1111;14.636116666666666;121.02193333333332
PH-2729;17.6353;120.4108
PH-9301;7.6833;123.95
PH-1469;14.71;120.9791
PH-8026;7.1039;125.5556
PH-9302;7.5264;124.1142
PH-4339;14.1663;121.9621
PH-5413;12.4739;123.4982
PH-0400;14.575;121.0609
PH-8306;8.8059;126.2966
PH-3706;16.3079;121.1062
PH-5018;11.4728;123.0878
PH-9307;7.785;124.2564
PH-4424;13.7594;123.5201
PH-2705;17.3665;120.4808
PH-2515;16.7222;120.3525
PH-7040;7.5139;122.93
PH-4109;14.4375;120.8955
PH-1708;14.4942;121.0254
PH-0914;13.5416;122.4192
PH-2618;17.095;120.8579
PH-5202;13.4378;121.0196
PH-6220;9.3337;122.8637
PH-5815;11.466;122.7725
PH-4024;14.3427;121.0807
PH-4704;12.7494;124.1209
PH-3127;15.7118;121.1061
PH-6025;9.5211;123.4315
PH-1274;14.5529;121.0261
PH-1232;14.5329;121.0166
PH-1159;14.6494;121.0404
PH-8802;7.5667;125.9833
PH-5804;11.487;122.9963
PH-4341;14.7833;122.1833
PH-6541;11.0064;124.6075
PH-6709;12.0378;124.6578
PH-3313;16.5571;121.7029
PH-4515;13.0695;123.5999
PH-1099;14.591;120.9868
PH-3022;14.8241;120.9846
PH-1064;14.591;120.9868
PH-6124;10.7143;123.5162
PH-1275;14.5529;121.0261
PH-3303;17.0018;121.7863
PH-1638;14.5422;121.0825
PH-4213;13.9371;120.7322
PH-7400;6.0522;121.0022
PH-6127;10.484;123.4203
PH-1286;14.5529;121.0261
PH-1294;14.5529;121.0261
PH-7004;7.7703;122.7508
PH-8102;7.4713;125.8068
PH-5318;10.847;119.7818
PH-2133;14.6577;120.5132
PH-1809;14.6617;121.1227
PH-5405;12.003;123.992
PH-3333;17.3875;122.2415
PH-9712;7.9033;124.3344
PH-1681;14.5556;121.0751
PH-4516;13.2189;123.7687
PH-2443;15.9002;120.7984
PH-0926;13.7898;121.0464
PH-6088;10.3252;123.773
PH-4434;13.4075;123.3724
PH-1470;14.6733;120.9397
PH-4304;13.8771;121.9131
PH-8207;6.8981;126.0096
PH-1714;14.4942;121.0254
PH-2826;17.6746;120.6864
PH-5707;11.2915;122.0354
PH-6532;11.2372;124.4686
PH-1682;14.5556;121.0751
PH-6344;9.5542;123.7565
PH-2514;16.6686;120.3414
PH-7041;7.3106;122.8464
PH-1381;14.5472;120.9973
PH-2007;15.0091;120.6065
PH-6024;9.6281;123.4785
PH-4018;14.4033;121.4651
PH-3526;17.8486;121.3466
PH-0560;14.6894;120.98
PH-9626;7.0284;124.3873
PH-9309;7.7928;124.1917
PH-3002;14.8341;120.7327
PH-5513;12.3036;122.6004
PH-8008;6.6044;125.3275
PH-6504;11.0408;124.9611
PH-3325;17.2766;121.8085
PH-9705;7.9655;124.3284
PH-6021;9.8794;123.5956
PH-2920;18.5376;120.7671
PH-4421;13.6029;123.5225
PH-1413;14.6333;120.9667
PH-2809;17.6;120.7833
PH-5022;10.6633;122.3228
PH-6022;9.7612;123.5349
PH-1153;14.6494;121.0404
PH-6535;11.342;124.5219
PH-2445;16.0274;120.7434
PH-2441;15.8944;120.6328
PH-2018;14.9089;120.7155
PH-1269;14.5529;121.0261
PH-0902;13.2934;123.7919
PH-3806;17.6167;121.4
PH-2613;16.5746;120.5971
PH-2414;15.8227;120.3295
PH-1061;14.591;120.9868
PH-2900;18.1978;120.5957
PH-8202;7.215;126.5397
PH-2006;14.9775;120.5285
PH-0911;13.5416;122.4192
PH-4409;13.5333;123.15
PH-1812;14.6456;121.1166
PH-2614;16.4555;120.6427
PH-1659;14.5556;121.0751
PH-4900;13.4463;121.84
PH-8716;7.6397;125.0089
PH-9618;7.0284;124.3873
PH-7120;7.7061;122.1353
PH-7200;8.1481;123.8405
PH-8706;8.3389;124.7353
PH-6043;10.7273;123.8257
PH-6346;9.681;123.898
PH-1147;14.6494;121.0404
PH-4015;14.35;121.5667
PH-9213;7.985;124.0089
PH-6528;11.2456;124.7517
PH-9802;6.7333;124.6667
PH-7035;7.5951;123.2647
PH-9412;7.314;124.5853
PH-6533;11.3669;124.4824
PH-5111;13.7204;120.2498
PH-8704;8.5339;124.8831
PH-0913;13.5416;122.4192
PH-5814;11.3659;122.6844
PH-3516;18.4126;121.5152
PH-5802;11.4812;122.8325
PH-8309;8.5353;126.1214
PH-8600;8.9492;125.5436
PH-6033;9.9756;123.4061
PH-4022;14.2413;121.365
PH-3517;18.4453;121.4533
PH-4502;13.1821;123.6543
PH-6412;12.475;125.2562
PH-2434;16.1739;120.5153
PH-9702;7.9655;124.3284
PH-6052;11.1683;123.7223
PH-4501;13.2479;123.5692
PH-2805;17.5404;120.7188
PH-7119;8.0628;122.4689
PH-3118;15.7778;120.8111
PH-7020;7.9506;123.5826
PH-1224;14.5372;121.0268
PH-8423;9.9578;126.0069
PH-2619;17.084;120.8996
PH-1116;14.664633333333333;121.0597
PH-1109;14.625273333333332;121.04448666666666
PH-2815;17.4077;120.7811
PH-7408;5.9137;120.9056
PH-3332;16.9826;122.014
PH-7104;8.6773;123.4154
PH-5708;11.4272;122.056
PH-9505;6.3344;124.9528
PH-1671;14.5556;121.0751
PH-8019;7.0161;125.3454
PH-6411;12.5698;125.0141
PH-5508;12.1566;121.9941
PH-7205;8.3456;123.8296
PH-1108;14.646;121.0777
PH-6216;9.948;123.1602
PH-1113;14.677562499999999;121.06127500000001
PH-4224;13.8791;121.2139
PH-9614;7.4872;124.2992
PH-1254;14.5529;121.0261
PH-4229;13.6752;121.2395
PH-9417;7.314;124.5853
PH-2812;17.4165;120.5954
PH-6802;11.5002;125.4981
PH-6200;9.3072;123.3026
PH-4411;13.9223;122.5954
PH-8407;9.535;125.5231
PH-1050;14.591;120.9868
PH-8505;8.0458;126.0636
PH-6410;12.6833;124.3636
PH-6227;9.1603;123.4926
PH-0925;13.7898;121.0464
PH-1218;14.5384;121.0606
PH-8405;9.6542;125.6025
PH-2003;14.9653;120.6325
PH-1053;14.591;120.9868
PH-1706;14.4942;121.0254
PH-6704;11.9009;124.7459
PH-5305;9.7485;118.7832
PH-8311;8.2153;126.3164
PH-4016;14.3647;121.4829
PH-2919;18.5616;120.7868
PH-0830;14.6058;121.0621
PH-5312;10.8179;119.4985
PH-9607;7.0283;124.5025
PH-9602;7.0258;124.1667
PH-4003;14.1094;121.3936
PH-0912;13.5416;122.4192
PH-1715;14.4942;121.0254
PH-4406;13.7227;123.1169
PH-8610;8.7317;125.5992
PH-1405;14.6645;120.9773
PH-1717;14.4942;121.0254
PH-2012;15.1505;120.7697
PH-8120;6.9658;125.7261
PH-2026;15.1799;120.5871
PH-2002;14.9993;120.6117
PH-5515;12.4357;122.2344
PH-6609;10.3523;125.2506
PH-4214;14.0183;120.7296
PH-1375;14.5472;120.9973
PH-1085;14.591;120.9868
PH-9611;7.0284;124.3873
PH-5404;12.1458;123.9216
PH-1605;14.5728;121.0821
PH-1719;14.4942;121.0254
PH-5614;11.5556;122.3803
PH-1669;14.5556;121.0751
PH-9314;7.8389;124.1103
PH-6307;9.6144;124.2946
PH-3205;16.3975;122.2131
PH-6517;11.2061;124.8467
PH-1223;14.5372;121.0268
PH-0950;13.5416;122.4192
PH-1691;14.5556;121.0751
PH-4222;13.902;121.0521
PH-1052;14.591;120.9868
PH-5205;13.1772;121.2781
PH-4509;13.2934;123.7919
PH-2313;15.5775;120.6822
PH-5716;11.1267;122.068
PH-6027;9.5276;123.3069
PH-5308;10.3215;119.3451
PH-5320;10.1879;119.1826
PH-8705;8.3267;124.8114
PH-7030;7.6147;123.3383
PH-1299;14.5529;121.0261
PH-7202;8.2472;123.8424
PH-4216;14.0336;120.6493
PH-2409;16.0699;119.9391
PH-5106;13.2233;120.596
PH-1141;14.6494;121.0404
PH-3707;16.2838;121.0896
PH-2502;16.4316;120.3446
PH-1086;14.591;120.9868
PH-9020;8.5967;124.4064
PH-4336;14.7449;121.6495
PH-6132;10.3741;122.9714
PH-3527;17.7905;121.478
PH-8308;8.4519;126.1714
PH-7210;8.5587;123.6425
PH-6007;10.7508;123.9947
PH-9322;7.8;124.65
PH-2511;16.5339;120.3967
PH-2010;15.0252;120.7447
PH-1127;14.6823;121.0695
PH-6336;9.7417;123.8446
PH-5109;13.8584;120.124
PH-3802;17.3548;121.1747
PH-3311;16.7891;121.6342
PH-4429;13.7707;123.8631
PH-8017;7.2361;125.6425
PH-2602;16.5688;120.719
PH-4317;13.9455;122.2417
PH-8315;9.2264;126.0172
PH-6708;12.1446;124.8856
PH-1489;14.675;120.9319
PH-2430;16.0438;120.4861
PH-1251;14.5529;121.0261
PH-1201;14.5665;121.0202
PH-6228;9.1287;123.6356
PH-1552;14.5909;121.0363
PH-1121;14.710833333333333;121.06343333333332
PH-9217;8.1172;124.2186
PH-0907;13.2934;123.7919
PH-2017;14.896;120.7092
PH-9312;7.7681;124.1533
PH-4404;13.6887;123.2077
PH-4806;13.9003;124.2982
PH-6418;12.4098;125.0548
PH-8203;7.3297;126.5675
PH-8200;6.9551;126.2166
PH-6039;10.2708;123.5839
PH-3012;14.9285;121.03
PH-4115;14.2594;120.8512
PH-8609;9.455;125.5731
PH-1259;14.5529;121.0261
PH-3813;18.3258;121.3536
PH-1874;14.6258;121.1792
PH-2717;16.8434;120.5157
PH-4012;14.325;121.4557
PH-1307;14.5472;120.9973
PH-0918;13.5416;122.4192
PH-2415;15.8884;120.2378
PH-1054;14.591;120.9868
PH-2811;17.4379;120.6262
PH-3602;16.9704;121.2146
PH-1253;14.5529;121.0261
PH-3024;14.827;121.0451
PH-2421;15.9201;120.414
PH-1282;14.5529;121.0261
PH-7006;7.6961;122.8631
PH-2616;17.0873;120.9768
PH-1059;14.591;120.9868
PH-9103;9.1059;124.7243
PH-9319;7.75;124.1
PH-2730;17.685;120.4244
PH-0929;13.7898;121.0464
PH-2433;16.1231;120.4056
PH-9805;6.6294;124.605
PH-1606;14.5691;121.0797
PH-9100;9.2504;124.7156
PH-4600;14.1122;122.9553
PH-8005;6.7861;125.2133
PH-9502;5.8575;125.0061
PH-4609;14.1061;122.8733
PH-8702;8.3097;125.0019
PH-5029;10.7157;122.2657
PH-6522;10.4997;124.7405
PH-6002;10.3991;123.9992
PH-1420;14.711;120.9942
PH-9003;8.6542;124.7556
PH-3402;16.5428;121.5638
PH-7406;5.9993;121.1424
PH-1920;14.5588;121.1329
PH-5700;11.1615;122.0451
PH-6109;10.0266;122.7684
PH-2821;17.6611;120.9504
PH-6049;10.6292;124.4087
PH-3124;15.8113;121.1443
PH-1870;14.6258;121.1225
PH-6347;9.7038;124.0483
PH-0840;14.6058;121.0621
PH-6604;10.3556;124.9697
PH-1045;14.5833;120.9833
PH-7302;6.6502;122.1295
PH-1412;14.6333;120.9667
PH-9009;8.5258;124.7464
PH-7111;8.0492;122.8072
PH-1167;14.6494;121.0404
PH-5800;11.5853;122.7511
PH-5706;11.1957;122.0386
PH-6123;10.6863;123.3141
PH-1689;14.5556;121.0751
PH-2317;15.2739;120.5668
PH-1747;14.4414;120.9952
PH-1444;14.6966;120.9871
PH-2517;16.8219;120.4045
PH-5010;11.0;122.8333
PH-2818;17.5783;120.8032
PH-4612;14.0934;122.7862
PH-7103;8.5916;123.4859
PH-4210;14.0167;121.2
PH-6806;11.9953;125.4472
PH-5416;12.4833;123.7622
PH-9400;7.0083;125.0894
PH-8100;7.4475;125.8046
PH-2719;17.0833;120.6
PH-3206;15.9234;121.7005
PH-9613;7.5161;124.2564
PH-8708;8.2336;124.6003
PH-0910;13.5416;122.4192
PH-2436;16.0503;120.5926
PH-6037;10.209;123.758
PH-9219;7.9758;124.0636
PH-1716;14.4942;121.0254
PH-8310;8.3722;126.3342
PH-4514;13.1235;123.8693
PH-1447;14.6966;120.9871
PH-1780;14.4023;121.0336
PH-0870;14.6058;121.0621
PH-7504;5.1861;120.4981
PH-2519;16.8936;120.4243
PH-1970;14.5169;121.2658
PH-6527;11.1837;124.7827
PH-1407;14.6645;120.9773
PH-3109;15.3275;120.9192
PH-8002;6.7497;125.3572
PH-7209;8.6214;123.7101
PH-2913;18.1032;120.6967
PH-7125;7.7223;122.3042
PH-4802;13.8959;124.2725
PH-1350;14.5472;120.9973
PH-5713;10.79;122.0178
PH-1119;14.7085;121.1035
PH-1630;14.5097;121.04
PH-8004;6.7667;125.1833
PH-6316;9.6383;124.0348
PH-2505;16.2798;120.3792
PH-4105;14.4292;120.8799
PH-4604;14.1532;122.8303
PH-6115;10.7375;122.9666
PH-7510;4.9937;120.0146
PH-6503;11.1;125.0167
PH-7025;8.0702;123.5348
PH-1102;14.668999999999999;121.08799999999998
PH-4023;14.3595;121.0473
PH-1123;14.6757;121.0556
PH-6538;11.0508;124.3843
PH-3202;15.7967;121.4737
PH-4701;13.0378;124.0411
PH-8427;10.0094;125.573
PH-2439;16.0051;120.6695
PH-4122;14.1953;120.8769
PH-6801;11.4714;125.5106
PH-6106;10.2706;122.8507
PH-3117;15.7819;120.6647
PH-6722;11.6341;124.7947
PH-9019;8.7993;124.7867
PH-6608;10.3941;125.1977
PH-7100;8.567;123.3347
PH-7113;8.2812;123.032
PH-1695;14.5556;121.0751
PH-5046;10.5108;122.5315
PH-4101;14.4375;120.8955
PH-9633;6.7817;124.7933
PH-6345;9.6324;123.9021
PH-3814;18.255;121.0344
PH-1091;14.591;120.9868
PH-2419;16.0009;120.4023
PH-7037;7.6379;123.1944
PH-8018;7.1844;125.4565
PH-5415;12.3976;123.7628
PH-1101;14.641099999999998;121.03459999999998
PH-2102;14.6206;120.5817
PH-1667;14.5556;121.0751
PH-1087;14.591;120.9868
PH-8607;9.3431;125.5156
PH-8312;8.0389;126.4125
PH-1271;14.5529;121.0261
PH-1656;14.5556;121.0751
PH-2100;14.6761;120.5361
PH-7001;7.7844;122.5861
PH-0921;13.7898;121.0464
PH-2708;17.2333;120.4833
PH-8714;7.7633;125.0053
PH-8205;7.7914;126.4533
PH-6813;11.6288;125.4513
PH-3115;15.6605;120.7683
PH-2814;17.5783;120.8032
PH-7405;5.9993;121.1424
PH-2723;17.2693;120.5213
PH-1295;14.5529;121.0261
PH-2307;15.6689;120.5806
PH-6530;11.2933;124.6419
PH-3714;15.8006;121.3054
PH-2201;15.3276;119.978
PH-7005;7.7972;122.765
PH-6416;12.5223;124.425
PH-2733;17.8664;120.4583
PH-1873;14.6338;121.1415
PH-1287;14.5529;121.0261
PH-6116;10.8003;122.9763
PH-5602;11.4802;122.3042
PH-2212;15.6254;119.9297
PH-1155;14.6494;121.0404
PH-8403;9.6972;125.5856
PH-7416;5.5959;120.7967
PH-5207;13.0669;121.3986
PH-9807;6.5856;124.5209
PH-3314;16.5178;121.7454
PH-6811;11.12;125.4494
PH-6020;9.9175;123.6069
PH-7102;8.5671;123.3963
PH-2902;18.0616;120.5221
PH-6110;9.817;122.6043
PH-1078;14.591;120.9868
PH-9206;8.1613;123.9583
PH-6015;10.3103;123.9494
PH-8116;7.4099;125.8331
PH-5319;10.847;119.7818
PH-5020;10.6931;122.4736
PH-3203;15.8479;121.5383
PH-4700;12.9739;123.9933
PH-2819;17.5783;120.8032
PH-3403;16.4889;121.645
PH-1636;14.5195;121.0621
PH-8419;9.6705;125.7373
PH-7308;6.5797;122.0448
PH-8316;9.2621;125.9644
PH-6111;9.9839;122.8142
PH-1712;14.4942;121.0254
PH-2005;14.9405;120.6011
PH-7311;6.5797;122.0448
PH-1290;14.5529;121.0261
PH-4135;14.2784;120.7817
PH-6502;11.1094;125.0156
PH-3809;18.017;121.1817
PH-9215;7.985;124.0089
PH-9303;7.6667;124.15
PH-1264;14.5529;121.0261
PH-8006;6.6833;125.3256
PH-8606;9.1669;125.5239
PH-6524;10.3744;124.7497
PH-6513;11.0199;124.9054
PH-6725;11.6388;124.8417
PH-1285;14.5529;121.0261
PH-5317;10.847;119.7818
PH-4120;14.0953;120.9335
PH-1500;14.6058;121.0446
PH-8319;8.8816;126.1295
PH-4801;13.6068;124.2986
PH-9615;7.5097;124.3714
PH-3808;17.431;121.2795
PH-3801;17.4414;121.2019
PH-2420;15.9294;120.3486
PH-6226;9.2453;123.5939
PH-8425;10.0553;126.0689
PH-6101;10.5333;122.8333
PH-5030;10.8925;122.4347
PH-4400;13.6192;123.1814
PH-6207;9.7272;122.9017
PH-2016;14.9533;120.77
PH-5418;12.644;123.6648
PH-4803;13.6588;124.37
PH-8418;9.8694;125.9697
PH-9004;8.7417;124.8269
PH-3111;15.5;120.843
PH-1017;14.595;120.9886
PH-8020;7.1683;125.5794
PH-6407;12.4129;124.2791
PH-9220;8.0133;124.0344
PH-9318;7.9167;124.2003
PH-6051;10.6383;124.4729
PH-4804;13.7796;124.39
PH-1871;14.6304;121.1214
PH-1805;14.6463;121.095
PH-3301;17.0497;121.836
PH-4001;14.0639;121.2465
PH-2211;15.5363;119.9502
PH-8805;7.8153;126.0544
PH-6606;10.3847;124.9814
PH-8011;6.5536;125.4708
PH-7304;6.5814;122.1794
PH-5321;9.9757;118.7413
PH-2712;17.1175;120.4531
PH-2808;17.5424;120.5199
PH-3811;18.2833;121.4333
PH-1446;14.6966;120.9871
PH-5316;10.847;119.7818
PH-1930;14.5266;121.1536
PH-3120;15.7253;121.0692
PH-6402;12.5296;124.4875
PH-6302;9.6081;123.9581
PH-4029;14.2154;121.1222
PH-1652;14.5556;121.0751
PH-3004;14.8872;120.8572
PH-4126;14.14;120.8926
PH-5701;10.8384;121.9605
PH-7026;8.1183;123.4455
PH-4403;13.6604;123.1869
PH-6131;10.3239;123.0215
PH-4102;14.459;120.9385
PH-2101;14.66;120.5653
PH-4311;13.5926;122.3215
PH-1125;14.7258;121.0275
PH-3100;15.4859;120.9665
PH-6335;9.7809;123.8988
PH-3609;16.7879;121.0348
PH-5110;13.8144;120.2002
PH-1138;14.6494;121.0404
PH-6301;9.6264;123.8942
PH-5105;13.0736;120.7226
PH-1270;14.5529;121.0261
PH-4234;14.0039;121.0183
PH-2704;17.4175;120.4753
PH-2601;16.455;120.5875
PH-6618;10.3333;125.0833
PH-9402;6.9467;124.8783
PH-1173;14.6494;121.0404
PH-6701;11.7625;124.9519
PH-6548;11.5717;124.5822
PH-3324;17.313;121.6065
PH-9507;6.2;125.0167
PH-5705;11.1267;122.068
PH-6501;11.1575;124.9908
PH-2204;15.0633;120.1174
PH-8509;8.0731;125.9558
PH-7410;5.5959;120.7967
PH-6700;11.7753;124.8861
PH-4017;14.3835;121.4786
PH-4334;14.1946;121.9264
PH-4008;14.2732;121.4552
PH-6519;11.3242;124.7383
PH-5403;12.1923;123.8592
PH-6017;10.2439;123.9422
PH-6001;10.3766;123.9573
PH-5409;11.9275;123.7698
PH-1960;14.5185;121.2378
PH-4707;12.7001;124.0322
PH-6546;11.7792;124.3492
PH-4002;14.1364;121.4165
PH-6605;10.2506;124.9831
PH-6004;10.5208;124.0272
PH-9405;7.0244;124.9227
PH-3319;16.7842;121.535
PH-3112;15.5439;120.7634
PH-8421;9.9369;126.0886
PH-4220;13.9706;121.2051
PH-7011;7.8667;123.0667
PH-6421;12.5458;125.1147
PH-5311;10.5529;119.9913
PH-8707;8.3169;124.6828
PH-4430;13.4701;123.278
PH-1711;14.4942;121.0254
PH-0940;13.5416;122.4192
PH-5036;11.0712;122.656
PH-6338;9.6883;123.9751
PH-8810;7.5241;125.9611
PH-0880;14.6058;121.0621
PH-2713;17.0856;120.4522
PH-8013;6.2644;125.6678
PH-2404;16.1561;119.9811
PH-1212;14.5541;121.0499
PH-1485;14.6667;120.95
PH-1445;14.6966;120.9871
PH-2702;17.5619;120.3975
PH-8501;8.5356;125.95
PH-4902;13.4758;122.0275
PH-3015;14.8333;120.8833
PH-6010;11.0517;124.0055
PH-1742;14.4414;120.9952
PH-8500;8.58;125.8964
PH-1698;14.5556;121.0751
PH-3702;16.3865;121.1066
PH-1607;14.5749;121.0926
PH-1166;14.6494;121.0404
PH-2700;17.5747;120.3869
PH-1421;14.711;120.9942
PH-7507;4.9937;120.0146
PH-4904;13.2551;121.9415
PH-4505;13.2593;123.4963
PH-1850;14.6982;121.1236
PH-5023;10.6442;122.2352
PH-8504;8.3869;126.0033
PH-9315;7.8542;124.1205
PH-8012;6.415;125.6117
PH-2004;14.9438;120.6229
PH-6107;10.1948;122.8581
PH-1535;14.5958;121.0391
PH-2608;16.8632;120.7829
PH-8003;6.6792;125.255
PH-4112;14.2733;120.7377
PH-2000;15.0343;120.6844
PH-9629;7.0284;124.3873
PH-2520;16.9056;120.4617
PH-1654;14.5556;121.0751
PH-2615;16.5431;120.6096
PH-5002;10.8231;122.5344
PH-4312;13.5222;122.4042
PH-4331;14.0027;121.9208
PH-6547;11.6578;124.5425
PH-6040;10.2219;123.5483
PH-5212;12.5835;121.5176
PH-4207;13.9283;120.951
PH-7002;7.6561;122.4671
PH-1480;14.6884;120.9401
PH-1637;14.5321;121.075
PH-2504;16.3228;120.3666
PH-2921;18.4947;120.8619
PH-4511;13.3586;123.7336
PH-9313;7.8162;124.071
PH-7014;7.8541;123.1598
PH-6511;11.0199;124.9054
PH-4420;13.6331;123.4968
PH-9616;6.8714;124.5203
PH-3016;14.8167;120.8667
PH-3520;18.0732;121.4185
PH-3330;16.9879;122.182
PH-4310;13.8833;122.2
PH-8710;7.718;125.0011
PH-3400;16.5111;121.5212
PH-5717;10.4312;121.927
PH-7309;6.5797;122.0448
PH-5033;10.9056;122.5765
PH-5410;12.2181;123.5095
PH-7106;8.5329;123.3617
PH-0980;13.5416;122.4192
PH-9414;7.314;124.5853
PH-1680;14.5556;121.0751
PH-1802;14.6269;121.0767
PH-2431;16.0726;120.4383
PH-1771;14.4023;121.0336
PH-4320;13.9844;121.4543
PH-8512;7.9911;126.03
PH-4300;13.8731;121.929
PH-4715;12.9055;123.5949
PH-1156;14.6494;121.0404
PH-7007;7.695;122.7253
PH-9513;6.2;124.8333
PH-4506;13.2923;123.4855
PH-6509;10.8347;124.9953
PH-2508;16.3221;120.467
PH-8723;8.1214;125.3275
PH-8721;7.4836;124.9431
PH-1297;14.5529;121.0261
PH-6118;10.3109;122.987
PH-1000;14.59;120.9863
PH-1302;14.5403;120.9964
PH-6133;10.3741;122.9714
PH-9012;9.0003;124.8809
PH-1554;14.5909;121.0363
PH-7216;8.5386;123.6155
PH-5406;12.0897;123.841
PH-3201;15.7208;121.5205
PH-1227;14.5372;121.0268
PH-2620;16.9956;120.8203
PH-3700;16.4812;121.1497
PH-8001;6.8369;125.4131
PH-1748;14.4414;120.9952
PH-6715;11.6247;125.0164
PH-4208;13.8799;120.9231
PH-4423;13.6993;123.5178
PH-4125;14.14;120.8926
PH-7502;5.155;120.3452
PH-1701;14.4942;121.0254
PH-6201;9.3584;123.285
PH-3130;15.434;121.0763
PH-8711;7.8664;125.2336
PH-1265;14.5529;121.0261
PH-3327;17.2208;121.7363
PH-2403;16.0668;120.0941
PH-8007;6.6411;125.345
PH-2609;16.8675;120.7818
PH-4532;12.8512;124.0909
PH-6405;12.5006;124.2849
PH-7126;8.0461;122.8042
PH-1402;14.6833;121.0
PH-5616;11.538;122.487
PH-9321;7.8;124.65
PH-5401;12.3363;123.6574
PH-2210;15.435;119.9045
PH-1478;14.711;120.9942
PH-6408;12.4237;124.1811
PH-6718;11.8465;124.9402
PH-8025;7.0147;125.4978
PH-3504;17.7506;121.7364
PH-1258;14.5529;121.0261
PH-1217;14.5477;121.0613
PH-1530;14.5958;121.0391
PH-3900;20.4486;121.9702
PH-1117;14.69896;121.03884000000001
PH-6206;9.5911;123.1228
PH-6712;12.05;124.15
PH-6523;11.0;124.9667
PH-6217;9.1914;123.2654
PH-1069;14.591;120.9868
PH-9635;7.0284;124.3873
PH-4205;13.8645;121.0041
PH-6817;12.0371;125.4825
PH-5414;12.5111;123.3977
PH-0916;13.5416;122.4192
PH-9612;7.1333;124.3
PH-5315;10.847;119.7818
PH-9401;6.9517;125.0969
PH-4705;12.8292;123.8364
PH-9310;7.8067;124.1685
PH-3511;18.2882;121.8331
PH-9700;8.0034;124.2839
PH-1635;14.5195;121.0621
PH-6213;10.0266;123.2335
PH-2312;15.6248;120.648
PH-1252;14.5529;121.0261
PH-1211;14.5541;121.0499
PH-4027;14.2117;121.1653
PH-9709;8.0819;124.4011
PH-1062;14.591;120.9868
PH-3014;14.865;120.9572
PH-2513;16.6756;120.4031
PH-7124;7.8958;122.5362
PH-4232;14.0863;121.1498
PH-3018;14.7983;120.9261
PH-4610;14.0934;122.7862
PH-6100;10.6667;122.95
PH-1300;14.5472;120.9973
PH-6333;9.6466;124.0633
PH-1175;14.6494;121.0404
PH-4230;13.8176;121.133
PH-5803;11.431;122.9279
PH-8313;8.8816;126.1295
PH-1423;14.711;120.9942
PH-1279;14.5529;121.0261
PH-5107;12.9066;120.7853
PH-2408;16.1161;119.7993
PH-4418;13.6667;123.3167
PH-2019;14.9676;120.6828
PH-9632;6.7;124.7833
PH-3326;17.3081;121.7775
PH-4117;14.2594;120.8512
PH-9222;8.1;124.2833
PH-6420;12.3392;125.0313
PH-6319;9.8223;124.1964
PH-4808;13.9849;124.1347
PH-2707;17.2939;120.4449
PH-1427;14.711;120.9942
PH-6230;9.2761;123.6468
PH-8015;5.4033;125.4636
PH-6326;10.1373;124.3776
PH-6610;10.2772;125.2625
PH-1296;14.5529;121.0261
PH-1272;14.5529;121.0261
PH-1602;14.554;121.097
PH-6313;9.8649;124.5215
PH-9628;7.0284;124.3873
PH-1746;14.4414;120.9952
PH-6710;12.0668;124.5962
PH-1040;14.5833;120.9833
PH-2022;15.0955;120.767
PH-2907;18.052;120.6898
PH-7042;7.7161;123.3219
PH-5412;12.0369;123.1935
PH-1685;14.5556;121.0751
PH-5324;10.1879;119.1826
PH-4106;14.4183;120.8577
PH-3308;16.8003;121.7722
PH-9410;7.1908;124.5303
PH-0923;13.7898;121.0464
PH-6108;10.0989;122.8706
PH-1666;14.5556;121.0751
PH-8113;7.5903;125.7069
PH-8416;9.6214;125.9667
PH-3605;16.6491;121.2247
PH-1010;14.6;120.9667
PH-5005;10.8147;122.6068
PH-4107;14.4375;120.8955
PH-3810;18.2163;121.4185
PH-8808;7.5241;125.9611
PH-1151;14.6494;121.0404
PH-1426;14.711;120.9942
PH-2025;14.9127;120.5666
PH-9406;7.0864;124.9006
PH-2823;17.4279;120.7018
PH-7108;8.5671;123.3963
PH-5811;11.3407;122.6694
PH-6031;9.8647;123.3964
PH-3328;17.4278;121.7695
PH-5304;9.7485;118.7832
PH-1409;14.6515;120.9612
PH-1014;14.595;120.9886
PH-1531;14.5958;121.0391
PH-1880;14.5612;121.2195
PH-1075;14.591;120.9868
PH-2621;16.9898;120.8671
PH-6023;9.8708;123.5811
PH-1504;14.6058;121.0446
PH-1219;14.5541;121.0499
PH-5201;13.3573;121.0983
PH-4004;14.144;121.4048
PH-1474;14.6753;120.9681
PH-1713;14.4942;121.0254
PH-7300;6.5797;122.0448
PH-1152;14.6494;121.0404
PH-1900;14.5786;121.1222
PH-4013;14.2448;121.508
PH-5000;10.6969;122.5644
PH-5314;11.4924;119.8703
PH-7409;5.9333;121.0249
PH-1662;14.5556;121.0751
PH-0920;13.7898;121.0464
PH-9201;8.186;124.1628
PH-1225;14.5372;121.0268
PH-7013;7.7478;123.1445
PH-6119;10.9015;123.0705
PH-5016;11.418;123.108
PH-6212;9.9797;123.1999
PH-6203;9.508;123.1593
PH-1231;14.5469;121.0106
PH-1774;14.4023;121.0336
PH-5043;11.2258;122.9275
PH-5607;11.831;122.087
PH-1910;14.4854;121.3062
PH-9605;7.2289;124.2578
PH-0801;14.6058;121.0621
PH-2405;16.2892;119.95
PH-9016;8.5214;124.5711
PH-3404;16.3414;121.6849
PH-2911;18.1989;120.8683
PH-4419;13.5594;123.3761
PH-9503;6.2792;125.2817
PH-6125;10.7143;123.5162
PH-6545;11.6794;124.3567
PH-2440;15.9436;120.7155
PH-5301;9.7503;118.6617
PH-5309;10.0;119.0
PH-1081;14.591;120.9868
PH-5001;10.7761;122.5456
PH-3307;16.7553;121.7483
PH-9211;7.985;124.0089
PH-9324;7.8;124.65
PH-3119;15.7161;120.9031
PH-4412;13.6165;123.1419
PH-6337;9.6875;123.9218
PH-8108;7.5081;125.9169
PH-1118;14.7255;121.06655
PH-1503;14.6058;121.0446
PH-5017;11.4551;123.152
PH-6534;11.4472;124.4281
PH-2716;16.8861;120.5304
PH-2111;14.8314;120.5081
PH-6219;9.0648;123.0339
PH-1165;14.6494;121.0404
PH-1872;14.6289;121.1412
PH-1013;14.595;120.9886
PH-2435;16.111;120.544
PH-4608;14.065;122.9642
PH-9711;7.95;124.2333
PH-4309;13.7469;122.1386
PH-2824;17.7208;120.7067
PH-9204;8.1786;124.0976
PH-9631;7.0284;124.3873
PH-7015;7.8191;123.3694
PH-4315;13.7911;122.2876
PH-7306;6.6439;122.2736
PH-4006;14.1547;121.4988
PH-6012;11.1286;123.9622
PH-6804;11.3258;125.6194
PH-7003;7.8125;122.5344
PH-5021;10.6747;122.3776
PH-1277;14.5529;121.0261
PH-2506;16.2304;120.4863
PH-2104;14.5142;120.5931
PH-2912;18.1655;120.7175
PH-7043;7.8175;123.2836
PH-6327;9.7998;123.7929
PH-1070;14.591;120.9868
PH-1678;14.5556;121.0751
PH-4422;13.6978;123.4892
PH-9018;8.5733;124.4736
PH-7301;6.6402;121.8395
PH-6130;10.4242;122.9212
PH-9022;8.4997;124.3039
PH-8713;7.6011;124.9086
PH-6325;9.9833;124.3333
PH-1704;14.4942;121.0254
PH-4417;13.5118;123.0426
PH-3336;16.5273;122.2645
PH-1401;14.6778;121.01
PH-3519;18.6074;121.0832
PH-2427;15.9017;120.5883
PH-2801;17.6477;120.7091
PH-2334;15.7354;120.574
PH-5813;11.308;122.6236
PH-2516;16.772;120.4604
PH-2917;18.3328;120.6177
PH-6419;12.5082;124.8326
PH-1477;14.6585;120.972
PH-2816;17.4509;120.915
PH-0930;13.5416;122.4192
PH-2222;15.2255;120.0577
PH-1080;14.591;120.9868
PH-7012;7.4267;122.8103
PH-6006;10.7167;124.0
PH-4007;14.1999;121.429
PH-8119;7.0744;125.7083
PH-5704;11.0446;122.0646
PH-1705;14.4942;121.0254
PH-1612;14.612;121.0932
PH-3103;15.3512;121.0039
PH-5101;12.3333;121.15
PH-5613;11.8199;122.162
PH-2402;16.0281;120.1442
PH-3021;14.7098;120.9362
PH-1490;14.6753;120.9389
PH-1380;14.5472;120.9973
PH-7034;7.4669;123.4081
PH-6423;12.3151;125.3032
PH-4202;13.7532;120.9405
PH-5209;12.9833;121.4667
PH-1631;14.4996;121.0507
PH-1161;14.6494;121.0404
PH-4113;14.1883;120.7575
PH-4805;13.8719;124.3091
PH-9621;7.0284;124.3873
PH-1076;14.591;120.9868
PH-0927;13.7898;121.0464
PH-2303;15.5879;120.5427
PH-3505;17.8357;121.7237
PH-5302;9.4336;118.5488
PH-9715;7.8983;124.3931
PH-1304;14.5508;120.9992
PH-5009;10.7667;122.5667
PH-1174;14.6494;121.0404
PH-1775;14.4023;121.0336
PH-5809;11.3867;122.7859
PH-1090;14.591;120.9868
PH-9416;7.4908;124.7242
PH-3106;15.3021;120.9087
PH-4306;13.8667;122.0167
PH-5506;12.3383;121.9414
PH-5213;12.5204;121.4385
PH-9218;8.0661;124.2583
PH-4436;13.3211;123.2333
PH-6520;11.4238;124.8449
PH-3712;16.7262;121.3589
PH-4702;12.8736;124.0097
PH-6215;9.6069;123.0335
PH-0850;14.6058;121.0621
PH-7029;7.6483;123.2675
PH-1379;14.5472;120.9973
PH-1940;14.4646;121.1929
PH-1281;14.5529;121.0261
PH-9200;8.2289;124.2434
PH-9801;6.6964;124.9372
PH-6601;10.0797;124.9431
PH-2108;14.6789;120.2661
PH-1377;14.5472;120.9973
PH-1664;14.5556;121.0751
PH-8314;9.2342;126.0644
PH-1144;14.6494;121.0404
PH-1120;14.657;121.0667
PH-7402;5.9811;121.2147
PH-0901;13.2934;123.7919
PH-3114;15.5883;120.9192
PH-0860;14.6058;121.0621
PH-1301;14.5472;120.9973
PH-1536;14.5958;121.0391
PH-0928;13.7898;121.0464
PH-2109;14.454;120.5914
PH-5505;12.4017;121.9919
PH-7407;5.9772;120.9847
PH-5810;11.3937;122.6856
PH-1089;14.591;120.9868
PH-2406;16.3883;119.8923
PH-9221;8.0377;123.9458
PH-6415;12.5333;124.8667
PH-4217;13.9411;121.1631
PH-1016;14.601;121.0151
PH-5502;12.3975;122.056
PH-1213;14.5541;121.0499
PH-5031;10.8794;122.486
PH-1112;14.613;121.04200000000002
PH-2501;16.5308;120.3331
PH-4014;14.2973;121.4598
PH-4342;14.7126;122.3686
PH-6705;11.9657;124.7212
PH-5032;10.9313;122.5745
PH-1093;14.591;120.9868
PH-8806;7.3619;125.8553
PH-9504;6.2217;125.064
PH-1352;14.5472;120.9973
PH-1228;14.5372;121.0268
PH-9001;8.5395;124.7541
PH-2020;14.9515;120.6268
PH-2413;15.7874;120.2921
PH-3503;17.6528;121.691
PH-1162;14.6494;121.0404
PH-5028;10.8214;122.4311
PH-2423;15.8127;120.4557
PH-2625;17.1716;121.3678
PH-0922;13.7898;121.0464
PH-3316;16.9906;121.6366
PH-1088;14.591;120.9868
PH-1741;14.4414;120.9952
PH-5600;11.7061;122.3644
PH-2001;15.0003;120.652
PH-3705;16.3844;121.0964
PH-5712;11.7448;122.1003
PH-4215;13.8322;120.6322
PH-1104;14.637400000000001;121.01962857142857
PH-6537;11.2135;124.3921
PH-3007;14.9581;120.9178
PH-3304;17.0333;121.8333
PH-8417;9.7594;126.0531
PH-2512;16.6083;120.4394
PH-2605;16.4895;120.8313
PH-7312;6.5797;122.0448
PH-5012;11.1724;123.0197
PH-3512;18.2472;121.9127
PH-1424;14.711;120.9942
PH-3607;16.8609;121.0848
PH-5611;11.712;122.2922
PH-2008;15.0711;120.5423
PH-5420;13.1289;122.9771
PH-2410;15.809;120.4674
PH-6542;10.9158;124.6945
PH-2802;17.6125;120.7358
PH-5041;11.233;122.5672
PH-6819;11.6288;125.4513
PH-6099;10.3252;123.773
PH-2715;16.9762;120.5254
PH-4308;13.7838;122.0902
PH-4332;14.0057;122.1838
PH-5004;10.8197;122.6081
PH-1164;14.6494;121.0404
PH-8303;8.9697;126.2861
PH-1475;14.6669;120.9814
PH-9603;6.8333;124.15
PH-7107;8.4308;123.4706
PH-9212;7.985;124.0089
PH-1471;14.6753;120.9422
PH-9636;7.0284;124.3873
PH-1163;14.6494;121.0404
PH-1079;14.591;120.9868
PH-4711;13.0417;124.1939
PH-1298;14.5529;121.0261
PH-4211;13.9356;120.9326
PH-9011;9.0039;124.8519
PH-1687;14.5556;121.0751
PH-6323;9.8851;124.3264
PH-3501;17.5596;121.6974
PH-4201;13.7917;121.0085
PH-3133;15.4759;121.1666
PH-6102;10.5203;122.8017
PH-7028;8.1692;123.3506
PH-3800;17.4738;121.468
PH-4118;14.2157;120.9714
PH-4305;13.8413;121.9752
PH-8801;7.6933;125.9889
PH-6324;10.0795;124.3432
PH-1171;14.6494;121.0404
PH-8204;7.5739;126.56
PH-6306;9.6097;124.208
PH-1608;14.5728;121.0821
PH-9623;7.0284;124.3873
PH-3300;16.875;121.7643
PH-5603;11.5272;122.3073
PH-6009;10.9412;124.0282
PH-1210;14.5658;121.029
PH-8807;7.3114;125.8528
PH-6340;9.5781;123.7458
PH-7212;8.5399;123.5624
PH-2446;16.0443;120.7987
PH-9608;7.0284;124.3873
PH-6818;12.1406;125.4397
PH-6000;10.3167;123.8907
PH-4223;13.9589;121.1138
PH-2600;16.4164;120.5931
PH-6003;10.455;124.0106
PH-7413;5.5959;120.7967
PH-1001;14.6;120.9833
PH-3506;17.9352;121.7716
PH-3514;18.0943;121.7607
PH-5013;11.2161;123.1073
PH-3113;15.5512;120.8147
PH-6713;11.6992;125.0675
PH-3713;16.5;121.2667
PH-8302;9.0211;126.2317
PH-3510;18.274;121.6748
PH-5203;13.5022;120.9517
PH-7208;8.5528;123.7615
PH-1697;14.5556;121.0751
PH-1532;14.5958;121.0391
PH-4605;14.2804;122.7881
PH-5805;11.5217;122.6908
PH-1811;14.6379;121.111
PH-1693;14.5556;121.0751
PH-2110;14.8783;120.4522
PH-5024;10.588;122.1397
PH-1661;14.5556;121.0751
PH-4601;14.1093;123.0109
PH-1653;14.5556;121.0751
PH-2400;16.0431;120.3333
PH-1226;14.5372;121.0268
PH-2916;18.2529;120.6125
PH-1473;14.6617;120.9564
PH-4316;13.884;122.2604
PH-6318;9.9205;124.4289
PH-3703;16.3167;121.2965
PH-1440;14.6966;120.9871
PH-8409;9.5944;125.6975
PH-2922;18.4667;120.9
PH-6314;9.8949;124.4422
PH-9408;7.2044;124.7917
PH-4901;13.4744;121.8614
PH-2013;15.0956;120.8267
PH-1620;14.4807;121.026
PH-3525;17.8861;121.5691
PH-1202;14.5665;121.0202
PH-5045;10.6584;122.5963
PH-8114;7.3619;125.8553
PH-5102;12.5735;120.9427
PH-3521;18.5667;121.0
PH-6822;12.2645;125.4048
PH-6706;12.013;124.8118
PH-4103;14.4297;120.9367
PH-2432;16.07;120.4025
PH-5509;12.2589;122.0544
PH-1556;14.5831;121.0414
PH-9024;8.4042;124.2867
PH-9714;7.9303;124.3088
PH-1621;14.4807;121.026
PH-2725;17.4471;120.5247
PH-1773;14.4023;121.0336
PH-7211;8.6617;123.6005
PH-7417;5.5959;120.7967
PH-2407;15.9027;120.2678
PH-1553;14.5909;121.0363
PH-3102;15.363;120.9639
PH-4033;14.1837;121.2855
PH-5038;11.067;122.6154
PH-1476;14.6585;120.972
PH-9007;8.8592;124.7892
PH-1772;14.4023;121.0336
PH-1063;14.591;120.9868
PH-4124;14.14;120.8926
PH-2803;17.6172;120.6542
PH-4405;13.7068;123.2087
PH-8720;7.5686;124.9878
PH-1351;14.5472;120.9973
PH-4000;14.0683;121.3256
PH-4204;13.8106;121.0188
PH-1684;14.5556;121.0751
PH-1672;14.5556;121.0751
PH-6716;11.6143;124.9853
PH-1670;14.5556;121.0751
PH-4227;13.7384;121.1736
PH-5003;10.7872;122.5892
PH-6508;10.8925;124.9558
PH-1703;14.4942;121.0254
PH-4021;14.4376;121.4482
PH-6820;12.15;125.2333
PH-8722;7.9978;125.0278
PH-2316;15.3255;120.6572
PH-2416;15.9528;120.2155
PH-2301;15.444;120.5992
PH-6128;10.2048;122.9888
PH-2617;17.1651;121.0172
PH-9604;7.3704;124.2697
PH-8424;9.6705;125.7373
PH-6341;9.722;123.88
PH-6809;11.0309;125.7234
PH-5419;12.9035;123.2457
PH-9703;7.9655;124.3284
PH-2622;17.0036;120.9232
PH-5504;12.3975;122.056
PH-1084;14.591;120.9868
PH-6550;11.4719;124.575
PH-9515;6.0392;124.4986
PH-1095;14.591;120.9868
PH-7112;8.2376;122.9974
PH-1800;14.6464;121.0978
PH-3302;16.9874;121.9613
PH-7207;8.4859;123.8048
PH-2807;17.5771;120.564
PH-9609;6.8667;124.4667
PH-5500;12.5751;122.2708
PH-9104;9.1256;124.6756
PH-1106;14.657399999999999;121.0037875
PH-6329;9.9238;124.2168
PH-2918;18.5166;120.6449
PH-1751;14.4226;121.0217
PH-6038;10.3773;123.6386
PH-9808;6.5519;124.0511
PH-3515;18.3566;121.6406
PH-1229;14.5372;121.0268
PH-1601;14.5728;121.0821
PH-3329;17.2125;121.9015
PH-6521;10.6785;124.8006
PH-1056;14.591;120.9868
PH-3017;14.7928;120.8789
PH-1710;14.4942;121.0254
PH-4005;14.1463;121.4729
PH-9610;7.1417;124.3806
PH-5400;12.3717;123.6249
PH-1257;14.5529;121.0261
PH-6035;10.0537;123.4935
PH-6202;9.4119;123.2381
PH-3518;18.5616;121.2319
PH-2300;15.4802;120.5979
PH-3011;15.1423;120.9757
PH-7418;5.5379;120.7553
PH-8401;9.5281;125.4856
PH-1289;14.5529;121.0261
PH-3320;17.1189;121.6201
PH-7404;6.0714;121.7858
PH-2701;17.5967;120.3592
PH-1810;14.6533;121.1222
PH-9305;7.7244;124.3008
PH-4426;13.8164;123.3261
PH-1268;14.5529;121.0261
PH-3025;15.033;120.9358
PH-8809;7.1633;125.8992
PH-1404;14.7299;121.0295
PH-9710;8.0;124.2
PH-6611;10.2912;125.052
PH-7414;5.5959;120.7967
PH-6222;9.4087;122.64
PH-6032;9.9433;123.3992
PH-1743;14.4414;120.9952
PH-1777;14.4023;121.0336
PH-3123;15.7253;121.0692
PH-5323;10.1879;119.1826
PH-6036;10.115;123.5103
PH-2623;17.0407;121.0992
PH-5601;11.6387;122.3341
PH-4714;12.9231;123.6724
PH-6042;10.5669;123.7161
PH-1283;14.5529;121.0261
PH-2014;15.0401;120.7883
PH-7213;8.4353;123.6381
PH-7101;8.6561;123.4227
PH-4226;13.8338;121.3982
PH-2422;15.8524;120.3976
PH-6602;10.0369;125.0192
PH-4119;14.1706;120.9236
PH-2412;15.8264;119.9077
PH-9210;8.0269;123.7784
PH-6812;11.1097;125.3875
PH-4219;13.9333;120.95
PH-1278;14.5529;121.0261
PH-3401;16.59;121.5057
PH-9207;8.1144;123.8971
PH-5612;11.7789;122.2634
PH-3023;14.8139;121.0453
PH-4323;13.9311;121.4233
PH-4433;13.4322;123.517
PH-9501;6.1018;125.2905
PH-2209;14.8787;120.2319
PH-4104;14.4443;120.9016
PH-7018;7.7557;123.1559
PH-3122;15.8793;120.8983
PH-6414;12.3;124.8333
PH-1781;14.4023;121.0336
PH-1406;14.6645;120.9773
PH-2806;17.57;120.5903
PH-1150;14.6494;121.0404
PH-9617;6.7667;124.85
PH-9015;9.0208;125.1825
PH-4121;14.1286;120.9058
PH-8121;6.958;125.7682
PH-1740;14.4414;120.9952
PH-1007;14.5833;120.9833
PH-8209;7.2339;126.5575
PH-8023;7.0497;125.5508
PH-1657;14.5556;121.0751
PH-1696;14.5556;121.0751
PH-0909;13.2934;123.7919
PH-6103;10.4616;122.8245
PH-3701;16.5074;121.0162
PH-5044;10.7011;122.6275
PH-3528;17.7364;121.4563
PH-9809;6.21;124.1889
PH-8426;10.3317;125.5619
PH-5702;10.9132;121.9937
PH-2304;15.6199;120.377
PH-4009;14.144;121.4048
PH-1284;14.5529;121.0261
PH-4206;13.8664;120.9814
PH-6343;9.8202;123.98
PH-8009;6.5986;125.3436
PH-9624;7.0284;124.3873
PH-8510;8.4561;125.7842
PH-2213;15.7654;119.9092
PH-7021;8.0;123.2667
PH-9323;7.8;124.65
PH-2500;16.6159;120.3166
PH-6703;11.7703;125.0219
PH-3310;16.8709;121.7683
PH-6342;9.7561;123.973
PH-0915;13.5416;122.4192
PH-1122;14.713;121.064
PH-8112;7.5336;125.6233
PH-5306;9.9757;118.7413
PH-6803;11.4119;125.5458
PH-1051;14.591;120.9868
PH-2901;18.1725;120.5953
PH-3108;15.3062;120.856
PH-3500;17.6158;121.7228
PH-5816;11.4214;122.6662
PH-6321;9.829;124.3273
PH-7117;8.0692;122.5217
PH-8800;7.6078;125.9664
PH-6807;11.1469;125.665
PH-2726;17.5969;120.3736
PH-1003;14.6;120.9833
PH-8718;7.7451;124.7478
PH-6612;10.1581;125.1181
PH-5605;11.6975;122.2035
PH-6714;11.71;125.0181
PH-4401;13.6224;123.1667
PH-1207;14.5665;121.0202
PH-6034;9.999;123.4095
PH-5421;13.1289;122.9771
PH-2611;16.695;120.6553
PH-4318;13.9575;122.288
PH-1550;14.5909;121.0363
PH-2566;16.5566;120.3995
PH-6114;10.3109;122.987
PH-5206;13.1438;121.4415
PH-4123;14.1408;120.8539
PH-1206;14.5728;121.0147
PH-1077;14.591;120.9868
PH-1750;14.4226;121.0217
PH-1276;14.5529;121.0261
PH-2314;15.4413;120.7286
PH-1293;14.5529;121.0261
PH-6013;11.2468;124.0146
PH-3708;16.3592;120.8867
PH-5210;12.8609;121.4892
PH-2103;14.5619;120.5983
PH-6045;10.2447;123.8494
PH-1250;14.5529;121.0261
PH-2711;17.0126;120.5232
PH-6805;11.3988;125.5725
PH-6507;10.9;125.0
PH-1686;14.5556;121.0751
PH-1639;14.5339;121.0739
PH-1072;14.591;120.9868
PH-8206;7.8711;126.3642
PH-1555;14.5909;121.0363
PH-1702;14.4942;121.0254
PH-9017;8.5631;124.5225
PH-7415;5.5959;120.7967
PH-6041;10.5039;123.7156
PH-7123;7.8094;122.1444
PH-1110;14.6805;121.0605
PH-4028;14.215;121.1065
PH-0903;13.2934;123.7919
PH-3312;16.6744;121.4658
PH-6540;10.9098;124.5376
PH-3711;16.5059;121.1901
PH-9620;7.0284;124.3873
PH-6011;10.5717;123.893
PH-1066;14.591;120.9868
PH-7032;7.5344;123.3738
PH-2105;14.4338;120.4857
PH-9600;7.0284;124.3873
PH-5047;10.569;122.6142
PH-8201;7.0491;126.4471
PH-4020;14.4259;121.429
PH-6019;10.1061;123.6402
PH-0904;13.2934;123.7919
PH-7121;7.5853;122.1397
PH-2714;16.9355;120.4442
PH-2903;18.0182;120.4876
PH-1177;14.6494;121.0404
PH-8717;7.718;125.0011
PH-5511;12.4837;122.5147
PH-7401;6.0892;121.1053
PH-1745;14.4414;120.9952
PH-0800;14.6058;121.0621
PH-9630;7.0284;124.3873
PH-6717;11.5659;124.9281
PH-1074;14.591;120.9868
PH-8412;9.9561;125.5933
PH-9005;8.7442;124.7769
PH-6808;11.0983;125.7106
PH-5456;12.3252;123.6353
PH-8513;8.6769;125.6469
PH-2914;18.1574;120.647
PH-3116;15.6188;120.8093
PH-5512;12.367;122.6814
PH-6707;11.9808;124.8239
PH-3709;16.5192;121.1812
PH-3803;17.3833;121.1333
PH-8712;7.68;125.005
PH-1092;14.591;120.9868
PH-9308;7.702;124.1644
PH-1665;14.5556;121.0751
PH-2207;14.9742;120.1573
PH-4111;14.2897;120.7168
PH-9704;7.8792;124.3331
PH-4407;13.6928;123.0596
PH-9415;7.314;124.5853
PH-3812;18.2381;121.3745
PH-7122;7.2911;122.0656
PH-1776;14.4023;121.0336
PH-6512;10.6045;124.9646
PH-6121;10.9564;123.3126
PH-6600;10.1336;124.8447
PH-4329;13.9592;121.5145
PH-8304;8.9186;126.3011
PH-1400;14.6645;120.9773
PH-6129;10.6052;123.0417
PH-5108;13.4437;120.7291
PH-5208;13.046;121.4621
PH-1176;14.6494;121.0404
PH-7116;8.0167;122.6833
PH-1376;14.5472;120.9973
PH-6615;10.3008;125.0558
PH-1651;14.5556;121.0751
PH-8508;8.2708;125.7997
PH-2205;15.0143;120.0803
PH-7027;8.2;123.5333
PH-1172;14.6494;121.0404
PH-1749;14.4414;120.9952
PH-1428;14.711;120.9942
PH-6221;9.6069;123.0335
PH-6014;10.3236;123.9222
PH-3204;16.1329;121.9418
PH-3200;15.7589;121.5607
PH-9510;6.615;124.7489
PH-1234;14.5531;121.0061
PH-6117;10.3109;122.987
PH-1135;14.6494;121.0404
PH-3704;16.2979;121.0345
PH-2311;15.6653;120.6406
PH-6516;10.9756;124.8928
PH-3904;20.3357;121.8716
PH-1403;14.6645;120.9773
PH-1694;14.5556;121.0751
PH-1082;14.591;120.9868
PH-6536;11.3077;124.373
PH-1479;14.65;120.95
PH-4517;13.1866;124.1256
PH-7307;6.5797;122.0448
PH-4408;13.768;122.9762
PH-1770;14.4023;121.0336
PH-1280;14.5529;121.0261
PH-4302;13.9669;121.6984
PH-5008;10.9437;122.6352
PH-5040;11.1167;122.5667
PH-1157;14.6494;121.0404
PH-3010;15.0809;120.941
PH-1009;14.5782;121.0071
PH-6401;12.5246;124.5636
PH-3508;18.0616;121.6441
PH-1160;14.6494;121.0404
PH-1267;14.5529;121.0261
PH-1115;14.627166666666668;121.02846666666666
PH-0908;13.2934;123.7919
PH-0905;13.2934;123.7919
PH-7109;8.514;123.2829
PH-6525;10.963;124.7895
PH-4710;12.9206;124.1231
PH-7000;7.7291;122.7286
PH-9508;6.2;125.0167
PH-4414;13.5687;123.1838
PH-3507;17.9021;121.656
PH-2518;16.8528;120.3761
PH-1603;14.5693;121.0602
PH-3019;14.7578;120.9483
PH-4410;13.8183;122.7923
PH-5200;13.4117;121.1803
PH-8400;9.789;125.495
PH-5313;9.9757;118.7413
PH-3608;16.8225;121.118
PH-7036;7.5951;123.2647
PH-3005;14.9017;120.8492
PH-6510;10.747;125.0107
PH-2112;14.8006;120.5371
PH-3009;14.9711;121.0652
PH-5100;12.3527;121.0676
PH-2023;15.0611;120.6438
PH-4428;13.8804;123.6946
PH-7031;7.6564;123.4608
PH-5703;11.0023;122.1291
PH-1018;14.5894;120.967
PH-2318;15.488;120.6401
PH-2418;16.0111;120.36
PH-6334;10.1472;124.1539
PH-1266;14.5529;121.0261
PH-3902;20.3701;121.9146
PH-8803;7.6731;126.0889
PH-1692;14.5556;121.0751
PH-8117;7.1633;125.8992
PH-6113;9.7519;122.4042
PH-4703;12.8478;123.9878
PH-2909;17.9163;120.6641
PH-0990;13.5416;122.4192
PH-6409;12.3881;124.3314
PH-1551;14.576;121.0281
PH-3334;17.0606;122.43
PH-4402;13.648;123.1699
PH-9413;7.3333;124.5667
PH-4903;13.3168;122.082
PH-6617;9.9128;125.2767
PH-8107;7.4713;125.8068
PH-8010;6.5958;125.3992
PH-2908;18.0371;120.5699
PH-6305;9.6064;124.1633
PH-4321;13.9844;121.4543
PH-2444;15.9854;120.8132
PH-2305;15.7124;120.359
PH-6210;9.8589;123.1444
PH-9306;7.7825;124.28
PH-4319;13.9002;122.4481
PH-2804;17.5647;120.6519
PH-9627;6.9186;124.4519
PH-6403;12.2983;124.6238
PH-3104;15.3407;120.9247
PH-8415;10.3636;125.5731
PH-9518;6.2248;124.7104
PH-2315;15.3312;120.5898
PH-9701;8.0331;124.27
PH-6724;11.9109;124.2858
PH-1071;14.591;120.9868
PH-4327;14.0259;121.5929
PH-4413;13.5961;123.1772
PH-2107;14.5962;120.3928
PH-8603;8.9886;125.2925
PH-1105;14.649436363636363;121.03281818181819
PH-6529;11.2981;124.679
PH-1126;14.6847;121.0955
PH-5039;10.7;122.5667
PH-7118;7.9825;122.4047
PH-1288;14.5529;121.0261
PH-1096;14.591;120.9868
PH-7110;8.0492;122.8072
PH-3132;15.5415;121.0848
PH-5806;11.4943;122.6027
PH-8601;8.9769;125.4089
PH-6515;11.0608;124.9028
PH-3315;16.9566;121.6685
PH-5042;11.0556;122.4759
PH-0410;14.6014;121.0365
PH-2722;17.2261;120.6117
PH-1128;14.663499999999999;121.0492
PH-6120;10.958;123.123
PH-8307;8.6336;126.0947
PH-2822;17.767;120.928
PH-4425;13.7342;123.5207
PH-7204;8.3365;123.8383
PH-2721;17.4643;120.4654
PH-9021;8.5611;124.3514
PH-1058;14.591;120.9868
PH-2820;17.5655;120.9936
PH-4133;14.1842;120.7958
PH-1222;14.5372;121.0268
PH-9411;7.2408;124.52
PH-7201;8.2023;123.8582
PH-9102;9.1599;124.7257
PH-8103;7.4713;125.8068
PH-5711;11.931;121.5477
PH-9810;6.7621;124.6956
PH-0924;13.7898;121.0464
PH-8110;7.604;126.1298
PH-5807;11.4336;122.5982
PH-6613;10.06;125.1606
PH-6229;9.1983;123.6544
PH-1600;14.5728;121.0821
PH-2709;17.1844;120.4719
PH-9800;6.6925;124.6764
PH-4510;13.3188;123.7385
PH-6122;10.9447;123.4242
PH-2718;16.9909;120.7359
PH-5204;13.3233;121.3028
PH-3513;18.2594;121.995
PH-1203;14.5665;121.0202
PH-1807;14.66;121.1048
PH-3710;16.3832;121.2803
PH-0420;14.6033;121.0448
PH-2906;18.0371;120.5699
PH-8709;7.9064;125.0942
PH-6308;9.6531;124.3697
PH-1668;14.5556;121.0751
PH-8604;9.02;125.5172
PH-6224;9.2413;123.3422
PH-2624;17.1092;121.2761
PH-6310;9.7629;124.4878
PH-4330;14.191;121.7309
PH-1720;14.4942;121.0254
PH-6332;10.0307;124.0671
PH-9008;8.9153;124.7883
PH-1068;14.591;120.9868
PH-5211;12.7464;121.4874
PH-1658;14.5556;121.0751
PH-9514;5.9894;124.6242
PH-1675;14.5556;121.0751
PH-8000;7.0731;125.6128
PH-3207;15.9424;121.708
PH-5019;11.5726;123.1342
PH-2509;16.3482;120.4122
PH-0960;13.5416;122.4192
PH-6543;11.5606;124.3975
PH-4340;14.843;121.9691
PH-1057;14.591;120.9868
PH-6030;9.7289;123.3398
PH-7033;7.5039;123.2939
PH-1103;14.6365;121.03157142857144
PH-1980;14.4968;121.2846
PH-1230;14.5479;121.0123
PH-6539;10.9267;124.434
PH-6702;11.78;124.9997
PH-1303;14.542;121.0017
PH-9706;7.8117;124.3175
PH-8804;7.5241;125.9611
PH-5507;12.2605;121.9926
PH-9316;7.8545;124.1388
PH-6211;9.924;123.1699
PH-1261;14.5529;121.0261
PH-3128;15.6321;121.1448
PH-7215;8.4974;123.634
PH-9023;8.4344;124.2889
PH-6008;10.838;124.0297
PH-7039;7.7167;123.0167
PH-9803;6.5856;124.5209
PH-2706;17.3299;120.4451
PH-9606;7.0284;124.3873
PH-6721;11.8667;124.85
PH-7505;4.8983;119.8494
PH-1609;14.5877;121.0872
PH-6126;10.595;123.4838
PH-1011;14.5897;121.0058
PH-8402;9.6181;125.4022
PH-1378;14.5472;120.9973
PH-3502;17.6334;121.7812
PH-6112;9.9718;122.6249
PH-3013;14.9109;121.0493
PH-6406;12.4472;124.3111
PH-1663;14.5556;121.0751
PH-9216;7.8236;123.965
PH-5034;10.9493;122.5061
PH-2114;14.7335;120.5336
PH-8703;8.3697;124.8644
PH-1799;14.4023;121.0336
PH-1008;14.59;120.9863
PH-6208;9.6794;123.1469
PH-1208;14.5665;121.0202
PH-3905;20.7873;121.8418
PH-9320;7.8;124.65
PH-3309;16.7051;121.6763
PH-2015;14.9996;120.7808
PH-3805;17.2956;121.2378
PH-6050;10.6461;124.3816
PH-1012;14.595;120.9886
PH-9708;7.9836;124.3647
PH-9304;7.7667;124.1667
PH-4807;13.9404;124.2896
PH-6104;10.4161;122.8504
PH-4416;13.5916;123.0816
PH-2507;16.2405;120.4056
PH-1472;14.65;120.95
PH-6044;10.8209;123.8689
PH-1263;14.5529;121.0261
PH-3509;18.202;121.6609
PH-3321;17.0282;121.8297
PH-7009;7.7294;123.0598
PH-4611;14.0934;122.7862
PH-8104;7.5866;125.8237
PH-6330;9.9616;124.0252
PH-5407;11.7365;124.042
PH-5615;11.5857;122.4971
PH-1709;14.4942;121.0254
PH-7206;8.4181;123.8176
PH-1170;14.6494;121.0404
PH-1107;14.683;121.059
PH-1950;14.4865;121.2275
PH-9311;7.8269;124.1034
PH-9014;8.7993;124.7867
PH-9511;6.4239;124.7783
PH-7105;8.5671;123.3963
PH-3107;15.2488;120.8548
PH-4708;12.5878;124.0875
PH-2604;16.3639;120.6769
PH-7506;4.6612;119.3965
PH-4314;13.8302;122.3697
PH-6505;10.9525;125.0317
PH-9409;7.0544;124.6719
PH-4706;12.6714;123.875
PH-1650;14.5556;121.0751
PH-2728;17.6222;120.3967
PH-1255;14.5529;121.0261
PH-3804;17.2761;121.1625
PH-2731;17.7815;120.4468
PH-1700;14.4942;121.0254
PH-2910;18.0933;120.7697
PH-5801;11.5578;122.7942
PH-6331;9.8122;123.9795
PH-3331;16.9815;121.9599
PH-5510;12.0615;121.9591
PH-8605;9.1226;125.5355
PH-1065;14.591;120.9868
PH-7203;8.2864;123.8399
PH-1205;14.5674;121.02
PH-1306;14.5531;121.0061
PH-6016;10.5717;123.893
PH-4709;12.648;124.1093
PH-6300;9.6556;123.8522
PH-2720;17.4643;120.4654
PH-4326;14.0227;121.4101
PH-4606;14.2906;122.6917
PH-1158;14.6494;121.0404
PH-1448;14.7018;121.0055
PH-5048;10.569;122.6142
PH-6544;11.6203;124.3817
PH-0550;14.6879;120.9951
PH-5006;10.825;122.713
PH-6223;9.6069;123.0335
PH-1690;14.5556;121.0751
PH-8024;7.1936;125.6478
PH-8105;7.3081;125.6842
PH-4231;14.0669;120.6318
PH-3305;16.875;121.7643
PH-5608;11.9003;121.9091
PH-2417;16.0323;120.269
PH-4100;14.4837;120.8988
PH-1699;14.5556;121.0751
PH-8022;7.0931;125.5022
PH-9601;7.0284;124.3873
PH-8414;10.1713;125.6025
PH-9804;6.5856;124.5209
PH-7303;6.543;121.8753
PH-4507;13.2997;123.4386
PH-5812;11.2654;122.6889
PH-5402;12.2253;123.7834
PH-0401;14.5876;121.0596
PH-5015;11.271;123.0964
PH-6225;9.2142;123.515
PH-6500;11.2433;125.0047
PH-2442;15.8981;120.6883
PH-1200;14.5665;121.0202
PH-5007;10.8942;122.7044
PH-8700;8.1575;125.1278
PH-9202;8.1917;124.0847
PH-6400;12.4989;124.6377
PH-1273;14.5529;121.0261
PH-8420;9.865;126.0994
PH-8611;8.7317;125.5992
PH-1005;14.6;121.0
PH-3008;15.0298;120.9262
PH-8701;8.2872;124.9456
PH-9713;7.9303;124.3088
PH-5503;12.6198;122.0714
PH-1801;14.6464;121.0978
PH-4203;13.6609;120.8711
PH-3903;20.3505;121.9378
PH-6607;10.5291;125.1618
PH-1803;14.631250000000001;121.08785
PH-3121;15.7923;120.9894
PH-8300;9.0783;126.1986
PH-1860;14.6394;121.1217
PH-8118;7.1364;125.6875
PH-2426;15.8942;120.4725
PH-7016;7.7557;123.1559
PH-2429;16.0248;120.4547
PH-7024;8.0019;123.5094
PH-1114;14.657;121.0667
PH-1305;14.55;120.9833
PH-2904;17.9265;120.4764
PH-9806;6.5856;124.5209
PH-6422;12.3854;125.2979
PH-3006;14.9547;120.8969
PH-6339;9.6253;123.8658
PH-8602;8.9692;125.2947
PH-6317;9.7083;124.1072
PH-4209;13.8809;120.9139
PH-9025;8.3411;124.2592
PH-4607;14.3306;122.4937
PH-4034;14.1796;121.3461
PH-8506;8.1672;125.9908
PH-4026;14.2413;121.365
PH-8608;9.2656;125.5592
PH-8719;7.718;125.0011
PH-4025;14.2726;121.1262
PH-5516;12.3975;122.0936
PH-1441;14.6914;120.9686
PH-9625;7.0284;124.3873
PH-8406;9.5625;125.5708
PH-1124;14.7335;121.0444
PH-6404;12.5336;124.3305
PH-6711;11.8465;124.9402
PH-4225;13.8454;121.2048
PH-3001;14.8311;120.7892
PH-2021;15.0646;120.7198
PH-1015;14.595;120.9886
PH-9622;7.0284;124.3873
PH-1083;14.591;120.9868
PH-3604;16.7761;121.0858
PH-6603;10.16;124.9992
PH-6816;11.9011;125.4189
PH-2603;16.3171;120.5492
PH-1410;14.6333;120.9667
PH-9209;8.2192;124.2489
PH-0917;13.5416;122.4192
PH-0906;13.2934;123.7919
PH-6506;10.9747;124.9617
PH-6614;9.9441;125.2494
PH-4328;14.1136;121.5557
PH-4512;13.0167;123.6333
PH-0919;13.5416;122.4192
PH-3600;16.8;121.1192
PH-1808;14.6672;121.1094
PH-0810;14.6058;121.0621
PH-2309;15.4905;120.6654
PH-9000;8.4822;124.6472
PH-9013;8.9122;125.0244
PH-1502;14.6058;121.0446
PH-4427;14.0;123.25
PH-6514;11.1367;124.8856
PH-7115;8.1144;122.6594
PH-7019;7.7557;123.1559
PH-5104;12.8346;120.769
PH-1154;14.6494;121.0404
PH-5604;11.7059;122.3284
PH-3522;18.4664;121.3411
PH-8715;7.7303;125.0989
PH-3317;16.8687;121.5981
PH-4301;13.9314;121.6172
PH-5027;10.764;122.3177
PH-7022;8.027;123.4424
PH-9010;8.7993;124.7867
PH-1806;14.6464;121.0978
PH-8317;9.3336;125.9775
PH-8021;7.1039;125.5556
PH-2024;15.1624;120.5954
PH-6304;9.5918;124.0958
PH-3020;14.7369;120.9608
PH-6028;9.5694;123.3128
PH-1744;14.4414;120.9952
PH-1002;14.5904;120.9756
PH-6218;9.1025;123.1996
PH-1634;14.5195;121.0621
PH-1632;14.5195;121.0621
PH-4324;13.8965;121.2902
PH-2401;16.0218;120.2319
PH-1235;14.5597;121.0042
PH-2411;15.9902;119.8828
PH-1353;14.5472;120.9973
PH-6616;10.2833;125.1833
PH-4322;13.9624;121.5265
PH-9208;8.1786;124.0976
PH-9101;9.1578;124.7875
PH-2200;14.8292;120.2828
PH-2813;17.318;120.6945
PH-4032;14.185;121.5109
PH-2310;15.7291;120.6253
PH-1655;14.5556;121.0751
PH-5606;11.6439;122.3083
PH-4030;14.1702;121.2418
PH-3126;15.6635;121.0182
PH-6303;9.6006;124.0142
PH-2732;17.7931;120.4578
PH-6518;11.1042;125.0014
PH-1006;14.6014;120.974
PH-2333;16.0547;120.6149
PH-4503;13.1913;123.5987
PH-4333;14.101;122.0125
PH-5026;10.7808;122.3894
PH-8305;8.8204;126.183
PH-9404;7.1002;125.1155
PH-1204;14.5665;121.0202
PH-1309;14.5472;120.9973
PH-2206;15.1646;120.0474
PH-5035;10.9995;122.6711
PH-9512;6.3753;124.7452
PH-1422;14.711;120.9942
PH-9509;6.1799;125.077
PH-4218;13.9534;120.8669
PH-0820;14.6058;121.0621
PH-4809;14.0453;124.1694
PH-2703;17.486;120.4348
PH-9407;7.0333;124.8833
PH-1004;14.5667;120.9833
PH-1442;14.6966;120.9871
PH-0970;13.5416;122.4192
PH-4303;13.9226;121.8116
PH-1660;14.5556;121.0751
PH-1820;14.6394;121.1217
PH-0802;14.6058;121.0621
PH-2825;17.7009;120.6556
PH-5303;9.2463;118.4082
PH-6322;9.9002;124.2832
PH-4110;14.3181;120.7661
PH-1677;14.5556;121.0751
PH-1443;14.6966;120.9871
PH-8016;7.0161;125.3454
PH-7508;4.9937;120.0146
PH-2011;15.2151;120.6596
PH-2208;14.9336;120.1979
PH-8208;6.9623;126.0172
PH-4504;13.217;123.5192
PH-1673;14.5556;121.0751
PH-6821;12.1791;125.5072
PH-8410;9.5725;125.7331
PH-1679;14.5556;121.0751
PH-4325;13.9638;121.3212
PH-6320;9.8081;124.2921
PH-6209;9.508;123.1593
PH-5322;10.1879;119.1826
PH-2905;17.9517;120.5278
PH-8106;7.415;125.6231
PH-6413;12.5642;124.9276
PH-3901;20.4159;121.9471
PH-2817;17.4411;120.8588
PH-4313;13.5677;122.5667
PH-2424;15.7836;120.4985
PH-1100;14.6437;121.0509
PH-6312;9.8182;124.4977
PH-1216;14.5541;121.0499
PH-1256;14.5529;121.0261
PH-9205;8.1913;124.021
PH-6309;9.709;124.4055
PH-4212;13.9324;120.8133
PH-5709;11.5901;122.0945
PH-1718;14.4942;121.0254
PH-5214;12.5204;121.4385
PH-1683;14.5556;121.0751
PH-9500;6.1799;125.077
PH-4508;13.2479;123.5692
PH-9317;7.8828;124.174
PH-9203;8.1361;124.1642
PH-1292;14.5529;121.0261
PH-8422;10.02;126.0383
PH-8413;10.1713;125.6025
PH-4221;14.1439;121.1086
PH-3335;16.9879;122.182
PH-6666;10.2192;125.0967
PH-9637;7.0284;124.3873
PH-8503;8.8225;125.6975
PH-1533;14.5958;121.0391
PH-1804;14.6464;121.0978
PH-5310;10.525;119.7671
PH-1676;14.5556;121.0751
PH-3105;15.3407;120.9247
PH-5307;9.7485;118.7832
PH-4431;13.4324;123.4115
PH-6810;11.1583;125.5219
PH-1990;14.353;121.3225
PH-6053;11.298;123.7339
PH-4010;14.2325;121.3648
PH-3610;16.8225;121.118
PH-5808;11.4002;122.4983
PH-6311;9.746;124.5767
PH-9300;7.5903;124.0703
PH-6267;9.3072;123.3026
PH-6315;10.056;124.4729
PH-2308;15.7354;120.574
PH-9214;7.9003;123.7692
PH-1221;14.5372;121.0268
PH-7010;7.71;123.0283
PH-6328;9.8922;123.8748
PH-1604;14.5818;121.076
PH-2607;16.7227;120.8283
PH-2202;15.2896;120.0245
PH-1094;14.591;120.9868
PH-1408;14.6597;120.9653
PH-6814;11.7536;125.4558
PH-5300;9.7392;118.7353
PH-6719;11.5293;124.8362
PH-3807;17.7964;121.3275
PH-1308;14.5472;120.9973
PH-8014;5.9133;125.6447
PH-2306;15.5333;120.5333
PH-1688;14.5556;121.0751
PH-3000;14.8443;120.8104
PH-2606;16.6239;120.8399
PH-6800;11.6081;125.4319
PH-4114;14.3294;120.9367
PH-7305;6.4197;121.9714
PH-1534;14.5958;121.0391
PH-5103;12.4667;120.9667
PH-7008;7.5867;122.8028
PH-2425;15.8472;120.5242
PH-7403;5.9764;121.1161
PH-1262;14.5529;121.0261
PH-3318;16.8821;121.5869
PH-1060;14.591;120.9868
PH-4810;13.6;124.1
PH-3524;18.0652;121.6007
PH-2113;14.7678;120.5431
PH-4233;14.0447;121.1586
PH-7023;8.0844;123.491
PH-1169;14.6494;121.0404
PH-8115;7.4099;125.8331
PH-5714;11.1267;122.068
PH-5501;12.5689;122.1314
PH-6005;10.5931;124.0178
PH-1067;14.591;120.9868
PH-1752;14.4226;121.0217
PH-3601;16.9136;121.0618
PH-1633;14.4996;121.0507
PH-4108;14.3983;120.8554
PH-4011;14.2277;121.3292
PH-2800;17.6083;120.6381
PH-6048;10.8065;124.5661
PH-2510;16.5186;120.4628
PH-7017;7.8654;123.5123
PH-6026;9.4504;123.3315
PH-7411;5.7036;120.8203
PH-6047;10.5296;123.9217
PH-7114;8.1147;122.7833
PH-8511;8.4781;125.7439
PH-3110;15.449;120.7963
PH-1209;14.5594;121.0258
PH-5417;12.5677;123.7337
PH-8318;9.3703;125.9492
PH-4602;14.1343;122.9226
PH-6815;11.8103;125.4544
PH-1073;14.591;120.9868
PH-5011;11.0419;122.8522
PH-1425;14.7505;121.0794
PH-5610;11.6508;122.4322
PH-2727;17.5847;120.3892
PH-4712;12.8683;124.1419
PH-1215;14.5541;121.0499
PH-1291;14.5529;121.0261
PH-2106;14.5773;120.5123
PH-4335;14.664;121.6041
PH-1354;14.5472;120.9973
PH-5025;10.78;122.4656
PH-9403;6.8344;124.8769
PH-3003;14.9164;120.7658
PH-4337;14.9337;121.8168
PH-1610;14.6158;121.0882
PH-9811;6.7621;124.6956
PH-2810;17.4332;120.7053
PH-9634;7.0284;124.3873
PH-7500;5.0292;119.7731
PH-4338;14.7637;121.6356
PH-8101;7.3606;125.7064
PH-4800;13.5848;124.2374
PH-3405;16.2167;121.6
PH-3323;17.2128;121.6107
PH-9516;5.9692;125.2894
PH-6204;9.5162;123.158
PH-6549;11.4669;124.474
PH-9002;8.5889;124.7756
PH-5037;11.1078;122.6419
PH-4228;13.8697;121.0971
PH-1260;14.5529;121.0261
PH-2503;16.394;120.3545
PH-4500;13.2479;123.5692
PH-7038;7.6303;123.0317
PH-7501;4.9937;120.0146
PH-2437;16.0529;120.5384
PH-6720;11.282;125.0699
PH-1233;14.5409;121.0136
PH-3322;17.0891;121.7025
PH-4513;13.4585;123.6805
PH-2724;17.3324;120.4954
PH-7509;4.9937;120.0146
PH-3603;16.8225;121.118
PH-2915;18.2284;120.6475
PH-1875;14.6289;121.1412
PH-6417;12.5157;124.7523
PH-1035;14.591;120.9868
PH-2203;15.158;120.0569
PH-6723;12.0529;125.0251
PH-4713;12.9486;123.8822
PH-8404;9.6603;125.5286
PH-4116;14.2897;120.9998
PH-5715;10.7023;121.9824
PH-9517;5.8242;125.2033
PH-1168;14.6494;121.0404
PH-5710;11.5;122.0833
PH-5408;11.8687;123.9184
PH-1214;14.5646;121.0488
PH-9716;7.9;124.3833
PH-1055;14.591;120.9868
PH-4307;13.921;122.1002
PH-3306;16.7794;121.6973
PH-7412;5.5462;120.8145
PH-4905;13.3237;121.8468
PH-9506;6.245;124.9874
PH-0900;13.2934;123.7919
PH-6526;10.963;124.7895
PH-3606;16.8225;121.118
PH-5411;12.3327;123.3923
PH-6046;10.245;123.7964
PH-5514;12.7833;122.0485
PH-4415;13.5656;123.1453
PH-5609;11.8443;121.8884
PH-8408;9.6081;125.6389
PH-6205;9.4724;123.1192