LK-20816;7.3638;80.6557
LK-10508;6.7772;80.1057
LK-20198;7.3022;80.6762
LK-70296;6.5293;80.6085
LK-11870;7.0869;80.0271
LK-61238;7.627;79.8195
LK-32064;7.45;81.6333
LK-61302;8.0362;79.8283
LK-20095;7.4012;80.5289
LK-11150;7.2;80.0833
LK-61242;7.6519;79.8339
LK-20710;7.1252;80.7879
LK-21500;7.6742;80.7171
LK-70170;6.4544;80.7388
LK-12024;6.5721;80.0096
LK-22272;7.1141;80.8511
LK-20984;7.2833;80.9833
LK-20480;7.2333;80.5833
LK-12308;6.6994;80.1521
LK-20524;7.1049;80.5917
LK-60183;7.4939;80.1697
LK-11200;7.2439;80.1212
LK-90532;7.0849;81.1982
LK-70108;6.6552;80.7571
LK-20118;7.3742;80.586
LK-10120;6.8964;79.9181
LK-12550;6.7517;79.9075
LK-30018;7.5833;81.7167
LK-12008;6.6053;79.9971
LK-90329;7.0469;80.9525
LK-21068;7.5686;80.6961
LK-80650;5.9896;80.3598
LK-61006;7.6618;79.7915
LK-90200;6.9044;80.9044
LK-31250;8.4055;81.3086
LK-82418;6.1056;80.692
LK-50492;8.4771;80.5173
LK-31050;8.5164;81.1891
LK-21100;7.86;80.6517
LK-81700;5.975;80.4297
LK-30100;7.6824;81.7334
LK-11350;7.0744;79.8919
LK-11264;7.2256;79.9685
LK-82454;6.4572;80.7187
LK-60704;7.947;80.2811
LK-82016;6.1903;81.1721
LK-71530;7.1736;80.5002
LK-32014;7.2007;81.6542
LK-71610;7.2699;80.2256
LK-70038;6.6546;80.3712
LK-61032;7.6577;79.8982
LK-22274;7.1141;80.8511
LK-81462;6.0667;80.7667
LK-22285;7.0854;80.9165
LK-90712;7.3333;81.05
LK-71113;7.3511;80.3511
LK-90734;7.3;81.1167
LK-91003;6.8875;81.2939
LK-20532;7.1794;80.598
LK-70550;6.8271;80.3126
LK-20724;7.1727;80.8149
LK-60058;7.4546;80.4141
LK-10511;6.8509;80.064
LK-90090;6.8756;81.0463
LK-11030;7.1167;79.9833
LK-60038;7.5073;80.4875
LK-20982;7.3167;80.9833
LK-60508;7.5979;80.457
LK-90138;6.8751;80.979
LK-22094;6.9217;80.685
LK-20730;7.144;80.7834
LK-60464;7.6556;80.2223
LK-70004;6.7838;80.4462
LK-51014;7.95;80.55
LK-11160;7.195;80.1136
LK-21532;7.6622;80.7728
LK-21206;7.7589;80.5683
LK-91032;6.975;81.5149
LK-20176;7.3481;80.7259
LK-11214;7.2127;80.1375
LK-61328;8.0993;79.8684
LK-61120;7.374;79.8842
LK-82600;6.2765;81.2865
LK-70101;6.6112;80.7142
LK-11600;6.9553;79.922
LK-82220;6.164;80.8913
LK-10200;6.844;80.0024
LK-20932;7.3;80.9
LK-70045;6.5434;80.4528
LK-50564;8.3807;80.4436
LK-90108;6.8173;81.0448
LK-20640;7.0447;80.5235
LK-31232;8.4477;81.2874
LK-10682;6.9019;80.1236
LK-20500;7.1643;80.5696
LK-21160;7.7142;80.5972
LK-50393;8.3167;80.75
LK-50570;8.4941;80.4801
LK-60238;7.5477;79.9797
LK-70461;6.4329;80.455
LK-91030;6.9067;81.5461
LK-60422;7.6167;80.2
LK-71039;7.1822;80.3795
LK-60426;7.6023;80.1442
LK-50306;8.3593;80.5103
LK-60040;7.5473;80.4963
LK-81074;6.2469;80.5826
LK-11564;7.1715;79.9665
LK-90322;7.0032;80.9678
LK-81478;6.3167;80.4
LK-20574;7.1354;80.6091
LK-20306;7.2103;80.5795
LK-11725;7.0321;80.0912
LK-32308;7.4333;81.7833
LK-60080;7.4104;80.4814
LK-12414;6.6685;79.9919
LK-80134;6.1265;80.4898
LK-12025;6.5829;80.0466
LK-91002;6.9825;81.3244
LK-70488;6.8045;80.2027
LK-81416;6.1563;80.5011
LK-20934;7.2833;80.8917
LK-60650;7.6214;80.4958
LK-70492;6.7359;80.2188
LK-61312;8.112;80.0059
LK-22246;7.0612;80.8757
LK-80212;6.193;80.2006
LK-22002;7.0;80.6333
LK-91400;6.4134;81.3346
LK-12118;6.4137;80.1097
LK-60402;7.6176;80.2815
LK-81472;6.297;80.469
LK-32120;7.3852;81.3892
LK-11380;7.099;79.913
LK-71541;7.1647;80.4793
LK-82248;6.1443;80.8332
LK-20578;7.1123;80.607
LK-90071;7.0276;81.0339
LK-11226;7.2601;80.0493
LK-20664;6.9864;80.5295
LK-70117;6.6427;80.8155
LK-32070;7.1972;81.5989
LK-91200;6.7264;81.1046
LK-20662;7.0243;80.5504
LK-80570;6.338;80.0262
LK-30230;7.5167;81.7667
LK-00100;6.9392;79.8436
LK-90192;6.7434;81.0189
LK-21006;7.4167;80.65
LK-31034;8.6333;81.0317
LK-60630;7.6833;80.4167
LK-61532;7.9524;79.928
LK-70200;6.3439;80.8489
LK-21552;7.5833;80.9667
LK-11550;7.1663;79.9533
LK-90328;7.0167;80.95
LK-20166;7.2809;80.6531
LK-12016;6.5909;80.0083
LK-22256;7.0462;80.9034
LK-60286;7.3434;80.2082
LK-70131;6.71;80.6398
LK-80080;6.3126;80.3116
LK-12100;6.5204;80.1128
LK-11400;7.1371;79.9034
LK-31028;8.6749;80.9548
LK-90170;6.827;80.894
LK-11450;7.1643;79.8757
LK-51034;7.9167;80.55
LK-90026;7.1089;81.0089
LK-80062;6.1439;80.3353
LK-90140;6.9387;80.9717
LK-20922;7.3539;80.7853
LK-71200;7.1456;80.3633
LK-21062;7.5368;80.6582
LK-20430;7.1944;80.6917
LK-50004;8.2667;80.5333
LK-20086;7.358;80.5493
LK-71108;7.3858;80.3878
LK-21064;7.5716;80.6707
LK-10680;6.9019;80.1236
LK-11011;7.0527;79.9266
LK-22150;6.9742;80.659
LK-60752;7.9935;80.381
LK-20212;7.2278;80.7174
LK-51096;7.9675;80.9572
LK-30194;7.5833;81.7833
LK-10660;6.9911;80.1197
LK-50182;7.9173;80.4859
LK-30364;7.6167;81.55
LK-90544;7.1162;81.1262
LK-50386;8.4028;80.6269
LK-11142;7.0725;80.115
LK-22252;7.009;80.9052
LK-11324;7.045;79.8781
LK-20644;7.0447;80.5235
LK-70500;6.7765;80.3621
LK-90019;7.0866;81.0689
LK-32046;7.1972;81.5989
LK-81070;6.1368;80.5568
LK-20588;7.0741;80.6584
LK-71062;7.4944;79.9094
LK-20567;7.071;80.5867
LK-80200;6.1652;80.1782
LK-61170;7.3454;79.8386
LK-21032;7.5293;80.6989
LK-71222;7.173;80.3612
LK-51506;7.9;80.4833
LK-11741;6.9982;80.1286
LK-81538;6.2886;80.5975
LK-81454;6.2432;80.4706
LK-60716;7.9334;80.34
LK-10712;7.0331;80.0722
LK-21012;7.4145;80.6825
LK-12070;6.4788;79.9828
LK-50554;8.5287;80.5148
LK-21076;7.6353;80.6923
LK-12428;6.7648;80.0777
LK-20923;7.4333;80.8333
LK-60600;7.8228;80.2778
LK-10306;6.768;79.929
LK-81722;6.0333;80.45
LK-20580;7.1073;80.6322
LK-51104;7.8912;80.7957
LK-12055;6.5075;80.0276
LK-20560;7.0142;80.5897
LK-22010;6.9442;80.5377
LK-20666;7.0243;80.5504
LK-90756;7.4;81.05
LK-90062;7.0218;80.9957
LK-82006;6.2423;81.1053
LK-60706;7.9718;80.2743
LK-82414;6.0833;80.7
LK-21156;7.6833;80.5833
LK-20440;7.107;80.7648
LK-31236;8.4477;81.2874
LK-12310;6.6743;80.1159
LK-82636;6.3599;81.1778
LK-12210;6.6167;80.1667
LK-81424;6.1252;80.4069
LK-81300;6.0836;80.6445
LK-31216;8.4854;81.291
LK-80328;6.2216;80.1254
LK-81477;6.3355;80.4488
LK-11224;6.9173;80.1109
LK-60470;7.7503;80.1159
LK-90015;7.0866;81.0689
LK-51032;7.9167;80.55
LK-60304;7.359;80.3139
LK-80056;6.0647;80.3013
LK-80075;6.2628;80.3223
LK-60004;7.584;80.3018
LK-60734;8.0806;80.2311
LK-80422;6.3205;80.2173
LK-60074;7.262;80.2651
LK-80510;6.3557;80.0304
LK-30234;7.525;81.725
LK-61360;8.2372;79.7628
LK-20971;7.3076;80.887
LK-60100;7.4337;80.1971
LK-60330;7.4214;80.3303
LK-11536;7.2666;79.9652
LK-22008;6.9317;80.5495
LK-90356;6.838;80.8638
LK-12580;6.6355;79.9472
LK-81612;6.2717;80.631
LK-81750;5.9486;80.5006
LK-32104;7.35;81.3
LK-21000;7.4698;80.6217
LK-50180;7.998;80.4595
LK-21406;7.5205;80.6798
LK-90052;7.0333;81.1167
LK-22262;7.0493;80.8744
LK-90534;7.0098;81.2362
LK-20418;7.1513;80.6419
LK-71009;7.2863;80.3626
LK-10370;6.8339;79.8644
LK-80151;6.0931;80.3781
LK-80108;6.1828;80.2952
LK-90364;6.9097;80.8356
LK-60465;7.6556;80.2223
LK-81456;6.2223;80.465
LK-82008;6.1903;81.1721
LK-60135;7.3633;80.1653
LK-81314;6.1146;80.6606
LK-31312;8.3466;81.0037
LK-80470;6.2995;80.1968
LK-60016;7.4253;80.4084
LK-50242;8.1535;80.3244
LK-61226;7.8857;80.0312
LK-11558;7.1818;79.9001
LK-20928;7.376;80.8213
LK-12000;6.5831;79.9593
LK-60292;7.4558;80.0511
LK-31046;8.4995;81.0972
LK-61266;7.8501;79.8156
LK-20592;7.0457;80.6876
LK-22032;6.9268;80.4888
LK-22075;6.8343;80.5676
LK-12009;6.6138;80.01
LK-30352;7.7491;81.5689
LK-21512;7.6622;80.7728
LK-20732;7.1474;80.7562
LK-11328;7.0421;79.8624
LK-70082;6.5773;80.6686
LK-32074;7.1972;81.5989
LK-70005;6.7432;80.4772
LK-50124;7.9517;80.5913
LK-20270;7.2574;80.6715
LK-50100;8.0385;80.5941
LK-31318;8.3466;81.0037
LK-50566;8.3169;80.2401
LK-90063;7.0218;80.9957
LK-20712;7.1252;80.7879
LK-20966;7.4167;80.9333
LK-12432;6.7373;80.1178
LK-12112;6.4485;80.078
LK-61024;7.5303;79.7929
LK-50184;7.9474;80.5172
LK-22245;7.036;80.904
LK-11734;7.0417;80.1282
LK-12127;6.3949;80.1429
LK-60152;7.3753;80.0813
LK-10732;6.9459;80.1114
LK-71602;7.1665;80.2189
LK-60602;7.7833;80.3333
LK-50358;8.3889;80.766
LK-80440;6.3223;80.1516
LK-81400;6.1007;80.4693
LK-80150;6.1098;80.3454
LK-71715;7.0281;80.3348
LK-60718;7.915;80.3626
LK-12418;6.762;80.0589
LK-61322;8.0993;79.8684
LK-11440;7.144;79.8887
LK-20965;7.1592;80.9898
LK-12138;6.4089;80.2166
LK-90324;7.0;80.95
LK-30160;7.624;81.7599
LK-21140;7.5869;80.6072
LK-90542;7.0698;81.1023
LK-32198;7.3333;81.7333
LK-70556;6.8848;80.3119
LK-90072;7.0276;81.0339
LK-91008;6.9196;81.3805
LK-82450;6.1521;80.6941
LK-30300;7.7782;81.6038
LK-82200;6.024;80.7911
LK-71046;7.3073;80.3043
LK-90728;7.2221;81.0612
LK-51002;7.9615;81.043
LK-70034;6.6546;80.3712
LK-21082;7.6606;80.6424
LK-21066;7.5072;80.6569
LK-30238;7.525;81.725
LK-70019;6.7105;80.3324
LK-60182;7.4741;80.1709
LK-60584;7.6097;80.3925
LK-61341;7.9991;79.7391
LK-71234;7.0967;80.3041
LK-20234;7.2928;80.572
LK-70136;6.6911;80.576
LK-91206;6.7721;81.1174
LK-60029;7.4052;80.3927
LK-60121;7.3972;80.1745
LK-32514;6.914;81.6639
LK-30358;7.7491;81.5689
LK-80654;6.0116;80.3729
LK-71041;7.1305;80.2991
LK-60208;7.428;80.0194
LK-81280;6.0167;80.5667
LK-22021;7.0276;80.652
LK-71505;7.2167;80.4167
LK-51004;7.9833;81.0833
LK-12530;6.7144;79.988
LK-91056;7.0262;81.386
LK-91042;7.2233;81.541
LK-22214;6.873;80.8106
LK-20564;7.1;80.5667
LK-82416;6.1257;80.7112
LK-60003;7.5351;80.3321
LK-71035;7.1845;80.3794
LK-61022;7.5303;79.7929
LK-20850;7.3667;80.6167
LK-60228;7.5097;80.0346
LK-90212;6.9028;80.9238
LK-81312;6.1175;80.6797
LK-12300;6.6744;80.1934
LK-11250;7.224;80.0094
LK-21014;7.3601;80.382
LK-60712;7.9645;80.3232
LK-11880;7.1426;80.0938
LK-71708;7.0663;80.4283
LK-20660;7.0243;80.5504
LK-31220;8.4477;81.2874
LK-60540;7.6442;80.5095
LK-90022;7.1089;81.0089
LK-50022;8.3322;80.3645
LK-10714;7.0999;80.0944
LK-81064;6.0249;80.5641
LK-50029;8.3322;80.3645
LK-51518;7.9;80.4833
LK-22060;6.7994;80.665
LK-22100;6.9371;80.6581
LK-21009;7.4;80.6667
LK-21055;7.5492;80.5874
LK-50582;8.4941;80.4801
LK-82401;6.0496;80.7325
LK-30024;7.7527;81.6417
LK-20510;7.0808;80.4693
LK-70145;6.7181;80.7671
LK-70294;6.5293;80.6085
LK-11896;7.207;80.1769
LK-60580;7.6097;80.3925
LK-61162;7.4921;79.9109
LK-12060;6.5041;79.9811
LK-60060;7.4086;80.3091
LK-31000;8.5711;81.2335
LK-21144;7.6168;80.6043
LK-61190;7.4123;79.8624
LK-21070;7.6083;80.6595
LK-11270;7.2282;79.8964
LK-11216;7.2317;80.1549
LK-90134;6.8718;80.9445
LK-20986;7.2197;80.9958
LK-71034;7.1813;80.3339
LK-71105;7.3667;80.4167
LK-80120;6.0359;80.3156
LK-91006;6.8169;81.3743
LK-10230;6.8462;79.9448
LK-11875;7.1185;80.0563
LK-12005;6.6053;79.9971
LK-71100;7.3164;80.3906
LK-81452;6.2223;80.465
LK-11522;7.2036;79.895
LK-82270;6.2502;80.7634
LK-50236;8.2409;80.3391
LK-21072;7.5813;80.6267
LK-22110;6.9704;80.6493
LK-21214;7.7167;80.55
LK-91007;6.9242;81.3493
LK-81318;6.0667;80.6667
LK-60737;8.0862;80.2271
LK-31100;8.4981;81.1779
LK-82002;6.1899;81.267
LK-70152;6.526;80.5581
LK-20678;7.0359;80.5174
LK-32155;7.3852;81.3892
LK-51428;7.5781;79.8681
LK-71370;7.1238;80.2864
LK-20904;7.3147;80.7616
LK-71055;7.3101;80.3161
LK-90718;7.3583;81.1083
LK-81051;5.9667;80.5
LK-43000;8.7514;80.4971
LK-50454;8.4592;80.5643
LK-51090;7.9675;80.9572
LK-90230;6.8833;80.901
LK-71720;6.9966;80.4068
LK-20822;7.3792;80.6429
LK-11012;7.041;79.9218
LK-11889;7.1426;80.0938
LK-61300;8.0362;79.8283
LK-82274;6.2554;80.8254
LK-80048;6.0471;80.2902
LK-50390;8.2833;80.7167
LK-50572;8.4941;80.4801
LK-71029;7.2393;80.2857
LK-51244;7.8125;80.84
LK-60280;7.2971;80.2343
LK-50300;8.3593;80.5103
LK-60354;7.5501;80.1406
LK-50339;8.2333;80.7333
LK-12148;6.4336;80.2842
LK-30162;7.624;81.7599
LK-90222;6.9378;80.8389
LK-12216;6.609;80.233
LK-90226;6.9667;80.8667
LK-11244;7.2266;80.0544
LK-80092;6.1818;80.3036
LK-81615;6.2654;80.6161
LK-32031;7.25;81.6
LK-91112;6.7608;81.2488
LK-70150;6.5825;80.5755
LK-91550;6.9979;81.2821
LK-60047;7.5102;80.5211
LK-20052;7.3637;80.4845
LK-70190;6.636;80.6645
LK-32360;7.2833;81.85
LK-71115;7.3798;80.3469
LK-60438;7.6304;80.0235
LK-30424;7.9167;81.4333
LK-81160;5.9319;80.6069
LK-90092;6.8667;81.1
LK-20152;7.4162;80.5639
LK-30410;7.9167;81.5667
LK-60578;7.6103;80.3607
LK-70602;6.8126;80.2427
LK-70342;6.4003;80.6288
LK-51410;8.0465;80.9025
LK-50326;8.4214;80.6865
LK-50006;8.6044;80.681
LK-90326;7.0167;80.9551
LK-61040;7.6841;79.9183
LK-81200;5.9667;80.6833
LK-80330;6.1915;80.0895
LK-82246;6.1423;80.776
LK-81092;5.9833;80.5333
LK-70348;6.4003;80.6288
LK-90546;7.1264;81.0975
LK-90730;7.3;81.1167
LK-60424;7.6095;80.1721
LK-90716;7.3833;81.1667
LK-81614;6.2592;80.6012
LK-60300;7.3381;80.3003
LK-20752;7.1174;80.8099
LK-60052;7.5551;80.4577
LK-71546;7.1366;80.4524
LK-12410;6.6927;80.0326
LK-31226;8.4477;81.2874
LK-32350;7.2667;81.85
LK-60045;7.4731;80.5458
LK-50210;7.9218;80.0859
LK-20921;7.3333;80.7833
LK-21534;7.6622;80.7728
LK-50086;8.15;80.5
LK-90160;6.7681;80.9595
LK-82108;6.1074;80.9783
LK-20106;7.3472;80.5208
LK-91312;6.4555;81.0577
LK-22270;7.1141;80.8511
LK-30400;7.6899;81.6011
LK-61520;8.0;80.1167
LK-90206;6.8258;80.9291
LK-20670;7.0359;80.5174
LK-90754;7.4;81.05
LK-12222;6.4996;80.1807
LK-90700;7.2444;81.1167
LK-32066;7.4083;81.6333
LK-71430;6.9314;80.3352
LK-20438;7.1944;80.6917
LK-80082;6.3757;80.3604
LK-11222;7.2638;80.1012
LK-20512;7.0976;80.4696
LK-22000;6.8916;80.5955
LK-91050;6.9557;81.367
LK-70450;6.5391;80.4039
LK-10350;6.8523;79.8656
LK-82010;6.1903;81.1721
LK-12320;6.6383;80.0861
LK-11054;7.0716;80.0333
LK-60348;7.8667;80.2167
LK-50567;8.3807;80.4436
LK-81408;6.1201;80.4825
LK-22050;6.8713;80.6
LK-81450;6.2014;80.4593
LK-80550;6.278;80.0366
LK-60204;7.4073;79.9731
LK-21108;7.8633;80.6842
LK-21142;7.6467;80.6014
LK-50270;8.1056;80.3107
LK-21090;7.7047;80.6542
LK-11010;7.0292;79.917
LK-32200;7.3833;81.8333
LK-60646;7.6734;80.4748
LK-21300;7.4228;80.6167
LK-82462;6.1565;80.7256
LK-21074;7.6083;80.6595
LK-50212;7.9267;80.1213
LK-70400;6.6094;80.4186
LK-60314;7.3315;80.2633
LK-90150;6.8007;80.9546
LK-51049;8.0167;81.0833
LK-70160;6.5063;80.6434
LK-60714;8.0987;80.3427
LK-21154;7.6503;80.5772
LK-90166;6.7797;80.9208
LK-10600;6.9329;79.8848
LK-21520;7.6622;80.7728
LK-32008;7.2975;81.682
LK-80352;6.3589;80.1181
LK-96167;6.7819;80.8931
LK-60437;7.6833;80.05
LK-20420;7.1979;80.6645
LK-10524;6.7939;80.1441
LK-20948;7.3;80.85
LK-80500;6.4254;79.9948
LK-80630;5.9977;80.2958
LK-81480;6.296;80.5421
LK-61012;7.5789;79.8428
LK-82102;6.1493;81.0413
LK-70000;6.6828;80.3992
LK-20840;7.3979;80.731
LK-91070;6.8922;81.2396
LK-70459;6.4574;80.4381
LK-60434;7.6338;80.1061
LK-42000;9.1762;80.5686
LK-50130;7.942;80.628
LK-70012;6.7161;80.3795
LK-60312;7.3391;80.335
LK-80408;6.2707;80.2324
LK-82000;6.1241;81.1185
LK-80406;6.3081;80.1985
LK-71712;7.0281;80.3348
LK-12218;6.5777;80.2969
LK-30192;7.5876;81.7829
LK-11390;7.1231;79.9263
LK-10204;6.8708;80.0092
LK-91554;6.9979;81.2821
LK-11607;6.9707;79.9875
LK-91005;6.8349;81.3879
LK-32354;7.2667;81.85
LK-21408;7.5205;80.6798
LK-71363;7.1453;80.2839
LK-70080;6.6081;80.6181
LK-00500;6.8841;79.8608
LK-60549;7.6833;80.45
LK-50587;8.4941;80.4801
LK-11052;7.0821;80.0616
LK-80312;6.1832;80.0734
LK-60486;7.75;80.0833
LK-40000;9.6684;80.0074
LK-70044;6.581;80.4534
LK-12306;6.6992;80.1914
LK-81320;6.1446;80.5978
LK-71000;7.2523;80.3436
LK-60490;7.6851;80.1541
LK-90752;7.4;81.05
LK-20194;7.3022;80.6762
LK-22216;6.873;80.8106
LK-20206;7.2408;80.6825
LK-21212;7.7833;80.5333
LK-20714;7.1252;80.7879
LK-60076;7.4873;80.4676
LK-71210;7.2094;80.358
LK-22044;6.9182;80.472
LK-10504;6.8479;80.0484
LK-50224;8.1929;80.1457
LK-11265;7.2507;79.9509
LK-82608;6.2167;81.3
LK-50288;8.0875;80.5154
LK-91514;7.1056;81.2314
LK-11730;7.0417;80.1282
LK-60582;7.6097;80.3925
LK-71432;6.9037;80.35
LK-82120;6.1087;80.9309
LK-10116;6.8738;79.9378
LK-30420;7.9167;81.5167
LK-90352;6.8621;80.8791
LK-31304;8.3249;80.9794
LK-11062;6.9714;80.0933
LK-71014;7.287;80.3783
LK-90102;6.811;80.9962
LK-70512;6.7804;80.3164
LK-60456;7.5666;79.908
LK-22220;6.9894;80.8127
LK-20232;7.2928;80.572
LK-31224;8.4477;81.2874
LK-30200;7.5167;81.7833
LK-71312;7.0494;80.2324
LK-70104;6.5683;80.715
LK-50584;8.4941;80.4801
LK-12564;6.6594;79.9726
LK-90171;6.8097;80.893
LK-90080;6.9002;81.0555
LK-90122;6.8885;81.0357
LK-60106;7.4996;80.0548
LK-51031;7.9167;80.55
LK-11700;6.9909;80.008
LK-20034;7.2932;80.5982
LK-80110;6.1958;80.2742
LK-60514;7.7422;80.4467
LK-61307;8.0362;79.8283
LK-60170;7.3204;79.9974
LK-12534;6.7072;80.0107
LK-12094;6.424;80.0631
LK-70142;6.7181;80.7671
LK-60499;7.5069;80.4061
LK-70162;6.9022;80.4267
LK-80354;6.3847;80.097
LK-60453;7.6049;79.9443
LK-00800;6.9177;79.8742
LK-81000;5.9485;80.5353
LK-20738;7.1293;80.798
LK-31234;8.4477;81.2874
LK-11500;7.2083;79.8358
LK-60548;7.6668;80.4796
LK-11234;7.2844;80.0625
LK-12538;6.7;80.0333
LK-91054;7.0113;81.4147
LK-80244;6.1282;80.1245
LK-61508;7.7768;79.9465
LK-90580;6.9041;81.1211
LK-21051;7.5324;80.5774
LK-80562;6.3136;80.0322
LK-21200;7.7589;80.5683
LK-50014;8.3955;80.3103
LK-20945;7.3;80.85
LK-60211;7.5135;80.0754
LK-70195;6.636;80.6645
LK-50586;8.4941;80.4801
LK-60512;7.7411;80.4169
LK-50055;8.3864;80.3725
LK-12007;6.6189;80.0219
LK-60107;7.4666;80.126
LK-30350;7.786;81.591
LK-60572;7.583;80.3667
LK-22095;6.9217;80.685
LK-90044;7.0031;81.0829
LK-20802;7.343;80.6463
LK-20200;7.2507;80.6899
LK-20180;7.2959;80.7361
LK-10280;6.848;79.9265
LK-10115;6.9083;79.9649
LK-81071;6.1919;80.5697
LK-11102;7.1659;79.9905
LK-80054;6.0647;80.3013
LK-80086;6.3572;80.3634
LK-81072;6.1919;80.5697
LK-71325;7.1364;80.2738
LK-30000;7.7102;81.6924
LK-60195;7.4167;80.1
LK-60492;7.715;79.9896
LK-20450;7.2689;80.5441
LK-51070;7.9516;81.2452
LK-82500;6.2683;80.6971
LK-71520;7.2457;80.4664
LK-60700;7.9965;80.2675
LK-12142;6.4336;80.2842
LK-60160;7.333;80.0329
LK-82504;6.2683;80.6971
LK-90013;7.065;81.0619
LK-11108;7.1773;80.0123
LK-51064;7.9667;81.1667
LK-71220;7.173;80.3612
LK-61136;7.3299;79.9272
LK-11146;7.0725;80.115
LK-71106;7.3563;80.3983
LK-60754;7.9935;80.381
LK-91000;6.8714;81.3487
LK-20168;7.2737;80.7001
LK-20744;7.0642;80.7844
LK-11105;7.1763;80.0827
LK-90114;6.8447;81.0199
LK-60174;7.3573;79.9829
LK-71116;7.3224;80.3552
LK-12412;6.6927;80.0326
LK-90218;6.8481;80.9259
LK-81402;6.1083;80.4884
LK-20216;7.2278;80.7174
LK-90506;6.8929;81.1841
LK-80130;6.1265;80.4898
LK-51235;7.85;80.8667
LK-11000;7.0897;79.9925
LK-80204;6.1916;80.1463
LK-10208;6.7977;80.0146
LK-31032;8.6333;81.0317
LK-51225;7.8833;80.8833
LK-60722;8.0107;80.2979
LK-11856;7.0376;79.9913
LK-71304;7.096;80.1878
LK-11033;7.1116;79.953
LK-81532;6.2886;80.5975
LK-81170;5.9333;80.6
LK-81475;6.2738;80.4557
LK-71352;7.2032;80.2956
LK-20702;7.1998;80.7552
LK-22208;6.9708;80.7829
LK-60184;7.5104;80.136
LK-70165;6.8322;80.4138
LK-60416;7.6784;80.1154
LK-61154;7.382;79.8749
LK-61264;7.7753;79.8581
LK-21502;7.7333;80.7167
LK-11715;7.0177;80.0488
LK-30376;7.7995;81.5773
LK-81230;6.0116;80.6437
LK-90214;6.7422;80.9733
LK-11242;7.5034;80.5318
LK-80122;6.0359;80.3156
LK-61270;7.8701;79.8229
LK-80250;6.0962;80.1351
LK-31036;8.6333;81.0317
LK-22287;7.1181;80.9179
LK-70156;6.5168;80.5451
LK-20142;7.4042;80.6087
LK-12126;6.3949;80.1429
LK-10730;6.9404;80.1276
LK-51039;7.9167;80.55
LK-70350;6.4021;80.6865
LK-11672;6.9414;80.021
LK-32418;6.9897;81.8621
LK-60214;7.5013;80.1123
LK-10502;6.8107;80.0466
LK-81060;6.0249;80.5641
LK-81414;6.1563;80.5151
LK-80142;6.3587;80.1412
LK-20044;7.3154;80.5887
LK-81106;6.0833;80.6
LK-32400;7.2165;81.8538
LK-71622;7.138;80.2568
LK-60350;7.537;80.1899
LK-51094;7.9675;80.9572
LK-71236;7.0821;80.3759
LK-91022;6.8261;81.4907
LK-50280;8.0875;80.5154
LK-20668;7.0621;80.5713
LK-12204;6.5422;80.1583
LK-61210;7.4106;79.828
LK-12080;6.4394;79.9895
LK-50450;8.4423;80.5054
LK-61014;7.5861;79.855
LK-80400;6.2908;80.1626
LK-51052;7.9675;80.9572
LK-70129;6.6878;80.689
LK-71360;7.1453;80.2839
LK-70026;6.6453;80.2652
LK-70140;6.7181;80.7671
LK-91108;6.7608;81.2488
LK-50008;8.4225;81.0541
LK-20669;7.0243;80.5504
LK-10150;6.8687;79.9998
LK-81514;6.3679;80.5306
LK-60724;8.0107;80.2979
LK-81479;6.2739;80.5333
LK-61000;7.5758;79.7953
LK-21058;7.5916;80.5899
LK-60054;7.4382;80.541
LK-70180;6.636;80.6645
LK-51258;7.7244;80.7883
LK-90091;6.8336;81.0705
LK-61236;7.5306;79.8189
LK-70032;6.6546;80.3712
LK-60554;7.7061;80.4964
LK-81524;6.3392;80.4921
LK-90584;6.8619;81.1486
LK-20100;7.373;80.5206
LK-10118;6.891;79.9513
LK-80084;6.3834;80.4182
LK-22250;7.0308;80.9105
LK-20526;7.1049;80.5917
LK-61272;7.8393;79.8924
LK-32102;7.4025;81.2745
LK-71704;7.0579;80.3419
LK-80270;6.0733;80.1577
LK-20080;7.3167;80.5833
LK-90738;7.3;81.1167
LK-60318;7.399;80.2641
LK-10522;6.832;80.1314
LK-71619;7.2347;80.2239
LK-22090;6.9217;80.685
LK-70256;6.3424;80.7847
LK-50206;8.1334;80.3599
LK-70105;6.5366;80.7455
LK-90017;7.1591;81.0761
LK-71607;7.1627;80.1681
LK-31212;8.45;81.2833
LK-11410;7.1305;79.8871
LK-11670;6.9414;80.021
LK-21116;7.8206;80.6172
LK-60612;7.7498;80.3762
LK-61138;7.3461;79.9286
LK-70480;6.7446;80.2662
LK-20824;7.3792;80.6429
LK-61314;8.0638;79.9757
LK-60430;7.6033;80.0752
LK-80143;6.2882;80.2376
LK-11204;7.2959;80.1346
LK-21016;7.3058;80.0814
LK-90008;7.0331;81.0508
LK-20562;7.1031;80.5572
LK-61158;7.3692;79.893
LK-91010;6.9016;81.4425
LK-20506;7.0969;80.5128
LK-12424;6.7448;80.0922
LK-60484;7.85;80.15
LK-60735;8.0862;80.2271
LK-50320;8.4214;80.6865
LK-20000;7.2955;80.6356
LK-50562;8.4445;80.647
LK-90184;6.9682;80.9118
LK-12134;6.3615;80.1931
LK-22202;6.9708;80.7829
LK-90190;6.7434;81.0189
LK-90180;6.7603;80.8844
LK-82106;6.1344;81.0028
LK-60306;7.3816;80.2989
LK-51072;7.9516;81.2452
LK-60028;7.4141;80.3659
LK-50170;8.0257;80.4803
LK-32010;7.2144;81.6537
LK-32016;7.2076;81.654
LK-80320;6.2216;80.1254
LK-61042;7.7313;79.9163
LK-60482;7.6833;80.0667
LK-11134;7.0742;80.1501
LK-21536;7.6622;80.7728
LK-70230;6.2675;80.9022
LK-90508;6.8288;81.1573
LK-50334;8.2333;80.7333
LK-10500;6.8408;80.0897
LK-90722;7.2221;81.0612
LK-91298;6.5219;81.1228
LK-50518;8.4941;80.4801
LK-50230;8.2364;80.3476
LK-32454;7.1148;81.8541
LK-82602;6.2466;81.2933
LK-12234;6.5218;80.248
LK-11114;7.1981;80.0166
LK-91202;6.8043;81.1386
LK-21538;7.6622;80.7728
LK-90736;7.3;81.1167
LK-20400;7.2622;80.5841
LK-70024;6.6358;80.3083
LK-60558;7.7061;80.4964
LK-32050;7.1972;81.5989
LK-51046;8.0167;81.0833
LK-50200;8.2631;80.2044
LK-60461;7.6556;80.2223
LK-70041;6.6444;80.4446
LK-61344;7.9991;79.7391
LK-60000;7.4863;80.3623
LK-82252;6.2212;80.7383
LK-60188;7.476;80.1589
LK-51016;7.95;80.55
LK-82622;6.2908;81.2463
LK-50552;8.3407;80.2796
LK-70604;6.8279;80.2251
LK-80107;6.1619;80.2766
LK-60200;7.4688;80.0401
LK-22212;6.873;80.8106
LK-70620;6.9052;80.2193
LK-71601;7.1839;80.2198
LK-90100;6.8334;80.9853
LK-81526;6.355;80.4742
LK-51500;7.9;80.4833
LK-81474;6.2328;80.5321
LK-90186;6.7596;80.8455
LK-90082;6.9;81.0639
LK-31026;8.6749;80.9548
LK-70298;6.5293;80.6085
LK-70154;6.5393;80.5484
LK-71716;7.0281;80.3348
LK-30456;8.2167;81.4
LK-90060;6.9536;81.0299
LK-91020;6.7689;81.4863
LK-20914;7.3076;80.887
LK-51504;7.9;80.4833
LK-50382;8.3916;80.6079
LK-60604;7.8;80.25
LK-70106;6.5239;80.8085
LK-91060;6.7456;81.3057
LK-21524;7.6622;80.7728
LK-71303;7.0593;80.2084
LK-50220;8.1929;80.1457
LK-71407;6.9558;80.396
LK-82456;6.3047;80.7064
LK-31200;8.45;81.2667
LK-81294;6.0333;80.65
LK-60044;7.5102;80.5211
LK-60308;7.3573;80.3425
LK-71060;7.2267;80.2728
LK-11534;7.2503;79.8957
LK-60206;7.4374;80.0554
LK-11618;6.9618;80.0025
LK-60062;7.2934;80.4557
LK-80300;6.2355;80.0538
LK-12230;6.5084;80.2329
LK-91300;6.4331;81.1285
LK-11063;7.0006;80.0245
LK-71503;7.2376;80.4168
LK-22226;7.0568;80.8074
LK-60404;7.6608;80.2839
LK-70062;6.855;80.3554
LK-12108;6.465;80.1043
LK-50214;7.9169;80.0505
LK-60570;7.5556;80.3728
LK-50500;8.5345;80.4923
LK-11320;7.048;79.8937
LK-71706;7.0676;80.4123
LK-70118;6.6328;80.8548
LK-31260;8.4477;81.2874
LK-11830;6.9685;79.8836
LK-50394;8.3;80.7333
LK-51044;8.0167;81.0833
LK-50240;8.15;80.3
LK-70056;6.6627;80.4847
LK-12440;6.728;80.0609
LK-71507;7.2825;80.4736
LK-00400;6.8914;79.8522
LK-82100;6.1196;81.0214
LK-22096;6.9217;80.685
LK-61502;7.8226;79.9715
LK-61150;7.3462;79.8634
LK-20924;7.376;80.8213
LK-80508;6.379;80.0563
LK-61144;7.2915;79.9212
LK-21094;7.7519;80.6608
LK-80046;6.0568;80.2475
LK-70606;6.8092;80.2699
LK-12200;6.5422;80.1583
LK-31016;8.7444;81.1538
LK-80424;6.3041;80.2522
LK-60477;7.7825;80.1378
LK-70002;6.7292;80.439
LK-61512;7.9536;80.0573
LK-60458;7.6049;79.9443
LK-32450;7.1148;81.8541
LK-50262;7.8817;80.4772
LK-70482;6.7745;80.2344
LK-80220;6.1438;80.159
LK-50046;8.2667;80.4667
LK-60156;7.3146;80.0516
LK-90094;6.8586;81.0723
LK-71540;7.1509;80.4614
LK-60072;7.3746;80.3664
LK-82400;6.0496;80.7325
LK-32024;7.0194;81.6478
LK-71232;7.0673;80.2955
LK-60209;7.442;79.993
LK-60485;7.8811;80.1092
LK-31300;8.3683;81.0281
LK-81100;6.0833;80.5667
LK-71313;7.0632;80.2544
LK-20967;7.2879;80.9616
LK-61362;8.2372;79.7628
LK-50207;8.1982;80.2822
LK-20568;7.071;80.5867
LK-71400;6.9776;80.2624
LK-20210;7.2251;80.7352
LK-71237;7.0991;80.4016
LK-51422;7.5781;79.8681
LK-22058;6.8377;80.6079
LK-70504;6.8267;80.3673
LK-50176;8.0759;80.373
LK-50222;8.1929;80.1457
LK-61008;7.6618;79.7915
LK-50338;8.2333;80.7333
LK-60506;7.6342;80.4333
LK-51024;8.0;81.0
LK-71318;7.0356;80.2104
LK-81316;6.1337;80.6142
LK-60738;8.0862;80.2271
LK-60162;7.3423;80.079
LK-90067;7.0691;80.9803
LK-90012;7.0195;81.0672
LK-71521;7.454;80.3993
LK-51000;7.9397;81.0027
LK-90068;6.9977;81.0039
LK-32072;7.1972;81.5989
LK-20916;7.3076;80.887
LK-10100;6.8868;79.9551
LK-51414;7.7569;80.3862
LK-11122;7.1202;80.1815
LK-11724;7.0406;80.0713
LK-82135;6.0634;80.8363
LK-90524;6.9644;81.1584
LK-50110;7.9;80.5261
LK-81020;6.0249;80.5641
LK-81740;5.9333;80.45
LK-82550;6.2098;80.6632
LK-20160;7.2715;80.656
LK-61354;8.0993;79.8684
LK-10640;6.9339;79.982
LK-81730;5.9667;80.45
LK-60478;7.7777;80.1506
LK-60130;7.3633;80.1653
LK-71050;7.2801;80.3186
LK-50064;8.2667;80.5
LK-60094;7.463;80.2924
LK-50144;8.0577;80.707
LK-82632;6.2594;81.2164
LK-12400;6.7159;80.0626
LK-20684;6.9759;80.4738
LK-11680;6.9503;80.051
LK-21124;7.9314;80.6845
LK-11566;7.1715;79.9665
LK-11232;7.2844;80.0625
LK-10300;6.7999;79.9249
LK-50104;8.0909;80.356
LK-61004;7.7477;79.7878
LK-91204;6.7856;81.109
LK-20676;7.0359;80.5174
LK-70456;6.489;80.4276
LK-60606;7.802;80.287
LK-11126;7.0987;80.143
LK-90168;6.8173;80.8403
LK-80152;6.1036;80.4062
LK-12050;6.5075;80.0276
LK-82278;6.2475;80.8628
LK-81422;6.1215;80.4552
LK-82412;6.0947;80.7411
LK-32508;6.7552;81.8036
LK-60236;7.5477;79.9797
LK-60502;7.5617;80.4807
LK-80144;6.3285;80.2408
LK-31314;8.3466;81.0037
LK-31012;8.7353;81.1623
LK-32126;7.3852;81.3892
LK-82300;6.1905;80.9357
LK-60462;7.6556;80.2223
LK-70135;6.6922;80.6385
LK-90726;7.2221;81.0612
LK-60495;7.8333;80.0667
LK-32512;6.914;81.6639
LK-71700;7.0279;80.2946
LK-12020;6.5531;80.0223
LK-20260;7.2574;80.6715
LK-12560;6.6686;79.9253
LK-60441;7.5963;80.0034
LK-30372;7.7995;81.5773
LK-60406;7.7167;80.25
LK-82638;6.3391;81.1337
LK-20128;7.3;80.7833
LK-82554;6.2098;80.6632
LK-20908;7.3147;80.7616
LK-10400;6.773;79.8816
LK-90354;6.8631;80.8639
LK-30250;7.4667;81.8
LK-91302;6.4004;81.0877
LK-71063;7.3605;80.0911
LK-91306;6.4555;81.0577
LK-30450;8.1333;81.4333
LK-60260;7.4893;79.8925
LK-51400;8.0333;80.95
LK-60544;7.6729;80.4793
LK-50196;7.9969;80.5461
LK-20990;7.3076;80.887
LK-50308;8.3593;80.5103
LK-11208;7.3028;80.0957
LK-71403;6.9221;80.374
LK-90106;6.9251;80.9389
LK-90014;7.0956;81.0479
LK-80214;6.2456;80.2234
LK-11532;7.2715;79.9484
LK-31038;8.6333;81.0317
LK-80100;6.1305;80.2521
LK-32060;7.3667;81.6333
LK-20750;7.0877;80.8044
LK-20656;7.035;80.5244
LK-90208;6.8362;80.9122
LK-61244;7.6946;79.8363
LK-71500;7.2519;80.4453
LK-90504;6.9;81.1667
LK-10250;6.8735;79.8899
LK-60400;7.6177;80.245
LK-31228;8.4477;81.2874
LK-20544;7.1574;80.6373
LK-32018;7.2076;81.654
LK-60202;7.3843;80.0355
LK-80318;6.2033;80.103
LK-30220;7.4833;81.75
LK-20650;7.0534;80.5321
LK-20108;7.3526;80.5147
LK-51378;7.8912;80.7957
LK-90512;6.9186;81.2056
LK-20454;7.2373;80.5431
LK-51108;7.8912;80.7957
LK-60414;7.7;80.1
LK-50284;8.0911;80.4722
LK-32012;7.2076;81.654
LK-51089;7.9675;80.9572
LK-50248;8.1812;80.2013
LK-82254;6.1783;80.7692
LK-11850;7.0276;79.993
LK-80458;6.2995;80.1968
LK-80064;6.1439;80.3353
LK-50012;8.3955;80.3103
LK-60096;7.4498;80.2614
LK-82276;6.2686;80.85
LK-21402;7.5205;80.6798
LK-10513;6.878;80.0472
LK-11228;7.2661;79.9936
LK-81180;6.0278;80.592
LK-50062;8.2;80.45
LK-60552;7.7061;80.4964
LK-12500;6.7132;79.9026
LK-51106;7.8912;80.7957
LK-80240;6.1407;80.1012
LK-70124;6.6821;80.6757
LK-20950;7.3076;80.887
LK-51424;7.5781;79.8681
LK-10202;6.8796;80.0131
LK-50556;8.5287;80.5148
LK-60284;7.3646;80.2183
LK-91552;6.9979;81.2821
LK-22034;6.9268;80.4888
LK-60732;8.0862;80.2271
LK-82110;6.2231;80.9308
LK-80460;6.2159;80.2072
LK-50067;8.25;80.55
LK-20546;7.1262;80.6692
LK-32314;7.45;81.8167
LK-12136;6.4681;80.1924
LK-20134;7.356;80.6051
LK-90362;6.9097;80.8356
LK-32500;6.8762;81.8267
LK-30249;7.5028;81.7528
LK-00300;6.8833;79.85
LK-80090;6.1818;80.3036
LK-60112;7.4774;80.1961
LK-90204;6.8664;80.9084
LK-82232;6.1781;80.7994
LK-81508;6.3664;80.5903
LK-61180;7.3685;79.8314
LK-82619;6.3362;81.2441
LK-91500;7.1577;81.2192
LK-20620;7.2157;80.5967
LK-50072;8.3;80.5833
LK-20170;7.3184;80.6995
LK-50057;8.2377;80.3368
LK-21042;7.5193;80.5657
LK-32034;7.137;81.5192
LK-21008;7.4324;80.6501
LK-90358;6.8902;80.8473
LK-50111;7.9;80.5261
LK-71300;7.0427;80.2517
LK-11420;7.144;79.8887
LK-81541;6.3412;80.5424
LK-11504;7.1624;79.8246
LK-31112;8.4981;81.1779
LK-51246;7.8125;80.84
LK-20800;7.3276;80.6212
LK-60731;8.0617;80.2936
LK-20482;7.2333;80.5833
LK-61343;7.9991;79.7391
LK-60064;7.1783;80.6023
LK-31006;8.6263;81.2127
LK-20126;7.3899;80.5794
LK-90104;7.2388;80.7293
LK-31053;8.5164;81.1891
LK-12426;6.7662;80.0784
LK-20300;7.2547;80.5242
LK-32048;7.1972;81.5989
LK-50088;8.1667;80.6
LK-70332;6.4188;80.6387
LK-12232;6.5352;80.263
LK-90500;6.9346;81.1574
LK-12214;6.6011;80.2322
LK-60262;7.5241;79.9193
LK-32101;7.4572;81.2808
LK-22282;7.1;80.9
LK-11692;6.9879;80.0483
LK-60624;7.8;80.4333
LK-20748;7.0742;80.7897
LK-61534;7.9524;79.928
LK-81030;5.9667;80.65
LK-50282;8.0839;80.5586
LK-70346;6.4357;80.6488
LK-11562;7.1715;79.9665
LK-12302;6.6109;80.2243
LK-70001;6.707;80.4336
LK-20938;7.2667;80.8833
LK-70352;6.4021;80.6865
LK-50392;8.3;80.7333
LK-11358;7.1023;79.9313
LK-51008;7.9615;81.043
LK-30428;7.9667;81.3833
LK-90530;7.0369;81.2017
LK-21054;7.508;80.6003
LK-80506;6.4001;80.0361
LK-20172;7.3332;80.7127
LK-70218;6.3118;80.7271
LK-71418;6.9721;80.3285
LK-31106;8.4981;81.1779
LK-10700;6.953;80.2075
LK-70114;6.6192;80.7415
LK-12116;6.4217;80.0884
LK-90535;7.0334;81.1687
LK-60546;7.6668;80.4796
LK-11524;7.2219;79.9279
LK-01500;6.95;79.8667
LK-51026;7.9833;80.9333
LK-71411;6.8886;80.4285
LK-60436;7.6377;80.0637
LK-32100;7.4002;81.2428
LK-90724;7.2221;81.0612
LK-61358;8.0993;79.8684
LK-11370;7.1006;79.8481
LK-80600;6.0212;80.2503
LK-11710;7.0177;80.0488
LK-32006;7.2975;81.682
LK-80402;6.2899;80.1978
LK-80302;6.2393;80.0752
LK-80170;6.112;80.2105
LK-81302;6.0836;80.6445
LK-12090;6.424;80.0631
LK-70404;6.5573;80.467
LK-60232;7.5477;79.9797
LK-11630;6.9618;80.0025
LK-61195;7.4541;79.8806
LK-30022;7.7527;81.6417
LK-30394;7.8655;81.5375
LK-71510;7.2162;80.4483
LK-81522;6.3235;80.5101
LK-20109;7.3376;80.5026
LK-80360;6.2704;80.0794
LK-11720;7.0491;80.0514
LK-90016;7.094;81.0912
LK-71702;7.0549;80.3693
LK-82612;6.2187;81.322
LK-70600;6.8502;80.2624
LK-81470;6.2594;80.4889
LK-22012;7.5158;80.6829
LK-11034;7.1273;79.9563
LK-20048;7.3154;80.5887
LK-90522;6.9644;81.1584
LK-70016;6.6983;80.3688
LK-50506;8.6113;80.4715
LK-80168;6.1763;80.3065
LK-11066;7.0393;80.0197
LK-20722;7.1727;80.8149
LK-80136;6.1265;80.4898
LK-10650;6.9086;80.0796
LK-10620;6.9287;80.0478
LK-70116;6.6003;80.7976
LK-20511;7.1145;80.4699
LK-61306;8.0362;79.8283
LK-51412;7.7569;80.3862
LK-21004;7.4432;80.662
LK-80615;5.9999;80.2787
LK-11690;6.9694;80.0481
LK-81326;6.1895;80.6193
LK-61252;7.8513;79.7899
LK-22046;6.9536;80.4446
LK-91508;7.1925;81.3759
LK-22120;7.0151;80.6697
LK-20084;7.3373;80.5663
LK-70100;6.6466;80.7007
LK-70506;6.7987;80.3736
LK-12224;6.5237;80.1765
LK-82125;6.0985;80.8807
LK-20204;7.2291;80.6889
LK-32250;7.3833;81.8333
LK-90048;6.9977;81.1086
LK-81500;6.3461;80.5515
LK-50516;8.4941;80.4801
LK-70472;6.5728;80.169
LK-30016;7.6798;81.6702
LK-60532;7.5729;80.5377
LK-91052;6.9754;81.473
LK-91040;7.2233;81.541
LK-60181;7.4475;80.1819
LK-22024;7.0276;80.652
LK-11129;7.4074;80.0869
LK-20250;7.3308;80.6461
LK-51033;7.9167;80.55
LK-60122;7.3972;80.1745
LK-11212;7.2507;80.1723
LK-12130;6.4394;80.1971
LK-10664;6.9345;80.0902
LK-50512;8.4941;80.4801
LK-32037;6.9952;81.3703
LK-20465;7.2825;80.5352
LK-71315;7.0494;80.2324
LK-90070;7.0276;81.0339
LK-30159;7.6;81.7667
LK-70138;6.7298;80.6135
LK-21106;7.8667;80.7167
LK-51250;7.7833;80.8167
LK-71320;7.0273;80.1836
LK-82618;6.3391;81.2571
LK-41000;8.9833;79.9
LK-11354;7.0815;79.9308
LK-70021;6.6405;80.2867
LK-70122;6.6821;80.6757
LK-61326;8.0993;79.8684
LK-20214;7.2305;80.6995
LK-51100;7.8912;80.7957
LK-61324;8.0993;79.8684
LK-90300;6.9232;80.8936
LK-20818;7.3566;80.6683
LK-70130;6.7087;80.6789
LK-60108;7.4666;80.126
LK-50370;8.3558;80.6894
LK-30206;7.5083;81.7583
LK-60474;7.7833;80.1833
LK-61192;7.4265;79.8985
LK-90112;6.8447;81.0199
LK-20042;7.3154;80.5887
LK-30444;7.9574;81.4805
LK-90702;7.2333;81.1
LK-91505;7.1841;81.2816
LK-71321;7.0537;80.1701
LK-20830;7.0665;80.6919
LK-50120;7.9425;80.565
LK-51050;7.9675;80.9572
LK-60500;7.5979;80.457
LK-71211;7.2094;80.358
LK-90020;7.1089;81.0089
LK-12144;6.4336;80.2842
LK-22254;7.0373;80.923
LK-50356;8.2833;80.6667
LK-10656;6.8905;80.027
LK-71508;7.2333;80.4667
LK-11104;7.0835;79.9451
LK-90188;6.8294;80.8806
LK-81404;6.1041;80.5134
LK-12322;6.6167;80.0667
LK-60227;7.5255;80.0643
LK-20189;7.2642;80.6859
LK-11112;7.2077;80.0545
LK-90000;6.9895;81.0557
LK-71527;7.2159;80.4704
LK-70070;6.6222;80.541
LK-60408;7.6532;80.2651
LK-50112;7.9;80.5261
LK-70017;6.7272;80.3255
LK-10320;6.7865;79.9657
LK-30196;7.5855;81.7831
LK-60344;7.8667;80.2167
LK-70036;6.6546;80.3712
LK-30158;7.6333;81.75
LK-90750;7.4;81.05
LK-50016;8.3955;80.3103
LK-91516;7.1084;81.2411
LK-32340;7.3498;81.853
LK-61250;7.8087;79.8246
LK-70112;6.5881;80.746
LK-71722;7.0225;80.4333
LK-70042;6.6195;80.4502
LK-11526;7.2234;79.9383
LK-91024;6.7117;81.4818
LK-12030;6.5891;80.084
LK-90042;7.0053;81.0743
LK-61220;7.5139;79.9207
LK-21554;7.5833;80.9667
LK-70494;6.7359;80.2188
LK-50588;8.4941;80.4801
LK-20610;7.1907;80.5865
LK-20828;7.3792;80.6429
LK-22280;7.0679;80.8939
LK-91100;6.7608;81.2488
LK-61274;7.901;79.7534
LK-60410;7.6569;80.1307
LK-11262;7.2453;79.9974
LK-60176;7.3389;79.9901
LK-21514;7.6622;80.7728
LK-80230;6.1458;80.1384
LK-70158;6.5317;80.515
LK-70612;6.8867;80.2716
LK-31308;8.3466;81.0037
LK-21112;7.8;80.7167
LK-20308;7.2706;80.4832
LK-11650;6.9423;79.9842
LK-51256;7.7539;80.8025
LK-51098;7.9675;80.9572
LK-60450;7.6004;79.9345
LK-20734;7.1402;80.7792
LK-12106;6.5042;80.0934
LK-21404;7.5205;80.6798
LK-80146;6.3285;80.2408
LK-20186;7.2945;80.711
LK-82586;6.2833;80.7182
LK-81290;6.05;80.6167
LK-70127;6.6763;80.6625
LK-81034;6.0333;80.6
LK-32069;7.4083;81.6333
LK-60347;7.8667;80.2167
LK-60483;7.7911;80.1023
LK-10654;6.9144;80.032
LK-50304;8.3593;80.5103
LK-20218;7.2278;80.7174
LK-11128;7.0951;80.1689
LK-70164;7.0881;80.1713
LK-20032;7.2031;80.3386
LK-11890;7.1666;80.1219
LK-11742;6.9982;80.1286
LK-11144;7.0725;80.115
LK-60620;7.8142;80.4042
LK-70403;6.5681;80.4947
LK-71326;7.1369;80.3068
LK-60034;7.484;80.4118
LK-20838;7.0665;80.6919
LK-21504;7.6579;80.6909
LK-51006;7.9615;81.043
LK-60640;7.75;80.3
LK-32000;7.2975;81.682
LK-60198;7.4217;80.0119
LK-10304;6.8232;79.9586
LK-90714;7.3583;81.1083
LK-50260;8.1426;80.403
LK-21056;7.5649;80.5821
LK-20906;7.3325;80.7545
LK-61130;7.2964;79.8715
LK-20983;7.2182;80.9775
LK-90350;6.8975;80.8705
LK-61504;7.8226;79.9715
LK-10526;6.7758;80.1344
LK-71533;7.1664;80.5187
LK-80148;6.3387;80.3437
LK-80070;6.2211;80.3336
LK-50068;8.25;80.6333
LK-60590;7.7667;80.3
LK-71600;7.2226;80.1887
LK-82240;6.151;80.7643
LK-50150;8.0363;80.7467
LK-50574;8.4941;80.4801
LK-80058;6.0647;80.3013
LK-61280;7.6767;79.8497
LK-50142;8.0933;80.6215
LK-50511;8.4941;80.4801
LK-11260;7.2405;79.9723
LK-71016;7.2578;80.3819
LK-20680;6.9903;80.4877
LK-61516;8.0246;80.0513
LK-60226;7.5255;80.0643
LK-80114;6.2133;80.2998
LK-70338;6.4188;80.6387
LK-51508;7.9;80.4833
LK-20132;7.362;80.5891
LK-90046;7.0214;81.0879
LK-22240;7.0486;80.8898
LK-61110;7.2833;79.85
LK-50259;8.1971;80.3798
LK-91405;6.4134;81.3346
LK-32039;7.1167;81.5333
LK-81038;5.9833;80.5667
LK-60622;7.8071;80.4188
LK-61514;7.9468;80.1277
LK-00200;7.1217;80.18629999999999
LK-70250;6.3424;80.7847
LK-12104;6.5273;80.0631
LK-71605;7.1746;80.2058
LK-32068;7.4083;81.6333
LK-11568;7.1715;79.9665
LK-91519;7.0847;81.2629
LK-12404;6.7266;80.0369
LK-60472;7.75;80.2
LK-70134;6.71;80.6398
LK-50327;8.4214;80.6865
LK-71130;7.3124;80.4339
LK-60454;7.6476;79.9904
LK-32300;7.409;81.8347
LK-31010;8.6833;81.2
LK-60479;7.8333;80.1333
LK-81220;5.9911;80.7019
LK-81017;6.0249;80.5641
LK-82458;6.3047;80.7064
LK-22040;6.9359;80.4583
LK-60027;7.4501;80.3415
LK-60476;7.7667;80.1333
LK-60250;7.4759;79.9655
LK-61234;7.5575;79.8846
LK-50558;8.7167;80.75
LK-91308;6.5331;80.9568
LK-50232;8.2453;80.3307
LK-70495;6.7359;80.2188
LK-31306;8.3466;81.0037
LK-11892;7.1785;80.1409
LK-51092;7.9675;80.9572
LK-32032;7.137;81.5192
LK-32316;7.45;81.8167
LK-11858;7.0176;79.9946
LK-90706;7.2667;81.15
LK-30150;7.6667;81.7333
LK-60025;7.4478;80.3475
LK-90582;6.9091;81.1323
LK-80340;6.2545;80.0576
LK-90183;6.8294;80.8806
LK-80260;6.0941;80.1429
LK-71350;7.2032;80.2956
LK-61342;7.9991;79.7391
LK-91038;7.0434;81.4838
LK-32038;7.137;81.5192
LK-60518;7.7417;80.4318
LK-50174;8.05;80.3833
LK-60155;7.3191;80.0824
LK-81082;6.0249;80.5641
LK-12078;6.4657;79.9962
LK-30362;7.6167;81.55
LK-50169;7.9969;80.5461
LK-50126;7.9865;80.6153
LK-60036;7.492;80.4532
LK-12006;6.6053;79.9971
LK-50380;8.3804;80.5888
LK-60266;7.5209;79.9716
LK-20150;7.4333;80.5667
LK-81322;6.1596;80.6211
LK-70502;6.7928;80.3913
LK-71401;6.9582;80.3174
LK-70171;6.443;80.7175
LK-71230;7.1032;80.3344
LK-71417;6.9154;80.2972
LK-51375;7.8912;80.7957
LK-91098;6.8235;81.3068
LK-70252;6.3424;80.7847
LK-70046;6.5169;80.4658
LK-32062;7.4083;81.6333
LK-82109;6.1614;80.9701
LK-91295;6.5716;81.049
LK-80216;6.2982;80.2463
LK-90028;7.1089;81.0089
LK-71603;7.1374;80.2333
LK-91502;7.3;81.2167
LK-61356;8.0993;79.8684
LK-60530;7.5729;80.5377
LK-20112;7.3742;80.586
LK-31222;8.4477;81.2874
LK-80112;6.2307;80.3254
LK-91512;7.1236;81.1902
LK-21120;7.9518;80.7426
LK-60288;7.326;80.1821
LK-32158;7.3852;81.3892
LK-12304;6.6881;80.2057
LK-70144;6.7181;80.7671
LK-32415;7.1326;81.8514
LK-90034;7.0057;81.0533
LK-50261;7.6208;80.5515
LK-11120;7.1152;80.1341
LK-20810;7.3493;80.6808
LK-21152;7.6246;80.6006
LK-20164;7.2754;80.6697
LK-90518;6.976;81.1712
LK-31238;8.4477;81.2874
LK-31014;8.8146;81.099
LK-70552;6.8559;80.3123
LK-00600;6.8753;79.8611
LK-91250;6.682;81.1048
LK-20742;7.0542;80.7792
LK-80044;6.0663;80.2468
LK-70205;6.29;80.8943
LK-30392;7.8655;81.5375
LK-20960;7.2879;80.9616
LK-21400;7.5205;80.6798
LK-61262;7.7931;79.8601
LK-60439;7.6377;80.0637
LK-12524;6.7085;79.9489
LK-61230;7.4979;79.8381
LK-80332;6.1776;80.1386
LK-20068;7.3353;80.4313
LK-22018;7.011;80.6238
LK-80280;6.0559;80.1774
LK-32280;7.3833;81.8333
LK-20072;7.3333;80.6
LK-90066;7.0544;80.9785
LK-22080;6.9284;80.6061
LK-82018;6.1903;81.1721
LK-82614;6.2186;81.3256
LK-20566;7.0667;80.6333
LK-21020;7.45;80.5667
LK-10662;6.9504;80.0916
LK-82005;6.1903;81.1721
LK-81412;6.1564;80.4872
LK-21506;7.6885;80.7082
LK-51042;8.0167;81.0833
LK-60736;8.0862;80.2271
LK-71044;7.2189;80.3017
LK-32035;7.186;81.5733
LK-50384;8.3916;80.6079
LK-90164;6.8;80.9167
LK-20940;7.3;80.85
LK-11061;7.0188;80.083
LK-71372;7.0805;80.2794
LK-11020;7.0652;79.963
LK-60066;7.2934;80.4557
LK-61198;7.4662;79.9101
LK-10718;7.1667;80.1167
LK-11068;7.0075;80.0551
LK-20926;7.3833;80.8833
LK-50349;8.5052;80.7887
LK-60240;7.4328;79.9253
LK-50344;8.2333;80.65
LK-22070;6.8343;80.5676
LK-82126;6.0705;80.8958
LK-20120;7.3449;80.6814
LK-21046;7.5193;80.5657
LK-30236;7.5333;81.6833
LK-60356;7.5724;80.1397
LK-90216;6.8994;80.8806
LK-20442;7.107;80.7648
LK-82004;6.2049;81.1976
LK-11100;7.1535;80.0597
LK-80420;6.3517;80.2162
LK-61233;7.5;79.8833
LK-50448;8.4661;80.5484
LK-20202;7.2425;80.6687
LK-70344;6.4003;80.6288
LK-51102;7.8912;80.7957
LK-11538;7.2976;79.9844
LK-11206;7.2965;80.1001
LK-50042;8.2629;80.4325
LK-71204;7.1259;80.3246
LK-90704;7.2333;81.1
LK-51416;7.4673;79.8699
LK-80416;6.3113;80.1333
LK-20590;7.0457;80.6876
LK-51408;8.0375;81.0297
LK-60221;7.5413;80.0941
LK-10302;6.7841;79.9117
LK-12416;6.6476;80.0471
LK-10206;6.848;80.0098
LK-10704;6.953;80.2075
LK-82634;6.3434;81.2001
LK-81032;6.0;80.6
LK-12124;6.3846;80.1605
LK-50246;8.062;80.251
LK-20688;6.9826;80.4772
LK-90061;7.0218;80.9957
LK-70066;6.855;80.3554
LK-70455;6.4952;80.4232
LK-60053;7.4607;80.5171
LK-50000;8.3565;80.4173
LK-20184;7.3245;80.7313
LK-30204;7.5;81.7333
LK-81108;6.1069;80.5866
LK-30354;7.7121;81.5468
LK-81050;5.9833;80.5167
LK-70215;6.3292;80.6918
LK-90224;6.9513;80.8729
LK-61316;8.1601;80.036
LK-20136;7.3501;80.6211
LK-60516;7.7417;80.4318
LK-32150;7.3852;81.3892
LK-70212;6.2945;80.7625
LK-20654;7.035;80.5244
LK-20092;7.4012;80.5289
LK-60218;7.5469;80.0652
LK-20686;6.9658;80.4958
LK-80042;6.0949;80.2026
LK-20900;7.2969;80.7686
LK-22200;6.9708;80.7829
LK-30426;7.9024;81.5098
LK-21048;7.5219;80.5981
LK-60739;8.1162;80.1565
LK-12422;6.7834;80.0625
LK-60721;8.0107;80.2979
LK-60140;7.3211;80.1235
LK-12074;6.4526;80.0096
LK-50020;8.3322;80.3645
LK-20196;7.3022;80.6762
LK-51062;7.9667;81.1667
LK-50324;8.4214;80.6865
LK-82420;6.0333;80.6833
LK-20708;7.1998;80.7552
LK-21044;7.5167;80.5333
LK-20902;7.3147;80.7616
LK-01300;6.9459;79.8617
LK-60024;7.5219;80.2898
LK-32420;7.1203;81.849
LK-20682;6.9984;80.4513
LK-60013;7.4578;80.383
LK-50350;8.3889;80.766
LK-12114;6.4399;80.1029
LK-51066;7.9667;81.1667
LK-50354;8.4945;80.8654
LK-71612;7.2523;80.2248
LK-20060;7.3369;80.4658
LK-90132;6.8667;80.9667
LK-90302;6.95;80.9333
LK-32405;7.2165;81.8538
LK-90502;6.8945;81.1361
LK-82014;6.1903;81.1721
LK-20154;7.4173;80.5617
LK-20409;7.2622;80.5841
LK-70345;6.3649;80.6089
LK-11116;7.144;80.1241
LK-50036;8.25;80.5167
LK-61224;7.4925;79.8061
LK-30254;7.4667;81.8
LK-12236;6.5218;80.248
LK-11640;6.9769;79.958
LK-91058;7.0878;81.4329
LK-70254;6.3424;80.7847
LK-11024;7.0652;79.963
LK-32022;7.0724;81.6065
LK-21114;7.8103;80.6669
LK-70408;6.5905;80.5033
LK-20094;7.4012;80.5289
LK-60750;7.9935;80.381
LK-71208;7.1471;80.3992
LK-10232;6.8462;79.9448
LK-21530;7.6622;80.7728
LK-61500;7.8786;80.008
LK-50452;8.4858;80.6067
LK-51037;7.9167;80.55
LK-51076;7.9516;81.2452
LK-60291;7.4558;80.0511
LK-50514;8.4941;80.4801
LK-70469;6.5124;80.3315
LK-10290;6.8382;79.9104
LK-81600;6.3041;80.6312
LK-20414;7.2333;80.6
LK-20062;7.3686;80.4672
LK-50122;7.9261;80.5936
LK-11894;7.184;80.1466
LK-80116;6.2133;80.2998
LK-90310;6.9334;80.9006
LK-82242;6.1315;80.7305
LK-20658;7.0167;80.5167
LK-50226;8.1929;80.1457
LK-91198;6.7608;81.2488
LK-70300;6.4725;80.6106
LK-50044;8.2591;80.3983
LK-70133;6.7282;80.6921
LK-61018;7.5716;79.8307
LK-21122;7.9412;80.7252
LK-71501;7.265;80.433
LK-20404;7.2622;80.5841
LK-30442;7.9574;81.4805
LK-50244;8.1988;80.2808
LK-80432;6.2995;80.1968
LK-61308;8.0362;79.8283
LK-80502;6.4015;80.0291
LK-70018;6.6821;80.3674
LK-20140;7.4042;80.6087
LK-11040;7.1229;80.0239
LK-11056;7.061;80.0049
LK-50080;8.1268;80.5621
LK-80132;6.1265;80.4898
LK-60522;7.6539;80.4367
LK-71022;7.2393;80.2857
LK-50132;7.9185;80.631
LK-90064;7.0218;80.9957
LK-71202;7.1335;80.3389
LK-91004;6.8515;81.3427
LK-12122;6.4052;80.1253
LK-82615;6.2782;81.2872
LK-60186;7.4541;80.1358
LK-11043;7.1229;80.0239
LK-80350;6.3429;80.0927
LK-22036;6.9268;80.4888
LK-51514;7.9;80.4833
LK-90165;6.7333;80.9667
LK-61506;7.8124;79.96
LK-71037;7.1807;80.4251
LK-20470;7.2892;80.5041
LK-11540;7.2657;79.8603
LK-80000;6.0367;80.217
LK-71724;7.0079;80.3798
LK-90065;7.034;80.9861
LK-90540;6.9667;81.0833
LK-61246;7.6733;79.8351
LK-60212;7.4982;80.0977