NZ-3120;-37.9833;176.9667
NZ-6242;-41.3215;174.7754
NZ-3942;-38.4667;175.0167
NZ-4640;-39.5917;174.2833
NZ-0310;-35.9333;173.8833
NZ-7348;-42.9333;172.6333
NZ-3445;-38.3741;175.771
NZ-2122;-37.1333;174.75
NZ-3924;-38.8833;175.3333
NZ-7042;-41.285;173.2749
NZ-8146;-43.5167;172.6167
NZ-4796;-39.6782;175.798
NZ-9340;-45.2584;169.3801
NZ-4278;-39.8667;176.2833
NZ-9586;-46.4833;169.4833
NZ-9400;-45.0976;170.9709
NZ-7473;-43.3;172.6833
NZ-9448;-44.4885;169.9663
NZ-7446;-43.2;172.7333
NZ-2142;-36.95;174.9
NZ-0642;-36.9375;174.6558
NZ-1142;-36.85;174.75
NZ-7774;-44.0167;171.7333
NZ-4473;-40.2833;175.3167
NZ-7420;-42.9667;172.6833
NZ-9231;-46.25;169.7833
NZ-3473;-37.8333;175.9667
NZ-3062;-38.4667;176.7
NZ-8083;-43.45;172.65
NZ-1545;-36.8833;174.8667
NZ-9847;-46.35;168.0167
NZ-7091;-41.3833;173.1167
NZ-3576;-37.25;175.3833
NZ-3360;-39.0333;176.5833
NZ-3351;-38.6833;176.0833
NZ-4990;-40.45;176.2333
NZ-9548;-46.2;169.3667
NZ-4884;-40.1734;175.7943
NZ-9596;-45.45;170.1667
NZ-3800;-38.0082;175.3302
NZ-9341;-45.1865;169.3154
NZ-7274;-41.9;173.5833
NZ-0641;-36.9167;174.65
NZ-7683;-43.8167;172.25
NZ-3189;-37.8167;176.4167
NZ-6140;-41.297;174.7936
NZ-0963;-36.1667;175.35
NZ-4288;-40.0167;176.45
NZ-9730;-45.7333;168.45
NZ-9749;-45.5167;168.5833
NZ-0242;-35.2615;174.1226
NZ-3990;-39.2;175.2
NZ-7851;-42.1167;171.8667
NZ-0443;-35.4022;173.5032
NZ-3310;-37.6167;175.6333
NZ-4500;-39.9019;175.0647
NZ-0604;-36.9983;174.5667
NZ-0632;-36.7667;174.6833
NZ-3178;-37.55;175.9167
NZ-3176;-37.7333;176.0
NZ-0171;-35.85;174.3667
NZ-5540;-40.6333;175.275
NZ-6972;-41.2883;174.7102
NZ-9495;-45.2333;170.7833
NZ-0600;-36.9182;174.7002
NZ-4094;-38.3833;177.8333
NZ-7672;-43.7333;172.5833
NZ-7077;-41.9667;172.3333
NZ-2583;-37.1333;175.1167
NZ-7948;-44.2283;171.2801
NZ-5013;-41.3025;174.892
NZ-0931;-36.5667;174.7
NZ-7055;-41.4;172.8167
NZ-7430;-43.3;172.1833
NZ-0341;-36.0333;173.9333
NZ-4335;-39.2;173.8833
NZ-0550;-36.1333;174.1833
NZ-0624;-36.8282;174.7902
NZ-3641;-37.3833;175.8333
NZ-7050;-41.3333;173.1833
NZ-6145;-41.2833;174.7667
NZ-3112;-37.7333;176.1667
NZ-9645;-45.9167;167.95
NZ-5141;-41.1783;174.9802
NZ-0951;-36.5035;174.6676
NZ-3164;-38.15;177.0833
NZ-3072;-38.0752;176.1581
NZ-3218;-37.8208;175.2255
NZ-3415;-38.0709;175.646
NZ-8014;-43.5167;172.6167
NZ-0371;-36.0333;173.85
NZ-3289;-37.8;175.15
NZ-0810;-36.7667;174.55
NZ-7643;-43.5833;172.3833
NZ-3340;-37.6482;175.5202
NZ-9793;-45.3333;168.7
NZ-4943;-40.0705;176.2183
NZ-0840;-36.6782;174.4502
NZ-6241;-41.3212;174.8016
NZ-1144;-36.8482;174.7402
NZ-3285;-37.8918;175.0318
NZ-7778;-43.8167;171.4167
NZ-0626;-36.8184;174.7098
NZ-2678;-37.2;174.8167
NZ-7924;-44.7284;171.0501
NZ-4276;-39.8333;176.6333
NZ-8245;-43.5833;172.5667
NZ-3296;-37.9247;174.8138
NZ-7272;-41.5;173.8333
NZ-3420;-38.2333;175.8667
NZ-4049;-37.7667;178.45
NZ-8246;-43.5626;172.6737
NZ-9779;-45.8333;168.5833
NZ-3041;-38.0833;176.2
NZ-3142;-37.7254;176.1335
NZ-4470;-40.2911;175.7547
NZ-4374;-39.1167;173.95
NZ-0750;-36.7917;174.7758
NZ-0755;-36.7167;174.7
NZ-4241;-39.8833;176.6333
NZ-3158;-37.9585;176.9855
NZ-3153;-37.7782;176.3302
NZ-3045;-38.1468;176.2747
NZ-3600;-37.3667;175.6667
NZ-7173;-41.2667;173.05
NZ-3879;-38.0333;175.35
NZ-0482;-35.1;173.4167
NZ-1840;-36.7782;175.0102
NZ-7384;-42.65;173.3333
NZ-3040;-38.1468;176.2747
NZ-0376;-35.65;173.65
NZ-0441;-35.1149;173.2637
NZ-4191;-39.0333;177.2167
NZ-9483;-45.3833;170.4333
NZ-5245;-41.1083;174.8902
NZ-3988;-38.1667;174.9
NZ-7700;-43.8883;171.7401
NZ-4383;-39.0333;174.2833
NZ-3843;-38.0667;174.8167
NZ-4548;-40.0412;175.1771
NZ-7882;-42.6667;171.1167
NZ-1060;-36.9167;174.8167
NZ-6244;-41.3289;174.8199
NZ-9353;-45.1333;170.1
NZ-7144;-41.2667;173.0
NZ-9040;-45.8784;170.4801
NZ-3542;-36.8333;175.7
NZ-7867;-41.6;171.8833
NZ-3485;-37.95;175.8
NZ-4993;-40.5758;175.8478
NZ-3079;-38.6138;176.9592
NZ-9011;-45.8833;170.4667
NZ-3284;-37.7333;175.4167
NZ-9791;-45.9;168.3667
NZ-3377;-38.5833;176.0333
NZ-4986;-40.6085;176.0463
NZ-5743;-41.0183;175.5302
NZ-9776;-45.9;168.75
NZ-3582;-36.75;175.6
NZ-7956;-44.0906;171.2446
NZ-8643;-43.5167;172.7
NZ-7674;-43.6833;172.4333
NZ-5888;-40.9583;175.6102
NZ-4175;-39.6182;176.7802
NZ-3373;-37.5;175.4833
NZ-3374;-37.5833;175.5667
NZ-9500;-45.5406;169.3147
NZ-9843;-46.3833;168.3333
NZ-8543;-43.4833;172.5833
NZ-0374;-35.9833;173.9667
NZ-4183;-39.5333;176.85
NZ-3475;-37.7333;175.6833
NZ-9356;-45.0095;169.5072
NZ-7691;-43.35;172.6333
NZ-1052;-36.8514;174.7894
NZ-0932;-36.6124;174.6887
NZ-3545;-37.2333;175.5667
NZ-8841;-43.6031;172.7176
NZ-4143;-39.4982;176.9002
NZ-7096;-41.45;172.8
NZ-7608;-43.65;172.4833
NZ-3332;-38.6333;176.1
NZ-0741;-36.7716;174.7659
NZ-9412;-45.3184;170.8101
NZ-9532;-45.9084;169.6901
NZ-9443;-45.4784;170.7201
NZ-0481;-35.2333;173.2167
NZ-3245;-37.811;175.2821
NZ-7520;-43.8038;172.9682
NZ-6142;-41.297;174.7936
NZ-6442;-41.2244;174.8219
NZ-3197;-38.1333;177.5
NZ-9372;-44.8504;168.3866
NZ-7383;-42.85;173.2167
NZ-7860;-42.8883;170.8101
NZ-9583;-46.2;169.3667
NZ-0110;-35.7317;174.3104
NZ-4571;-39.85;175.0167
NZ-3781;-37.3667;175.2333
NZ-2682;-37.3064;174.7408
NZ-0178;-35.85;174.2167
NZ-0653;-36.8667;174.5833
NZ-6021;-41.2866;174.7756
NZ-3894;-37.95;174.8833
NZ-5575;-40.5778;175.3384
NZ-0610;-36.8647;174.6477
NZ-3495;-37.8833;175.4667
NZ-7863;-42.1545;171.3757
NZ-0440;-35.3982;173.8002
NZ-7844;-42.3489;171.5086
NZ-3379;-38.8792;176.3729
NZ-4920;-40.3372;175.8668
NZ-9814;-46.6;168.3333
NZ-2141;-36.95;174.9
NZ-9332;-45.1333;170.1
NZ-4826;-40.4107;175.4044
NZ-3300;-37.6482;175.5202
NZ-3883;-37.9833;175.3
NZ-0751;-36.7826;174.7211
NZ-4481;-40.2833;175.6333
NZ-3283;-37.8333;175.35
NZ-3243;-37.8;175.2667
NZ-0175;-35.6833;174.4333
NZ-2105;-37.0182;174.9102
NZ-0594;-36.1333;174.1833
NZ-7049;-41.2801;173.2541
NZ-7861;-42.6283;171.1801
NZ-7943;-44.412;171.247
NZ-0945;-36.6124;174.6887
NZ-3541;-37.2833;175.5
NZ-9818;-46.8989;168.129
NZ-7847;-42.3167;172.1833
NZ-4510;-39.7667;174.6333
NZ-9881;-46.3167;167.8167
NZ-6150;-41.2833;174.7667
NZ-6011;-41.297;174.7936
NZ-9401;-45.1;170.9333
NZ-0972;-36.3333;174.5667
NZ-3581;-36.85;175.4833
NZ-3182;-37.7782;176.3302
NZ-4520;-39.7583;174.4667
NZ-5512;-40.7583;175.15
NZ-9035;-45.95;170.3333
NZ-7145;-41.2333;173.5833
NZ-4086;-37.7167;178.3
NZ-7644;-43.3783;172.6401
NZ-4322;-39.4292;174.3
NZ-9447;-44.6078;170.191
NZ-4577;-39.9244;175.2829
NZ-2679;-37.1333;174.75
NZ-3592;-36.9167;175.7
NZ-9471;-45.6833;170.6167
NZ-7600;-43.6167;172.3167
NZ-7832;-42.6283;171.1801
NZ-4283;-39.9333;176.5
NZ-3949;-39.0333;175.65
NZ-4822;-40.3;175.25
NZ-4591;-39.6;174.6667
NZ-3471;-37.787;175.8399
NZ-4982;-40.4682;175.9227
NZ-5542;-40.7583;175.15
NZ-1141;-36.8698;174.7757
NZ-4050;-37.6333;178.3667
NZ-9844;-46.4284;168.3601
NZ-3375;-37.6482;175.5202
NZ-3500;-37.1383;175.5401
NZ-2684;-37.1333;174.6167
NZ-7210;-41.6667;174.0833
NZ-9745;-45.7333;168.85
NZ-9430;-45.1143;170.6719
NZ-4501;-39.9388;175.0457
NZ-4543;-39.9388;175.0457
NZ-3442;-37.9833;175.75
NZ-3940;-38.1833;175.2
NZ-4245;-40.2789;176.6283
NZ-7610;-43.3167;172.6667
NZ-3200;-37.75;175.2167
NZ-1746;-36.8982;174.7002
NZ-4861;-40.3394;175.4771
NZ-7005;-41.25;173.1
NZ-3642;-37.4;175.9333
NZ-6023;-41.3383;174.7502
NZ-0950;-36.55;174.7167
NZ-7673;-43.4667;171.9
NZ-1041;-36.9082;174.7302
NZ-4585;-39.6833;175.3333
NZ-7682;-43.6667;172.1833
NZ-3782;-37.3491;175.1135
NZ-3506;-36.7167;175.6167
NZ-0744;-36.7775;174.7399
NZ-9377;-45.0;169.7333
NZ-3129;-37.55;175.9167
NZ-4330;-39.1582;174.1802
NZ-3978;-38.5667;174.85
NZ-3242;-37.7882;175.2702
NZ-9777;-45.85;168.7667
NZ-7175;-41.1833;173.0
NZ-3151;-37.7167;176.2833
NZ-9381;-44.6667;169.0167
NZ-4678;-39.55;174.0667
NZ-5032;-40.9;174.9833
NZ-3611;-37.4;175.9333
NZ-9744;-45.9;168.75
NZ-4443;-40.3659;175.5984
NZ-0977;-36.3167;174.4167
NZ-8148;-43.5183;172.6601
NZ-9884;-46.6;169.1333
NZ-9352;-45.0833;169.6
NZ-7402;-43.2833;172.7167
NZ-9210;-46.275;169.85
NZ-9376;-45.0167;169.5667
NZ-9242;-46.1;169.5333
NZ-5792;-41.05;175.55
NZ-8011;-43.5333;172.6333
NZ-3912;-38.4667;175.0167
NZ-4042;-38.4667;177.8667
NZ-7271;-41.6;173.4333
NZ-4983;-40.4022;175.8017
NZ-4242;-39.9982;176.5602
NZ-9571;-45.4803;169.3128
NZ-2696;-37.4048;175.0002
NZ-5258;-40.9854;174.9545
NZ-3046;-38.1197;176.2383
NZ-4720;-39.6782;175.798
NZ-4471;-40.3667;175.6667
NZ-3162;-38.0091;177.2871
NZ-3077;-38.3;176.15
NZ-4353;-39.4292;174.3
NZ-8244;-43.5593;172.6313
NZ-0973;-36.3167;174.4167
NZ-8053;-43.4983;172.5601
NZ-7281;-41.2667;174.05
NZ-3188;-37.9333;176.15
NZ-5254;-40.9167;175.0167
NZ-7204;-41.5;173.8333
NZ-4442;-40.3579;175.5897
NZ-2159;-36.9482;174.8702
NZ-5028;-41.1897;174.8412
NZ-8052;-43.5;172.6167
NZ-4789;-40.0692;175.3782
NZ-3152;-37.67;176.229
NZ-9712;-46.1784;168.8501
NZ-9010;-45.8384;170.5101
NZ-0112;-35.6982;174.3002
NZ-0475;-35.3333;173.7167
NZ-3540;-37.1383;175.5401
NZ-9782;-46.05;168.45
NZ-0173;-35.6333;174.4333
NZ-7251;-41.2667;174.05
NZ-9644;-45.9667;168.0333
NZ-5574;-40.55;175.2
NZ-0588;-36.1;174.3667
NZ-0448;-35.1;173.7833
NZ-3579;-37.0833;175.7833
NZ-3264;-37.6667;175.3
NZ-4477;-40.4;175.4333
NZ-4597;-39.6833;174.5333
NZ-9752;-45.9;168.3667
NZ-4742;-39.6782;175.798
NZ-9045;-45.9;170.4833
NZ-0992;-36.6187;174.6776
NZ-4972;-40.2392;175.9827
NZ-2150;-36.9681;174.7987
NZ-4386;-39.2;174.15
NZ-4184;-39.2833;176.55
NZ-8941;-43.6289;172.7254
NZ-0582;-35.9833;174.45
NZ-5773;-41.1667;175.2167
NZ-4348;-39.2;173.8833
NZ-7410;-43.1559;172.7297
NZ-4825;-40.4107;175.4044
NZ-4373;-39.0667;174.2167
NZ-9054;-45.8742;170.5036
NZ-4673;-39.4833;174.2667
NZ-0510;-35.9833;174.45
NZ-0241;-35.3167;174.1167
NZ-6141;-41.297;174.7936
NZ-7371;-41.9833;173.4167
NZ-7332;-42.65;173.05
NZ-9230;-46.2339;169.75
NZ-7392;-42.5167;172.8167
NZ-0986;-36.3833;174.8
NZ-4393;-39.357;174.4335
NZ-3721;-37.6167;175.1833
NZ-4614;-39.5333;174.2833
NZ-7541;-43.4833;172.1167
NZ-0643;-36.931;174.6749
NZ-5810;-40.9597;175.6575
NZ-0793;-36.7167;174.65
NZ-4391;-39.3238;174.1046
NZ-1072;-36.8882;174.8602
NZ-7884;-43.15;170.55
NZ-4349;-39.0;174.3833
NZ-3910;-38.3363;175.1701
NZ-1443;-36.9282;174.7202
NZ-4052;-38.25;177.55
NZ-4970;-40.437;176.4054
NZ-3682;-37.3833;175.8333
NZ-0271;-35.2807;174.0543
NZ-9410;-45.3184;170.8101
NZ-2013;-36.95;174.9
NZ-5049;-41.2667;174.95
NZ-6143;-41.2833;174.7667
NZ-9600;-45.4167;167.7167
NZ-4741;-40.0692;175.3782
NZ-8023;-43.5626;172.6737
NZ-4730;-39.9366;175.5684
NZ-4181;-39.2;176.8667
NZ-7543;-43.5;172.2167
NZ-3491;-38.2833;175.9
NZ-0549;-36.1333;174.0333
NZ-5573;-40.7167;175.2167
NZ-7616;-43.65;172.4167
NZ-7246;-41.4333;173.95
NZ-4445;-40.3762;175.5838
NZ-9472;-45.5884;170.6501
NZ-2143;-36.906;174.9179
NZ-4189;-39.0667;177.0333
NZ-3841;-38.0333;175.35
NZ-0981;-36.45;174.5667
NZ-3802;-38.0;175.2
NZ-4587;-39.8333;174.8
NZ-9481;-45.4333;170.5667
NZ-0948;-36.35;174.7167
NZ-7979;-44.8;170.9333
NZ-3253;-37.7833;175.35
NZ-2148;-36.8833;175.05
NZ-3970;-38.5167;175.0167
NZ-0192;-35.75;174.4667
NZ-9300;-45.0212;168.7336
NZ-3472;-37.8833;175.7667
NZ-0871;-36.6167;174.5
NZ-3393;-37.5;175.6833
NZ-3161;-37.9752;177.0759
NZ-4045;-38.6167;177.9
NZ-0660;-36.8513;174.5448
NZ-8971;-43.65;172.65
NZ-9672;-45.55;167.9
NZ-7545;-43.75;172.9333
NZ-6144;-41.2667;174.7833
NZ-8013;-43.5333;172.6333
NZ-4032;-37.8833;178.3333
NZ-1446;-36.8816;174.762
NZ-4779;-40.05;175.6167
NZ-2243;-37.0182;174.9102
NZ-4942;-40.2055;176.1008
NZ-5894;-40.8833;176.0667
NZ-1740;-36.85;174.8667
NZ-7745;-43.6333;171.65
NZ-7052;-41.4;173.05
NZ-3983;-38.4667;175.2667
NZ-7540;-43.3833;172.0167
NZ-9743;-45.9167;169.0167
NZ-4479;-40.2201;175.4245
NZ-8142;-43.5333;172.6333
NZ-3150;-37.6417;176.1861
NZ-0645;-36.8882;174.6402
NZ-7640;-43.65;172.4833
NZ-0589;-36.1;174.3
NZ-2584;-37.0833;174.9667
NZ-3254;-37.7833;175.35
NZ-0656;-36.8282;174.6202
NZ-8051;-43.4833;172.5833
NZ-1021;-36.8597;174.7531
NZ-4681;-39.4;173.8167
NZ-9492;-45.1;170.75
NZ-3578;-37.1667;175.7
NZ-7183;-40.9167;172.8333
NZ-5740;-41.1083;175.3202
NZ-3873;-38.1;175.2833
NZ-3443;-38.0482;175.7802
NZ-3172;-37.6333;176.05
NZ-4079;-38.1333;178.3
NZ-4475;-40.35;175.5333
NZ-4865;-40.2926;175.4251
NZ-0505;-36.0882;174.5702
NZ-0381;-35.8167;174.0167
NZ-5252;-40.9;174.9833
NZ-3882;-37.8667;175.2833
NZ-7072;-41.8;172.6
NZ-0543;-36.1;174.2333
NZ-4588;-39.6333;174.8
NZ-7276;-41.6833;173.6333
NZ-3492;-38.3741;175.771
NZ-7632;-43.7667;172.3
NZ-0462;-35.2667;173.3833
NZ-0245;-35.2268;173.9474
NZ-4200;-39.9982;176.5602
NZ-9220;-46.1208;169.9694
NZ-4696;-39.3;175.2
NZ-0246;-35.2;173.9167
NZ-4574;-39.8667;174.9
NZ-1546;-36.8982;174.8102
NZ-2579;-37.15;175.0333
NZ-4041;-38.6782;178.0502
NZ-0882;-36.75;174.5
NZ-4381;-39.2;173.8833
NZ-4271;-39.9167;176.7167
NZ-2153;-36.9681;174.7987
NZ-7071;-41.2153;173.3961
NZ-3671;-37.3333;175.6167
NZ-4047;-38.1333;178.3
NZ-1011;-36.8461;174.7292
NZ-9746;-45.8333;168.5833
NZ-2155;-36.9682;174.8402
NZ-5044;-41.1983;174.9402
NZ-9771;-46.0667;169.2333
NZ-9879;-46.4333;168.3
NZ-3981;-38.4167;175.0833
NZ-9024;-45.875;170.3472
NZ-7781;-43.8833;172.15
NZ-2576;-36.9333;174.9667
NZ-9310;-45.0384;169.2001
NZ-4102;-39.6037;176.9457
NZ-4784;-39.9659;175.5283
NZ-8022;-43.5833;172.6333
NZ-9774;-46.1784;168.8501
NZ-2473;-37.1111;175.2962
NZ-2693;-37.3141;174.8451
NZ-5047;-41.3;174.9
NZ-1147;-36.8461;174.7292
NZ-7544;-43.5333;171.95
NZ-4684;-39.3167;173.8833
NZ-3143;-37.6861;176.1667
NZ-5581;-40.7167;175.2167
NZ-3992;-38.95;175.2833
NZ-7791;-43.3667;171.5333
NZ-4104;-39.3833;176.8667
NZ-4159;-39.6382;176.8502
NZ-2157;-36.9982;174.8602
NZ-0742;-36.696;174.7512
NZ-3672;-37.3333;175.6167
NZ-1642;-36.9082;174.8202
NZ-4281;-40.0167;176.45
NZ-3391;-37.6333;175.7667
NZ-9049;-45.9;170.5194
NZ-1143;-36.8382;174.7802
NZ-4360;-39.068;174.0977
NZ-6160;-41.2833;174.7667
NZ-8442;-43.5283;172.5701
NZ-7991;-44.0667;171.1333
NZ-7474;-43.2167;172.5
NZ-0629;-36.7782;174.7202
NZ-7340;-42.3833;173.65
NZ-3895;-37.9667;174.9167
NZ-1445;-36.9282;174.7302
NZ-3159;-37.9833;176.9667
NZ-4616;-39.4556;173.8583
NZ-1744;-36.8547;174.8317
NZ-2683;-37.2167;174.6667
NZ-4744;-40.0555;175.7794
NZ-0272;-35.2833;174.2
NZ-2110;-37.0582;174.9702
NZ-4441;-40.3483;175.6302
NZ-7864;-42.1545;171.3757
NZ-0591;-36.1333;174.0333
NZ-5882;-40.7833;175.7
NZ-0993;-36.6124;174.6887
NZ-7910;-44.3966;171.2415
NZ-4679;-39.4333;174.0833
NZ-3444;-38.2333;175.8667
NZ-9641;-46.15;168.0
NZ-4891;-40.4;175.3167
NZ-0340;-35.9333;173.8833
NZ-7548;-43.75;172.3
NZ-0841;-36.7667;174.55
NZ-7198;-41.0333;172.9333
NZ-0486;-34.9333;173.2167
NZ-5250;-40.8833;175.0667
NZ-1023;-36.8874;174.7706
NZ-0940;-36.2833;174.5167
NZ-0792;-36.6833;174.7
NZ-9810;-46.3884;168.3801
NZ-3986;-38.3363;175.1701
NZ-5012;-41.2283;174.8702
NZ-9387;-45.2;169.65
NZ-0151;-35.8833;174.4
NZ-0753;-36.7193;174.7367
NZ-0946;-36.5667;174.7
NZ-8024;-43.5567;172.6169
NZ-4940;-40.6462;175.7037
NZ-9642;-46.1333;167.6833
NZ-2342;-37.2705;174.9438
NZ-3392;-37.5;175.6833
NZ-4162;-39.2;176.8667
NZ-3979;-38.7;174.9667
NZ-3381;-38.8882;175.7702
NZ-9042;-45.8584;170.4701
NZ-4632;-39.4288;175.2773
NZ-4160;-39.0333;177.3667
NZ-7772;-43.75;171.85
NZ-9046;-45.8984;170.5101
NZ-7447;-43.0667;172.75
NZ-0247;-35.2807;174.091
NZ-5884;-41.0833;175.65
NZ-4540;-39.9333;175.05
NZ-5541;-40.7167;175.2167
NZ-3382;-38.9904;175.8084
NZ-0782;-36.8513;174.5448
NZ-7100;-41.2833;173.7667
NZ-4410;-40.3525;175.6145
NZ-7866;-41.75;171.5667
NZ-6441;-41.2504;174.7739
NZ-3118;-37.6973;176.2846
NZ-7053;-41.8;172.8333
NZ-9781;-46.2;168.3333
NZ-0772;-36.9833;174.4833
NZ-3543;-36.7611;175.4963
NZ-4820;-40.384;175.5429
NZ-5140;-41.1183;175.0702
NZ-5872;-41.0883;176.0702
NZ-0622;-36.8075;174.7864
NZ-7871;-42.2667;171.6833
NZ-3494;-38.0667;175.55
NZ-4314;-39.1167;173.95
NZ-9330;-45.1865;169.3154
NZ-9845;-46.3984;168.3801
NZ-9446;-44.7334;170.4696
NZ-7373;-42.4167;173.3667
NZ-0373;-35.8333;173.75
NZ-2345;-37.1333;174.75
NZ-1640;-36.9382;174.8402
NZ-9282;-46.2833;169.9167
NZ-4978;-40.1736;176.1347
NZ-3154;-37.6333;176.05
NZ-9848;-46.3167;168.7833
NZ-1346;-36.8882;174.7302
NZ-0618;-36.8;174.6667
NZ-0874;-36.65;174.4
NZ-3474;-37.7667;175.7667
NZ-9343;-44.7;169.15
NZ-0891;-36.7667;174.55
NZ-0592;-36.0667;174.0333
NZ-8445;-43.55;172.4667
NZ-4975;-40.2335;176.0597
NZ-4930;-40.2055;176.1008
NZ-4478;-40.3283;175.6102
NZ-0640;-36.9069;174.687
NZ-1542;-36.8982;174.8102
NZ-0982;-36.4353;174.7403
NZ-0472;-35.35;173.95
NZ-3872;-38.1333;175.45
NZ-2121;-37.2705;174.9438
NZ-4985;-40.5333;176.0167
NZ-3167;-38.0365;176.7936
NZ-4387;-39.15;174.3667
NZ-3140;-37.6861;176.1667
NZ-7748;-43.8167;171.4167
NZ-3691;-37.2;175.8667
NZ-7978;-44.7284;171.0501
NZ-9052;-45.8884;170.4301
NZ-2149;-36.9333;174.9667
NZ-9587;-45.8167;169.2167
NZ-3610;-37.3833;175.8333
NZ-4122;-39.6482;176.8402
NZ-0745;-36.7826;174.7211
NZ-4378;-38.8667;174.65
NZ-5143;-41.1333;175.0333
NZ-5783;-41.2083;175.4302
NZ-9640;-45.4167;167.7167
NZ-0152;-35.75;174.2
NZ-4203;-40.0333;176.35
NZ-4973;-40.373;176.2833
NZ-5050;-41.2083;174.8702
NZ-7862;-42.1545;171.3757
NZ-9822;-46.35;168.0167
NZ-4376;-38.65;174.6333
NZ-4775;-40.2333;175.65
NZ-5840;-40.9597;175.6575
NZ-7580;-43.1;171.8667
NZ-5782;-41.4122;175.5153
NZ-7495;-43.3;172.1833
NZ-8544;-43.4833;172.5833
NZ-0446;-35.5563;173.4782
NZ-0748;-36.8;174.75
NZ-3263;-37.75;175.15
NZ-8972;-43.688;172.8929
NZ-9892;-46.4333;169.0667
NZ-1024;-36.8874;174.7706
NZ-4112;-39.5233;176.8442
NZ-4910;-40.4534;175.8406
NZ-4782;-39.7841;175.4972
NZ-4746;-39.8094;175.7888
NZ-4694;-39.4288;175.2773
NZ-3982;-38.4333;175.2333
NZ-7747;-44.0;171.5667
NZ-9016;-45.8784;170.5201
NZ-5034;-40.9854;174.9545
NZ-5543;-40.7583;175.15
NZ-7972;-44.45;171.1
NZ-3876;-38.0;175.2
NZ-0754;-36.7381;174.752
NZ-0282;-35.3667;174.15
NZ-4312;-39.05;174.1
NZ-9350;-44.8504;168.3866
NZ-5510;-40.6333;175.275
NZ-7284;-41.0167;174.0333
NZ-2014;-36.9075;174.9459
NZ-1544;-36.8982;174.8102
NZ-1081;-36.794650000000004;175.03295
NZ-3260;-37.8048;175.3952
NZ-9082;-45.7833;170.7
NZ-9773;-45.8833;168.9667
NZ-4675;-39.4833;174.2333
NZ-8942;-43.6289;172.7254
NZ-4182;-39.25;176.6833
NZ-3640;-37.3667;175.6667
NZ-7692;-43.3667;172.5833
NZ-0747;-36.7782;174.7202
NZ-2024;-36.9659;174.8239
NZ-7220;-41.2907;174.008
NZ-7260;-42.0012;174.0077
NZ-3194;-37.9333;176.7667
NZ-0210;-35.3833;174.0667
NZ-9077;-45.85;170.65
NZ-2102;-37.0182;174.8802
NZ-9274;-46.1;169.5833
NZ-4785;-39.8694;175.621
NZ-7614;-43.5833;172.3833
NZ-4545;-39.7583;174.4667
NZ-4277;-39.9167;176.7167
NZ-2123;-37.2481;174.7349
NZ-9013;-45.9;170.55
NZ-3977;-38.25;175.1667
NZ-3196;-38.15;177.0833
NZ-7891;-41.5833;172.0167
NZ-9398;-45.4167;169.95
NZ-9493;-44.9833;171.0667
NZ-4040;-38.6682;178.0302
NZ-9444;-45.0976;170.9709
NZ-7110;-40.85;172.8
NZ-4814;-40.4667;175.3
NZ-9741;-46.15;168.3333
NZ-9841;-46.3984;168.3701
NZ-3995;-38.75;175.1
NZ-9305;-44.7;169.15
NZ-5018;-41.1083;175.0902
NZ-3282;-37.8667;175.2833
NZ-4642;-39.4333;174.15
NZ-9292;-46.1333;170.0
NZ-4976;-40.1908;176.1463
NZ-3980;-38.9;174.95
NZ-9018;-45.8984;170.4101
NZ-2343;-37.1667;174.9833
NZ-0193;-35.9333;174.2
NZ-4388;-39.1833;174.2167
NZ-2577;-37.1;174.95
NZ-3877;-38.2167;175.55
NZ-0843;-36.6167;174.5
NZ-2440;-37.245;175.0205
NZ-0530;-36.1333;174.0333
NZ-4448;-40.3603;175.6143
NZ-3432;-37.8833;175.4667
NZ-4341;-39.05;174.1
NZ-3081;-38.479;176.2724
NZ-5247;-41.1167;174.8667
NZ-9344;-44.6833;169.2
NZ-3187;-37.7333;176.3
NZ-5026;-41.0719;174.8575
NZ-5713;-41.0183;175.5302
NZ-9383;-44.8833;169.3833
NZ-4572;-39.9667;175.1
NZ-2022;-36.9681;174.7987
NZ-4340;-39.0735;174.0821
NZ-9092;-45.875;170.3472
NZ-4797;-39.8333;175.9
NZ-4171;-39.8667;176.2833
NZ-9354;-45.0184;170.1301
NZ-7051;-41.3833;173.1167
NZ-4081;-37.9333;178.2667
NZ-4243;-40.0333;176.35
NZ-7881;-42.8667;171.0167
NZ-9062;-45.8667;170.2333
NZ-4444;-40.3483;175.6302
NZ-0483;-34.9833;173.3667
NZ-0442;-34.9905;173.5317
NZ-5885;-40.9597;175.6575
NZ-7448;-43.2833;172.7167
NZ-1440;-36.8982;174.7502
NZ-3047;-38.1335;176.2344
NZ-3993;-39.0167;175.1333
NZ-3074;-38.0667;176.3667
NZ-4093;-38.4667;177.8667
NZ-5784;-41.3;175.6333
NZ-4346;-39.0016;174.2384
NZ-7642;-43.8167;172.25
NZ-7893;-41.2167;172.1167
NZ-6022;-41.316;174.8154
NZ-3249;-37.75;175.2167
NZ-0620;-36.7645;174.7477
NZ-5249;-41.1483;174.8302
NZ-0942;-36.4082;174.7202
NZ-4394;-39.2679;174.2981
NZ-4010;-38.6682;178.0302
NZ-9683;-46.2;168.05
NZ-4210;-39.9382;176.6002
NZ-2016;-36.95;174.9
NZ-9081;-45.8;170.6333
NZ-7193;-40.9;173.8333
NZ-2112;-37.0482;174.9002
NZ-3975;-38.2333;175.3833
NZ-0630;-36.7193;174.7367
NZ-1246;-36.8782;174.7202
NZ-0627;-36.8;174.75
NZ-0479;-35.05;173.7
NZ-0740;-36.7996;174.778
NZ-4412;-40.3762;175.5838
NZ-1352;-36.8816;174.762
NZ-9345;-44.6084;169.2601
NZ-4164;-38.8167;177.1667
NZ-3989;-39.05;175.4167
NZ-9783;-46.05;168.25
NZ-4821;-40.5483;175.4202
NZ-3575;-36.9833;175.5
NZ-3255;-37.7882;175.2902
NZ-4847;-40.2911;175.7547
NZ-9058;-45.8742;170.5036
NZ-3119;-37.7782;176.3302
NZ-7883;-42.8667;171.0167
NZ-3974;-38.1;175.2833
NZ-1541;-36.8906;174.7943
NZ-3261;-37.8;175.15
NZ-4691;-39.4333;175.4667
NZ-3083;-38.479;176.2724
NZ-3793;-37.6833;175.0
NZ-0142;-35.7487;174.3598
NZ-7047;-41.2766;173.2998
NZ-4274;-39.8167;176.45
NZ-4446;-40.3626;175.6338
NZ-4476;-40.2926;175.4251
NZ-0650;-36.8882;174.6302
NZ-0757;-36.7645;174.7477
NZ-5010;-41.1983;174.9202
NZ-4971;-40.373;176.2833
NZ-6147;-41.2837;174.7414
NZ-2144;-36.8682;174.9002
NZ-0960;-36.15;175.4167
NZ-4197;-39.0333;177.2167
NZ-4350;-38.6974;174.6192
NZ-0293;-35.3;173.9667
NZ-4282;-40.1333;176.5333
NZ-7046;-41.285;173.2749
NZ-0892;-36.7667;174.5667
NZ-7886;-42.9033;170.8867
NZ-0444;-35.5333;173.3833
NZ-7901;-44.2584;170.1006
NZ-9022;-45.8584;170.5501
NZ-7949;-44.1;170.8333
NZ-7242;-41.5283;173.9502
NZ-9849;-46.3333;168.85
NZ-0420;-34.996;173.4666
NZ-7201;-41.5283;173.9502
NZ-7582;-43.8167;172.9
NZ-7282;-41.1167;174.0333
NZ-4399;-39.4333;174.6333
NZ-0602;-36.8982;174.6602
NZ-7310;-42.8167;173.2667
NZ-4771;-40.0;175.9667
NZ-9792;-45.6667;168.25
NZ-4292;-40.2789;176.6283
NZ-4396;-39.0309;174.8026
NZ-9073;-45.95;170.1
NZ-0283;-35.3333;174.2333
NZ-0614;-36.8667;174.5833
NZ-0460;-34.8167;173.1167
NZ-3240;-37.7882;175.2702
NZ-4610;-39.5917;174.2833
NZ-0377;-35.9523;173.747
NZ-8641;-43.5167;172.7333
NZ-3244;-37.7833;175.2833
NZ-9320;-45.2584;169.3801
NZ-7925;-44.1;170.8333
NZ-2156;-36.9682;174.8402
NZ-7081;-41.3333;173.1833
NZ-7379;-42.65;173.05
NZ-0752;-36.7167;174.7
NZ-0496;-35.35;173.25
NZ-7681;-43.3333;171.9167
NZ-4048;-38.0667;178.3
NZ-7041;-41.3167;173.2333
NZ-3265;-37.8;174.8833
NZ-0174;-35.8167;174.5
NZ-1148;-36.8485;174.7635
NZ-4091;-38.4333;178.05
NZ-7982;-44.2;170.9833
NZ-7773;-44.0;171.5667
NZ-0746;-36.8082;174.7202
NZ-5842;-40.9597;175.6575
NZ-7443;-43.3;172.1833
NZ-3198;-38.15;177.0833
NZ-5791;-41.0183;175.5302
NZ-4702;-40.2183;175.5402
NZ-3946;-38.8782;175.2602
NZ-4078;-38.7667;177.5667
NZ-3620;-37.2;175.8667
NZ-3248;-37.7833;175.2833
NZ-4155;-39.6382;176.8502
NZ-7990;-43.9667;170.8667
NZ-7946;-43.9073;170.1234
NZ-0794;-36.6667;174.65
NZ-4996;-40.6333;176.0456
NZ-3421;-38.3741;175.771
NZ-7986;-44.1667;171.4333
NZ-7903;-44.2667;171.1333
NZ-7988;-44.5333;171.0833
NZ-3343;-37.5282;175.7102
NZ-7202;-41.4833;173.9667
NZ-3042;-38.1326;176.2982
NZ-7143;-41.1083;173.0958
NZ-2241;-36.9982;174.8602
NZ-4178;-39.7667;176.7333
NZ-0116;-35.8833;174.4
NZ-9391;-45.1865;169.3154
NZ-9012;-45.8984;170.4901
NZ-3163;-38.0667;177.0167
NZ-8149;-43.5567;172.6169
NZ-1971;-36.7833;175.0833
NZ-6443;-41.2504;174.7739
NZ-7977;-44.75;170.8167
NZ-7073;-41.3167;172.7167
NZ-9877;-46.4833;168.3833
NZ-3371;-37.7;175.6
NZ-0140;-35.7234;174.3258
NZ-4994;-40.6462;175.7037
NZ-7247;-41.6667;174.0833
NZ-8242;-43.565;172.6411
NZ-4379;-38.95;174.5333
NZ-4240;-39.9382;176.6002
NZ-1150;-36.8485;174.7635
NZ-9240;-46.2339;169.75
NZ-3160;-37.9833;176.8333
NZ-3183;-37.7667;176.25
NZ-3451;-37.8608;175.4535
NZ-0451;-35.05;173.25
NZ-3577;-37.1499;175.5599
NZ-3440;-37.8106;175.7624
NZ-7920;-44.2283;171.2801
NZ-1245;-36.8667;174.7333
NZ-3889;-38.0667;174.8167
NZ-0947;-36.2833;174.8167
NZ-9091;-46.0247;170.2297
NZ-7400;-43.3;172.5833
NZ-0379;-35.75;173.6833
NZ-9371;-44.8333;168.7167
NZ-7782;-43.6167;171.75
NZ-4108;-39.0282;177.4202
NZ-9272;-46.1333;169.75
NZ-4147;-39.5082;176.8602
NZ-4142;-39.5082;176.8802
NZ-9588;-45.7833;169.4667
NZ-3481;-38.15;175.7
NZ-1010;-36.8485;174.7635
NZ-4582;-39.9333;175.1333
NZ-4395;-39.1612;174.5635
NZ-3044;-38.1487;176.2471
NZ-2154;-36.9681;174.7987
NZ-4083;-37.85;178.0667
NZ-1842;-36.7889;175.0144
NZ-9635;-45.9167;167.95
NZ-7830;-42.1167;171.8667
NZ-0943;-36.6333;174.7667
NZ-0147;-35.7317;174.3104
NZ-0230;-35.2268;173.9474
NZ-9482;-45.4;170.8333
NZ-5742;-41.0783;175.4602
NZ-9750;-45.4667;168.6833
NZ-9498;-44.6;170.5667
NZ-4392;-39.3282;174.6165
NZ-7942;-44.4029;171.2546
NZ-3720;-37.6674;175.1555
NZ-0520;-36.1;174.35
NZ-2151;-36.9333;174.8
NZ-4179;-39.2833;176.55
NZ-3290;-37.8208;175.2255
NZ-9875;-46.5667;168.8
NZ-5240;-41.1383;174.8402
NZ-7381;-42.75;173.2667
NZ-8840;-43.5683;172.7601
NZ-3574;-37.2333;175.5667
NZ-7985;-44.2167;171.1833
NZ-7483;-43.0167;172.85
NZ-3342;-37.5282;175.7102
NZ-5871;-40.8667;175.8667
NZ-8240;-43.547;172.6359
NZ-7873;-42.25;171.3333
NZ-8144;-43.5333;172.6333
NZ-7025;-41.4;173.05
NZ-3493;-37.85;175.4333
NZ-7194;-41.2333;173.5833
NZ-4414;-40.3287;175.6451
NZ-0447;-35.3167;173.7833
NZ-3991;-38.9;175.1667
NZ-7843;-42.3492;171.5393
NZ-0244;-35.3833;174.0333
NZ-9019;-45.8667;170.2333
NZ-3076;-38.2872;176.3389
NZ-7583;-43.7667;172.9667
NZ-1050;-36.8804;174.7982
NZ-5781;-41.2333;175.3833
NZ-0391;-36.1667;174.0167
NZ-3123;-38.0667;177.0167
NZ-9351;-44.9384;168.8101
NZ-0449;-35.1667;173.1667
NZ-7810;-42.7167;170.9667
NZ-0657;-36.8182;174.6102
NZ-7011;-41.3167;173.2333
NZ-9534;-46.2;169.3667
NZ-8141;-43.5333;172.6333
NZ-3177;-37.4667;175.9167
NZ-0453;-35.35;173.5333
NZ-4893;-40.4833;175.35
NZ-1351;-36.8882;174.7402
NZ-1743;-36.8782;174.8602
NZ-4788;-40.0692;175.3782
NZ-6148;-41.297;174.7936
NZ-9874;-46.3;168.2667
NZ-7146;-41.0833;173.0
NZ-9597;-45.6667;169.9833
NZ-5381;-41.0333;174.9
NZ-1643;-36.9182;174.7802
NZ-4794;-39.7334;175.8438
NZ-4646;-39.4288;175.2773
NZ-9386;-44.8667;169.8167
NZ-9047;-45.9167;170.4833
NZ-9273;-46.25;169.5833
NZ-7645;-43.6667;172.55
NZ-5570;-40.6667;175.25
NZ-3334;-38.9904;175.8084
NZ-4944;-40.5421;176.1937
NZ-0991;-36.2333;175.4
NZ-0812;-36.75;174.5
NZ-0593;-36.1572;174.2283
NZ-3772;-37.5167;175.05
NZ-4860;-40.5483;175.4202
NZ-1349;-36.8874;174.7706
NZ-3900;-38.1833;175.2
NZ-0571;-36.0333;174.2667
NZ-4586;-39.6833;175.3333
NZ-7243;-41.5;173.8333
NZ-4867;-40.2833;175.6333
NZ-3171;-37.8;176.0333
NZ-4780;-39.9833;175.6333
NZ-4999;-40.3372;175.8668
NZ-3043;-38.1603;176.2651
NZ-9682;-45.9833;167.7667
NZ-7471;-43.35;172.3833
NZ-0149;-35.7234;174.3258
NZ-9048;-45.85;170.65
NZ-3584;-36.6333;175.4667
NZ-0445;-35.5;173.4
NZ-9271;-46.3833;169.6833
NZ-1151;-36.8514;174.7894
NZ-3547;-36.6333;175.4667
NZ-7859;-43.4648;170.0168
NZ-0547;-36.1;174.35
NZ-0281;-35.4833;173.9833
NZ-7244;-41.4667;173.9667
NZ-3450;-37.8833;175.4667
NZ-7196;-41.2167;172.9
NZ-3216;-37.7882;175.2902
NZ-2147;-36.8833;175.0
NZ-5889;-40.8833;176.0667
NZ-3400;-37.8106;175.7624
NZ-4332;-39.3376;174.2837
NZ-9348;-45.0302;168.6627
NZ-0900;-36.2833;174.5167
NZ-3546;-37.0167;175.8667
NZ-3247;-37.7882;175.2902
NZ-7572;-43.3667;171.5333
NZ-3149;-37.6568;176.2084
NZ-3145;-37.6716;176.1386
NZ-0405;-35.3982;173.8002
NZ-6149;-41.2866;174.7756
NZ-3168;-37.8833;176.75
NZ-2441;-37.319;175.069
NZ-7775;-43.9;171.4833
NZ-8061;-43.5167;172.7
NZ-9085;-45.8;170.5667
NZ-0573;-36.1667;174.45
NZ-4287;-40.0705;176.2183
NZ-4352;-39.3376;174.2837
NZ-3503;-37.2833;175.5
NZ-7671;-43.5333;172.2667
NZ-3073;-38.284;176.3826
NZ-4981;-40.4966;175.89
NZ-3173;-37.8395;176.1611
NZ-0830;-36.65;174.4333
NZ-9876;-46.3333;168.35
NZ-5772;-41.35;175.2
NZ-5242;-41.1083;174.8402
NZ-9871;-46.3667;168.55
NZ-3673;-37.4333;175.65
NZ-9076;-45.8833;170.3833
NZ-9347;-44.8333;169.4167
NZ-4202;-39.8833;176.6333
NZ-0814;-36.8182;174.6102
NZ-4149;-39.4131;176.8767
NZ-4578;-39.6333;175.0
NZ-7442;-42.9667;172.6833
NZ-3874;-38.2167;175.55
NZ-9775;-46.0167;169.15
NZ-4295;-39.9167;176.8167
NZ-7930;-44.0906;171.2446
NZ-7846;-42.2667;171.6833
NZ-7482;-43.0667;172.75
NZ-5572;-40.55;175.2
NZ-7044;-41.2967;173.244
NZ-7912;-44.5;171.2
NZ-4146;-39.5082;176.8802
NZ-4163;-38.9686;177.4006
NZ-7248;-41.8333;174.1333
NZ-4584;-39.7667;175.15
NZ-3110;-37.6861;176.1667
NZ-7010;-41.2766;173.2998
NZ-4573;-39.6833;175.3333
NZ-4849;-40.4667;175.2167
NZ-9397;-45.2167;170.25
NZ-0491;-35.2667;173.3833
NZ-4382;-39.0333;174.2
NZ-7875;-42.7833;171.6167
NZ-0484;-34.65;172.95
NZ-9891;-46.4;168.85
NZ-7343;-42.65;173.05
NZ-3987;-38.5206;175.3616
NZ-0542;-36.1667;174.45
NZ-4598;-39.6333;174.5
NZ-4082;-37.8833;178.3333
NZ-4612;-39.55;174.1333
NZ-7973;-44.3;171.2667
NZ-4087;-37.6333;178.3667
NZ-1342;-36.8882;174.7402
NZ-0941;-36.4;174.6667
NZ-2242;-37.0333;174.8667
NZ-0494;-35.05;173.6167
NZ-2341;-37.2481;174.7349
NZ-3972;-38.2333;175.3833
NZ-9812;-46.45;168.4
NZ-9014;-45.85;170.6167
NZ-5019;-41.1583;175.0002
NZ-1344;-36.8982;174.7802
NZ-4166;-39.0872;177.9172
NZ-0410;-35.1149;173.2637
NZ-0150;-35.6;174.3
NZ-3803;-37.9167;175.3167
NZ-3441;-37.7667;175.7667
NZ-3225;-37.8;174.8833
NZ-9543;-45.9084;169.6901
NZ-2010;-36.9082;174.8802
NZ-0473;-35.4833;173.5833
NZ-5022;-41.1283;174.8202
NZ-9342;-45.0384;169.2001
NZ-7811;-42.75;171.0
NZ-2120;-37.202;174.9036
NZ-7872;-42.55;171.6
NZ-4941;-40.4534;175.8406
NZ-4310;-39.0714;174.0622
NZ-7007;-41.25;173.1
NZ-3025;-38.4667;176.7
NZ-2160;-36.9982;174.8602
NZ-4817;-40.2201;175.4245
NZ-9291;-46.0833;170.0
NZ-5042;-41.2167;174.9167
NZ-3166;-38.0255;176.9425
NZ-7581;-43.8038;172.9682
NZ-3771;-37.5333;175.1167
NZ-0143;-35.7348;174.3199
NZ-7150;-41.2833;173.7667
NZ-3010;-38.1276;176.2446
NZ-0930;-36.6333;174.7667
NZ-3048;-38.1726;176.2432
NZ-4866;-40.384;175.5429
NZ-3997;-38.7167;175.2833
NZ-8640;-43.5083;172.6701
NZ-3266;-37.8333;174.9667
NZ-3214;-37.7833;175.2833
NZ-4272;-39.9333;176.5
NZ-0184;-35.35;174.35
NZ-7840;-42.4436;171.2129
NZ-3380;-38.9393;175.7893
NZ-5710;-41.1083;175.3202
NZ-6012;-41.2837;174.7414
NZ-3121;-37.9752;177.0759
NZ-2103;-37.0333;174.8667
NZ-1348;-36.8833;174.7
NZ-7385;-42.9;172.55
NZ-1742;-36.8682;174.8202
NZ-3401;-37.7667;175.7667
NZ-7374;-42.479;173.5278
NZ-0370;-35.9833;173.9667
NZ-3295;-37.8333;174.9667
NZ-3378;-38.7084;176.0907
NZ-4372;-39.1;174.15
NZ-3794;-37.5833;174.95
NZ-5048;-41.2667;174.95
NZ-4977;-40.1206;176.2319
NZ-2474;-37.279;175.048
NZ-3886;-38.1667;174.9
NZ-9510;-45.9419;169.5499
NZ-3122;-38.0091;177.2871
NZ-9044;-45.9;170.5194
NZ-9384;-45.0333;168.9667
NZ-3148;-37.7333;176.1667
NZ-9593;-45.9833;169.7667
NZ-4186;-39.35;176.6167
NZ-7777;-43.9167;171.9
NZ-9742;-45.7333;168.45
NZ-0478;-35.1;173.7833
NZ-3114;-37.6333;176.05
NZ-7656;-43.7667;172.3
NZ-0983;-36.45;174.65
NZ-4077;-38.3667;178.3
NZ-4291;-40.2789;176.6283
NZ-7958;-44.2;171.2833
NZ-9585;-46.4667;169.7167
NZ-3146;-37.6953;176.1441
NZ-2571;-36.9167;174.9833
NZ-1841;-36.7833;175.0833
NZ-7542;-43.8038;172.9682
NZ-3251;-37.7882;175.2902
NZ-9541;-46.032;169.479
NZ-7823;-41.6333;171.85
NZ-7944;-44.2584;170.1006
NZ-4145;-39.5182;176.8602
NZ-7960;-44.7284;171.0501
NZ-0176;-35.6333;174.05
NZ-4156;-39.6382;176.8502
NZ-0294;-35.15;174.0333
NZ-1022;-36.8633;174.7049
NZ-3127;-38.1;176.7
NZ-3186;-37.8219;176.5643
NZ-4161;-39.6006;176.8942
NZ-3482;-38.1;175.9
NZ-4377;-38.95;174.5333
NZ-8025;-43.5833;172.5667
NZ-0944;-36.6187;174.6776
NZ-0114;-35.5833;174.3
NZ-8140;-43.5333;172.6333
NZ-2585;-36.95;175.1167
NZ-3297;-37.8;174.8833
NZ-8642;-43.5283;172.6801
NZ-4140;-39.5091;176.8896
NZ-7142;-40.85;172.8
NZ-0743;-36.7645;174.7477
NZ-9395;-45.1667;170.0
NZ-8042;-43.5283;172.5201
NZ-4894;-40.1749;175.3846
NZ-4044;-38.7667;177.5667
NZ-4188;-39.0667;177.0333
NZ-4375;-39.0167;174.4833
NZ-9059;-45.8742;170.5036
NZ-0655;-36.8667;174.5833
NZ-8546;-43.45;172.6333
NZ-7472;-43.2167;172.5
NZ-7812;-42.8883;170.8101
NZ-3288;-37.75;175.15
NZ-5040;-41.2083;174.8902
NZ-0910;-36.4;174.6667
NZ-4645;-39.4556;173.8583
NZ-4198;-39.0592;177.7989
NZ-2340;-37.202;174.9036
NZ-3878;-38.1;174.9333
NZ-4153;-39.6282;176.8302
NZ-3496;-37.8833;175.5667
NZ-0663;-36.8282;174.6202
NZ-1745;-36.85;174.8167
NZ-4988;-40.5172;175.7526
NZ-4193;-39.0333;177.3667
NZ-5043;-41.2333;174.9167
NZ-1025;-36.8882;174.7302
NZ-3885;-38.05;174.9167
NZ-8082;-43.6031;172.7176
NZ-4345;-39.1167;173.95
NZ-4293;-40.2789;176.6283
NZ-4810;-40.2911;175.7547
NZ-0202;-35.2615;174.1226
NZ-3597;-37.2833;175.5
NZ-7440;-43.3;172.5833
NZ-0873;-36.5833;174.6
NZ-3141;-37.6861;176.1667
NZ-7742;-43.8883;171.7401
NZ-7740;-43.9083;171.7501
NZ-4273;-39.8667;176.5333
NZ-7646;-43.4833;171.9667
NZ-5255;-40.9167;174.9833
NZ-9050;-45.8159;170.621
NZ-7602;-43.8167;172.25
NZ-9346;-44.2333;169.2333
NZ-1026;-36.8782;174.6902
NZ-4787;-39.9582;175.5461
NZ-3880;-38.0667;175.55
NZ-7805;-42.5667;171.2167
NZ-5036;-40.8833;175.0667
NZ-9302;-44.9384;168.8101
NZ-5372;-41.0833;175.1667
NZ-4991;-40.4885;175.9457
NZ-3210;-37.7833;175.2833
NZ-9816;-46.3333;168.2833
NZ-0181;-35.5667;174.3667
NZ-7957;-44.3167;170.95
NZ-4389;-39.1;174.2167
NZ-2012;-36.8682;174.9002
NZ-5711;-41.2083;175.4302
NZ-9535;-46.45;169.6667
NZ-3510;-36.8333;175.7
NZ-5741;-41.2083;175.4302
NZ-9546;-46.45;169.6667
NZ-3147;-37.695;176.1086
NZ-7743;-43.75;172.0167
NZ-2582;-37.0;175.05
NZ-7182;-40.75;172.7
NZ-7285;-41.7833;174.15
NZ-3483;-38.0482;175.7802
NZ-4342;-39.0667;174.0833
NZ-8241;-43.5473;172.6774
NZ-9304;-44.9833;168.7667
NZ-9740;-46.0884;168.9501
NZ-4672;-39.5833;174.3833
NZ-0820;-36.75;174.6
NZ-7657;-43.6667;172.1833
NZ-4285;-39.9982;176.5602
NZ-0144;-35.6882;174.3202
NZ-7971;-44.5333;171.0833
NZ-3246;-37.811;175.2821
NZ-1061;-36.9182;174.8002
NZ-7020;-41.3333;173.1833
NZ-4998;-40.3174;175.9286
NZ-3945;-38.5667;174.85
NZ-1071;-36.8582;174.8402
NZ-9355;-45.0333;170.0167
NZ-3281;-37.6667;175.3
NZ-2344;-37.1833;174.8333
NZ-9748;-45.3333;168.7
NZ-7241;-41.516;173.9528
NZ-7784;-43.75;171.9167
NZ-4781;-39.9659;175.5283
NZ-9794;-45.7333;168.45
NZ-4710;-40.0692;175.3782
NZ-1350;-36.8882;174.7102
NZ-7197;-41.0167;172.9833
NZ-4244;-39.9167;176.4167
NZ-2104;-36.9982;174.8602
NZ-3484;-37.9833;175.75
NZ-2248;-37.0;175.05
NZ-7120;-41.1053;173.2456
NZ-9069;-45.75;170.5667
NZ-7710;-43.75;172.0167
NZ-8540;-43.5167;172.6
NZ-5544;-40.8;175.1
NZ-7987;-44.0333;170.8833
NZ-0540;-36.1167;174.5667
NZ-3015;-38.1482;176.2102
NZ-3583;-36.6833;175.55
NZ-3544;-37.0167;175.85
NZ-0545;-35.9833;174.45
NZ-9494;-44.95;170.6667
NZ-0182;-35.5167;174.1833
NZ-2018;-36.8833;175.0
NZ-7746;-43.7167;171.4
NZ-7604;-43.5833;172.5167
NZ-4174;-39.7667;176.6833
NZ-4347;-39.1582;174.1802
NZ-4989;-40.5333;176.0167
NZ-4172;-39.6333;176.9833
NZ-7360;-42.5167;172.8167
NZ-7783;-43.6667;171.95
NZ-4685;-39.3;173.8333
NZ-1145;-36.8603;174.7657
NZ-4995;-40.615;175.6529
NZ-8441;-43.55;172.5333
NZ-3791;-37.6333;175.2667
NZ-4073;-38.5667;178.2167
NZ-3204;-37.8;175.2667
NZ-7670;-43.4333;172.6167
NZ-0372;-35.8;173.8167
NZ-1051;-36.8982;174.8102
NZ-7192;-41.2667;173.5
NZ-9591;-45.8225;169.5301
NZ-0875;-36.6782;174.4502
NZ-5016;-41.2167;174.8667
NZ-5046;-41.2283;174.8702
NZ-0920;-36.2833;174.8167
NZ-8145;-43.555;172.6614
NZ-4987;-40.5046;175.7916
NZ-4549;-39.8;174.7333
NZ-4992;-40.4695;176.2797
NZ-7395;-42.5167;172.8167
NZ-5794;-41.0783;175.4602
NZ-7250;-41.2907;174.008
NZ-3943;-38.25;175.1667
NZ-9772;-46.1;169.1
NZ-4682;-39.4833;173.9
NZ-4984;-40.5046;175.7916
NZ-3920;-38.8782;175.2602
NZ-0975;-36.2167;174.4667
NZ-9281;-46.275;169.85
NZ-9043;-45.8584;170.5101
NZ-4864;-40.473;175.5093
NZ-9679;-45.4167;167.7167
NZ-0170;-35.7833;174.2833
NZ-7841;-42.3983;171.2501
NZ-7892;-41.8333;171.65
NZ-4196;-38.8883;177.4928
NZ-7045;-41.2708;173.284
NZ-0583;-36.1833;174.3
NZ-7848;-41.7167;171.7667
NZ-4777;-40.1167;175.7333
NZ-2246;-37.0582;174.9202
NZ-7546;-43.7667;172.7833
NZ-4390;-39.2;174.3167
NZ-0243;-35.3833;174.0667
NZ-4195;-38.8167;177.1667
NZ-4072;-38.6333;177.7
NZ-1741;-36.8833;174.8667
NZ-4641;-39.55;174.1333
NZ-0612;-36.8882;174.6102
NZ-4783;-39.9333;175.7167
NZ-0756;-36.7667;174.6667
NZ-7945;-44.0064;170.4803
NZ-4320;-39.0016;174.2384
NZ-4660;-39.4082;175.4002
NZ-0974;-36.2667;174.5167
NZ-1345;-36.9082;174.7702
NZ-4165;-39.05;177.75
NZ-3411;-38.0482;175.7802
NZ-8143;-43.5167;172.6167
NZ-3352;-38.6833;176.0833
NZ-7441;-43.1559;172.7297
NZ-7391;-42.7;172.95
NZ-2580;-37.0333;174.8667
NZ-7341;-42.8167;173.2667
NZ-5014;-41.2667;174.95
NZ-0200;-35.3167;174.1167
NZ-7345;-42.7667;172.85
NZ-4792;-39.5165;175.9651
NZ-4576;-39.6;175.15
NZ-8440;-43.5283;172.5901
NZ-5712;-41.0783;175.4602
NZ-9041;-45.8484;170.5201
NZ-7940;-44.3967;171.2536
NZ-4541;-39.9333;175.05
NZ-1340;-36.8982;174.7302
NZ-7675;-43.5833;172.3833
NZ-1062;-36.9382;174.8402
NZ-0661;-36.841;174.6522
NZ-3994;-38.85;175.4667
NZ-4793;-39.7119;175.8389
NZ-0842;-36.7833;174.4833
NZ-2676;-37.1667;174.9
NZ-6243;-41.316;174.8154
NZ-9778;-45.4667;168.6833
NZ-7941;-44.3583;171.2301
NZ-0154;-35.6167;174.5
NZ-3742;-37.6674;175.1555
NZ-7491;-42.9667;172.6833
NZ-0172;-35.7167;173.95
NZ-6037;-41.2;174.7667
NZ-2146;-36.9075;174.9459
NZ-3998;-38.6167;175.3167
NZ-2471;-37.2833;175.1667
NZ-3971;-38.3833;174.8667
NZ-7571;-43.4833;172.0333
NZ-7273;-41.4333;173.95
NZ-7822;-41.6;171.8833
NZ-2697;-37.3141;174.8451
NZ-7591;-43.7833;172.65
NZ-7641;-43.3167;172.6667
NZ-9435;-45.1143;170.6719
NZ-8542;-43.5;172.6167
NZ-9691;-45.9833;167.6
NZ-4158;-39.6382;176.8502
NZ-8842;-43.4918;172.7202
NZ-7947;-44.2667;171.1333
NZ-9689;-45.9;167.9833
NZ-9572;-45.6631;169.4117
NZ-1543;-36.8906;174.7943
NZ-9720;-46.15;168.3333
NZ-7334;-42.5167;172.8167
NZ-4542;-39.9171;175.0616
NZ-0153;-35.6;174.5333
NZ-4974;-40.0545;176.1632
NZ-0146;-35.85;174.2167
NZ-0758;-36.7381;174.752
NZ-8444;-43.5183;172.5701
NZ-4581;-40.047;175.2147
NZ-3257;-37.7833;175.2833
NZ-5011;-41.2;174.95
NZ-9053;-45.875;170.3472
NZ-3262;-37.7167;175.2
NZ-7445;-43.25;172.6667
NZ-7804;-42.35;171.3833
NZ-4344;-39.0643;174.0356
NZ-4279;-39.8667;176.2833
NZ-4120;-39.6381;176.8492
NZ-3792;-37.5667;175.3
NZ-2472;-37.245;175.0205
NZ-4997;-40.3522;175.9528
NZ-4141;-39.5333;176.85
NZ-3049;-38.1;176.0833
NZ-4674;-39.5167;174.3667
NZ-1641;-36.8833;174.8667
NZ-5041;-41.2;174.95
NZ-3199;-37.8167;177.6667
NZ-7647;-43.65;172.4833
NZ-5881;-40.8333;175.6667
NZ-9831;-46.3333;168.85
NZ-2247;-37.1;174.95
NZ-3926;-38.8333;174.9833
NZ-5391;-40.9;175.0833
NZ-7510;-43.4833;172.1167
NZ-0961;-36.2667;175.4333
NZ-7776;-43.7;171.7167
NZ-6146;-41.297;174.7936
NZ-7885;-42.9667;170.7333
NZ-0476;-35.2833;173.5833
NZ-5571;-40.6333;175.275
NZ-4286;-39.95;176.25
NZ-4945;-40.3372;175.8668
NZ-4398;-39.4292;174.3
NZ-1843;-36.7982;175.0402
NZ-2240;-37.0167;174.8833
NZ-3060;-38.4359;176.3412
NZ-4795;-39.4706;175.6817
NZ-4157;-39.6667;176.8833
NZ-4092;-38.4;177.6667
NZ-0587;-36.15;174.4
NZ-5371;-41.1383;175.0502
NZ-3372;-37.7;175.45
NZ-1149;-36.8667;174.7833
NZ-2681;-37.2167;174.7833
NZ-2025;-36.9982;174.8602
NZ-9825;-46.3167;168.7833
NZ-0654;-36.8647;174.6477
NZ-1347;-36.8982;174.7802
NZ-4144;-39.4833;176.9
NZ-9883;-46.2833;168.0167
NZ-8443;-43.55;172.55
NZ-4786;-39.9833;175.6333
NZ-0984;-36.4753;174.5542
NZ-7043;-41.264;173.2763
NZ-7178;-41.2833;173.7667
NZ-3941;-38.3363;175.1701
NZ-4294;-39.8;176.9833
NZ-7865;-41.9059;171.4383
NZ-9067;-45.5167;170.1167
NZ-9241;-46.1208;169.9694
NZ-4575;-39.7833;175.2167
NZ-4022;-38.4667;177.8667
NZ-4671;-39.5333;174.2
NZ-3881;-37.9167;175.3167
NZ-3996;-38.7833;175.2167
NZ-3591;-36.9167;175.7
NZ-3948;-39.1833;175.4
NZ-0179;-35.75;174.2
NZ-7240;-41.5283;173.9502
NZ-0652;-36.8647;174.6477
NZ-7195;-41.0833;173.8667
NZ-2677;-37.2;174.95
NZ-3353;-38.9904;175.8084
NZ-7300;-42.6475;173.0876
NZ-9584;-46.2;169.3667
NZ-3116;-37.6568;176.2084
NZ-4625;-39.4082;175.4002
NZ-9747;-45.6667;168.25
NZ-3256;-37.7833;175.2833
NZ-7022;-41.3833;173.1167
NZ-7845;-42.5833;171.4667
NZ-7974;-44.4;171.0833
NZ-3681;-37.3833;175.8333
NZ-9598;-45.45;170.1667
NZ-5373;-41.2667;174.95
NZ-9542;-45.9384;169.2601
NZ-7992;-43.9833;171.2833
NZ-4474;-40.473;175.5093
NZ-3192;-38.1;176.7
NZ-3947;-38.8333;174.9833
NZ-7382;-42.8833;173.0833
NZ-1140;-36.8382;174.7802
NZ-3944;-38.5206;175.3616
NZ-4815;-40.4667;175.2167
NZ-4275;-39.9382;176.6002
NZ-9445;-44.8554;170.6848
NZ-9382;-44.3167;169.1833
NZ-0883;-36.7833;174.4833
NZ-0644;-36.9182;174.7002
NZ-9846;-46.4024;168.4223
NZ-7856;-43.3891;170.1819
NZ-0662;-36.7833;174.6
NZ-7095;-41.5167;172.9333
NZ-5024;-41.1183;174.8802
NZ-7444;-43.3167;172.3667
NZ-4051;-38.35;177.5333
NZ-3252;-37.7833;175.2833
NZ-4740;-40.2183;175.5402
NZ-9643;-45.5669;167.6115
NZ-8247;-43.5628;172.7152
NZ-3434;-37.8833;175.4667
NZ-5886;-40.9069;175.8111
NZ-3710;-37.4;175.15
NZ-9491;-44.95;170.65
NZ-4075;-38.4167;177.55
NZ-3193;-37.9833;176.8333
NZ-3674;-37.3667;175.7333
NZ-4745;-39.9366;175.5684
NZ-3643;-37.2;175.8667
NZ-7676;-43.55;172.4667
NZ-5771;-41.2333;175.3333
NZ-9349;-45.0212;168.7336
NZ-4071;-38.6;177.9333
NZ-5045;-41.2283;174.8702
NZ-7802;-42.3983;171.2501
NZ-0492;-35.3833;173.3833
NZ-9630;-45.9667;168.0333
NZ-2140;-36.8833;174.9167
NZ-4371;-39.15;174.0833
NZ-0985;-36.3333;174.7333
NZ-3741;-37.4;175.15
NZ-9842;-46.6042;168.3472
NZ-4863;-40.1749;175.3846
NZ-4110;-39.4982;176.8802
NZ-7630;-43.3783;172.6401
NZ-3341;-37.6167;175.6333
NZ-4791;-39.5513;175.65
NZ-9393;-45.1333;169.5167
NZ-4592;-39.7167;174.7167
NZ-5142;-41.15;175.0
NZ-0295;-35.2;173.9167
NZ-2578;-37.15;174.95
NZ-7500;-43.3833;172.0167
NZ-1042;-36.9182;174.7502
NZ-2145;-36.9075;174.9459
NZ-0141;-35.6882;174.3102
NZ-9620;-46.1333;167.6833
NZ-3020;-38.1;176.0833
NZ-9441;-44.9399;170.5447
NZ-3840;-38.0082;175.3302
NZ-7857;-43.2833;170.4167
NZ-4440;-40.3626;175.6338
NZ-2113;-37.0657;174.9439
NZ-7481;-43.1559;172.7297
NZ-7983;-44.2833;171.05
NZ-7771;-43.65;171.4333
NZ-4979;-40.4695;176.2797
NZ-7825;-41.75;171.5667
NZ-5883;-41.1836;175.9581
NZ-0962;-36.3014;175.4893
NZ-9522;-45.9384;169.2601
NZ-4816;-40.2;175.4
NZ-4848;-40.4667;175.3
NZ-5890;-40.9667;175.8
NZ-9544;-45.6631;169.4117
NZ-2695;-37.5108;174.8836
NZ-2694;-37.2705;174.9438
NZ-7649;-43.3333;171.9167
NZ-4862;-40.2201;175.4245
NZ-9710;-46.0884;168.9501
NZ-3330;-38.7311;176.0734
NZ-3144;-37.6861;176.1667
NZ-9840;-46.4084;168.3601
NZ-4130;-39.6667;176.8833
NZ-0749;-36.7972;174.7046
NZ-7040;-41.2766;173.2998
NZ-7984;-44.3;170.8833
NZ-7741;-43.9167;171.7167
NZ-5887;-41.0167;175.55
NZ-5243;-41.1399;174.8665
NZ-7275;-41.5667;173.4667
NZ-4351;-39.0333;174.15
NZ-3175;-37.7667;176.25
NZ-4148;-39.5833;176.9167
NZ-3169;-38.1;176.7
NZ-4046;-38.3667;178.3
NZ-4284;-40.2167;176.6
NZ-8041;-43.5167;172.6
NZ-9392;-45.35;169.3
NZ-7387;-42.9;173.1333
NZ-7999;-43.9073;170.1234
NZ-0881;-36.75;174.4333
NZ-2244;-37.0582;174.9202
NZ-2023;-36.9982;174.8602
NZ-4544;-39.7667;174.6333
NZ-3206;-37.811;175.2821
NZ-3293;-37.8333;175.0333
NZ-0651;-36.8333;174.65
NZ-7842;-42.7167;170.9667
NZ-8062;-43.5283;172.6801
NZ-3241;-37.75;175.2167
NZ-7803;-42.3833;171.3167
NZ-3700;-37.562;175.1619
NZ-3784;-37.45;175.3
NZ-6035;-41.2443;174.7885
NZ-2675;-37.15;175.0333
NZ-9610;-46.15;168.0
NZ-0148;-35.7317;174.3104
NZ-3191;-38.0333;177.0
NZ-0474;-35.4667;173.8333
NZ-8545;-43.4983;172.5601
NZ-9872;-46.2833;168.5333
NZ-4154;-39.6182;176.7802
NZ-4343;-39.0782;174.0602
NZ-9074;-45.7333;170.05
NZ-0541;-36.0882;174.5702
NZ-9893;-46.3333;168.7167
NZ-7054;-40.6772;172.6807
NZ-4547;-40.0515;175.2188
NZ-8147;-43.5333;172.65
NZ-7048;-41.25;173.1
NZ-0185;-35.65;174.2333
NZ-3508;-37.0167;175.85
NZ-3078;-38.3833;176.0167
NZ-4900;-40.6462;175.7037
NZ-0145;-35.7103;174.3135
NZ-3740;-37.562;175.1619
NZ-9023;-45.8333;170.6
NZ-9442;-45.3184;170.8101
NZ-7206;-41.5;173.8333
NZ-7980;-44.8333;171.1167
NZ-4774;-39.9667;175.8833
NZ-9396;-45.0184;170.1301
NZ-4397;-39.0309;174.8026
NZ-3976;-38.25;175.1667
NZ-3875;-38.05;175.3
NZ-8243;-43.5567;172.6169
NZ-0211;-35.3833;174.0333
NZ-3973;-38.15;175.1
NZ-2158;-36.9659;174.8239
NZ-0800;-36.6782;174.4502
NZ-4043;-37.8833;178.3333
NZ-2245;-37.0482;174.9002
NZ-7730;-43.6333;171.65
NZ-4818;-40.1749;175.3846
NZ-6440;-41.2244;174.8219
NZ-7895;-42.15;171.9
NZ-0781;-36.95;174.4667
NZ-3410;-37.9833;175.75
NZ-3985;-38.3833;174.8667
NZ-8081;-43.5683;172.7601
NZ-3320;-37.5282;175.7102