ZA-7201;-34.4167;19.2333
ZA-2535;-26.7167;27.1
ZA-1983;-26.5833;27.8333
ZA-6056;-33.9667;25.5833
ZA-1337;-25.4667;31.9
ZA-1300;-25.7833;31.05
ZA-0346;-25.6667;27.25
ZA-9483;-27.972250000000003;26.530549999999998
ZA-1490;-26.4167;28.4667
ZA-2104;-26.2;28.0833
ZA-3800;-29.0167;31.5833
ZA-1348;-25.7333;31.8167
ZA-0201;-25.7069;28.2294
ZA-3968;-27.1333;31.9833
ZA-7195;-34.35;19.0333
ZA-1963;-26.5667;28.0167
ZA-0716;-23.3;29.0792
ZA-3600;-29.8167;30.85
ZA-6534;-33.9667;22.45
ZA-8810;-28.45;21.25
ZA-0076;-25.4833;28.2667
ZA-8122;-32.15;18.6
ZA-5686;-32.8167;26.9833
ZA-2874;-25.5333;26.0833
ZA-8892;-29.1333;19.3833
ZA-8445;-28.3167;23.0667
ZA-1940;-26.691699999999997;27.908299999999997
ZA-1514;-26.1833;28.3167
ZA-2501;-26.3667;27.4
ZA-6304;-34.0333;24.7667
ZA-2107;-26.2;28.0833
ZA-1033;-25.950000000000003;29.2
ZA-6835;-33.333349999999996;19.3167
ZA-7355;-33.0667;18.35
ZA-9974;-29.7667;25.4167
ZA-4968;-32.3333;28.15
ZA-4184;-30.2833;30.75
ZA-0504;-25.365;28.2189
ZA-0755;-23.6774;29.4869
ZA-0187;-25.75345;28.17305
ZA-7760;-33.9167;18.4167
ZA-4056;-29.85;31.0167
ZA-3977;-27.1333;31.9833
ZA-0454;-24.9667;29.3
ZA-1915;-26.7;27.8167
ZA-2072;-26.05;28.0333
ZA-1401;-26.2;28.175
ZA-0432;-25.255699999999997;28.40375
ZA-4022;-29.85;31.0167
ZA-7499;-33.9167;18.4167
ZA-2070;-26.2;28.0833
ZA-0407;-25.386249999999997;28.25225
ZA-9830;-27.2833;28.5
ZA-4776;-30.6833;28.5167
ZA-6870;-33.65;19.4333
ZA-9750;-30.7;26.7
ZA-1472;-26.2167;28.25
ZA-3630;-29.85;31.0167
ZA-0885;-23.8833;30.4
ZA-0081;-25.706899999999997;28.2294
ZA-9789;-29.2333;26.7333
ZA-0336;-25.6667;27.25
ZA-9332;-29.1333;26.2
ZA-5370;-32.0167;26.2667
ZA-3260;-29.4667;30.2333
ZA-1517;-26.1833;28.3167
ZA-4035;-29.85;31.0167
ZA-0415;-25.365;28.2189
ZA-5024;-31.7833;28.3
ZA-3967;-27.6167;32.0333
ZA-9322;-29.1333;26.2
ZA-0651;-24.1833;29.0167
ZA-0194;-25.5072;28.1075
ZA-9978;-29.75;25.3167
ZA-2890;-25.5333;26.0833
ZA-1853;-26.2;27.8833
ZA-8816;-28.45;21.25
ZA-3970;-27.5667;32.0833
ZA-6705;-33.8;19.8833
ZA-1253;-25.0333;31.1167
ZA-5075;-31.9667;28.6833
ZA-1479;-26.2167;28.25
ZA-3145;-27.7417;30.9
ZA-0030;-25.7069;28.2294
ZA-9438;-27.9833;26.7333
ZA-2574;-26.883333333333336;26.633333333333336
ZA-7460;-33.89166666666666;18.558333333333334
ZA-1471;-26.2167;28.25
ZA-1937;-26.6667;27.9333
ZA-2153;-26.2;28.0833
ZA-1213;-25.4667;30.9667
ZA-0008;-25.73985;28.1486
ZA-0215;-25.5072;28.1075
ZA-3937;-28.1333;31.8667
ZA-0931;-23.3167;30.7167
ZA-0186;-25.7069;28.2294
ZA-7308;-33.45;18.7333
ZA-7493;-33.922219999999996;18.533320000000003
ZA-1247;-25.3917;30.9917
ZA-1004;-25.6756;28.5222
ZA-1080;-25.8667;29.2333
ZA-6001;-33.9766;25.6324
ZA-6375;-34.0333;24.7667
ZA-0169;-25.7069;28.2294
ZA-5205;-33.0333;27.9167
ZA-3611;-29.85;31.0167
ZA-1208;-25.4667;30.9667
ZA-0211;-25.5072;28.1075
ZA-0458;-25.1417;30.200000000000003
ZA-5190;-31.15;28.8667
ZA-3986;-27.4333;32.0667
ZA-1874;-26.2167;27.8667
ZA-6241;-33.8753;25.49035
ZA-3206;-29.6167;30.3833
ZA-7801;-33.9167;18.4167
ZA-8261;-30.2;17.9333
ZA-0472;-24.9667;29.3
ZA-7325;-32.9;18.7667
ZA-5415;-31.7;27.2333
ZA-8005;-33.9185;18.4131
ZA-4036;-29.85;31.0167
ZA-9705;-28.2333;28.3
ZA-6821;-33.2833;19.15
ZA-1407;-26.2167;28.1833
ZA-1639;-26.1;28.25
ZA-5102;-31.5833;28.7833
ZA-5091;-30.9167;28.9833
ZA-1765;-26.1667;27.7
ZA-1863;-26.23335;27.8917
ZA-0399;-25.1667;27.1667
ZA-2383;-27.0;30.8
ZA-3631;-29.8333;30.9333
ZA-9325;-29.1333;26.2
ZA-5820;-32.75;25.8167
ZA-0730;-23.9667;29.7
ZA-1724;-26.172700000000003;27.8767
ZA-0792;-23.6774;29.4869
ZA-1362;-24.65;31.3333
ZA-6204;-33.9667;25.5833
ZA-9762;-25.3667;30.5333
ZA-4058;-29.85;31.0167
ZA-2226;-25.8667;29.2333
ZA-4115;-29.9833;30.95
ZA-7447;-33.8667;18.4833
ZA-0893;-24.1667;30.4
ZA-1123;-25.1;30.45
ZA-1060;-25.15;29.3833
ZA-0942;-23.05;29.9
ZA-0313;-25.6667;27.25
ZA-5073;-31.9667;28.6833
ZA-6820;-33.2833;19.15
ZA-2200;-26.048900000000003;29.13445
ZA-0823;-23.3167;30.7167
ZA-1551;-26.35;28.3833
ZA-3274;-30.5667;26.9
ZA-0787;-23.6167;29.3583
ZA-0158;-25.7069;28.2294
ZA-0713;-23.3;29.0792
ZA-7990;-34.1333;18.4333
ZA-7708;-33.975;18.475
ZA-0502;-25.365;28.2189
ZA-2775;-27.1833;25.3333
ZA-0149;-25.7069;28.2294
ZA-4710;-30.55;29.4167
ZA-0890;-23.8833;30.4
ZA-8375;-28.5333;24.5167
ZA-1355;-25.4667;30.9667
ZA-4420;-29.4254;30.96575
ZA-6861;-33.65;19.4333
ZA-2526;-26.7167;27.1
ZA-1861;-23.8333;29.0833
ZA-4163;-29.4379;30.4299
ZA-0900;-22.35;30.05
ZA-1788;-26.3167;27.65
ZA-8591;-27.9762;24.8238
ZA-4343;-29.65;31.05
ZA-9432;-28.1167;26.9
ZA-2839;-25.35;26.5333
ZA-0105;-25.7069;28.2294
ZA-1422;-26.2167;28.1833
ZA-1525;-26.1833;28.3167
ZA-3780;-29.8667;30.2667
ZA-3352;-28.7333;29.3667
ZA-1726;-26.1667;27.8667
ZA-7550;-33.8333;18.65
ZA-9798;-30.7833;25.8
ZA-2945;-27.75;29.9333
ZA-2094;-26.2;28.0833
ZA-2037;-26.2;28.0833
ZA-0622;-24.1833;29.0167
ZA-2942;-27.75;29.9333
ZA-0050;-25.7069;28.2294
ZA-2519;-26.3667;27.4
ZA-1397;-23.95;31.0333
ZA-1828;-26.3167;27.8333
ZA-1759;-26.170366666666666;27.72406666666667
ZA-0864;-23.8333;30.1667
ZA-6045;-33.95835;25.575000000000003
ZA-2900;-28.55;29.7833
ZA-6006;-33.9667;25.5833
ZA-8461;-27.45;23.4333
ZA-6501;-34.1833;22.1333
ZA-2311;-26.45;29.4667
ZA-6511;-34.1833;22.1333
ZA-1545;-26.2333;28.3667
ZA-2111;-26.2;28.0833
ZA-0976;-22.95;30.4667
ZA-0044;-25.7069;28.2294
ZA-1948;-26.8167;27.8167
ZA-9877;-28.5333;28.8
ZA-2855;-25.8667;25.65
ZA-2626;-26.9833;26.6667
ZA-2001;-26.2;28.0833
ZA-6005;-33.9667;25.5833
ZA-1025;-25.8083;28.7406
ZA-1728;-26.1667;27.8667
ZA-2624;-26.9833;26.6667
ZA-4007;-29.85;31.0167
ZA-2337;-26.5333;29.9833
ZA-8608;-27.1444;24.7556
ZA-1691;-25.9989;28.2269
ZA-6032;-33.9667;25.5833
ZA-8606;-27.1444;24.7556
ZA-3286;-30.5667;26.9
ZA-4150;-30.05;30.8833
ZA-4155;-30.05;30.8833
ZA-0161;-25.7069;28.2294
ZA-8282;-29.6667;17.8833
ZA-8588;-27.9762;24.8238
ZA-4403;-29.5833;31.1333
ZA-2781;-25.8667;25.65
ZA-9475;-27.9542;26.7208
ZA-6740;-34.0333;20.4333
ZA-3782;-26.7;27.9333
ZA-1364;-24.65;31.3333
ZA-3298;-30.2667;29.9333
ZA-8008;-33.9167;18.4167
ZA-0467;-24.9667;29.3
ZA-0004;-25.7069;28.2294
ZA-3220;-29.6167;30.3833
ZA-1741;-26.1;27.7667
ZA-2004;-26.2;28.0833
ZA-2049;-26.2;28.0833
ZA-7441;-33.82131666666667;18.445383333333336
ZA-6025;-33.95335;25.571649999999998
ZA-7624;-33.7333;18.9667
ZA-9860;-28.3167;28.7
ZA-7965;-33.9167;18.4167
ZA-3270;-29.4667;30.2333
ZA-2650;-27.3167;25.9833
ZA-0053;-25.7069;28.2294
ZA-2142;-26.2;28.0833
ZA-2769;-25.8667;25.65
ZA-1100;-25.6833;30.0333
ZA-1503;-26.1833;28.3167
ZA-1629;-26.1;28.25
ZA-4240;-30.775;30.433349999999997
ZA-4688;-30.5833;29.8833
ZA-0430;-24.95;28.5333
ZA-7071;-31.4;23.1167
ZA-3331;-28.8;29.5333
ZA-7570;-33.8481;18.7172
ZA-0556;-23.6667;27.7333
ZA-0813;-23.5444;29.9389
ZA-5606;-32.8667;27.4333
ZA-7530;-33.9;18.6333
ZA-0861;-23.8333;30.1667
ZA-7444;-33.8326;18.4632
ZA-9323;-28.0833;24.891675
ZA-5600;-32.8833;27.4
ZA-1570;-26.25;28.4
ZA-0930;-23.3167;30.7167
ZA-0643;-24.1833;29.0167
ZA-1415;-26.2167;28.1833
ZA-6538;-33.9667;22.45
ZA-0514;-24.7;28.4
ZA-4643;-30.5833;29.8833
ZA-9928;-29.1333;26.2
ZA-3004;-28.1667;30.2333
ZA-8283;-29.25;16.8667
ZA-2870;-25.5333;26.0833
ZA-4242;-30.75;30.45
ZA-8577;-27.7167;24.825
ZA-3017;-28.1667;30.2333
ZA-6467;-33.65;23.1333
ZA-8570;-27.7667;24.8167
ZA-3287;-30.5667;26.9
ZA-1709;-30.799999999999997;27.09165
ZA-4276;-30.85;30.3667
ZA-5247;-33.0;27.899999999999995
ZA-0485;-25.15;29.3833
ZA-5106;-31.5833;28.7833
ZA-4145;-30.075000000000003;30.86665
ZA-3750;-29.9667;30.5167
ZA-5706;-32.7833;26.8333
ZA-6139;-33.3;26.5333
ZA-2069;-26.05;28.0333
ZA-4278;-30.91665;30.3
ZA-0818;-23.5444;29.9389
ZA-1431;-26.3458;28.20835
ZA-5189;-31.15;28.8667
ZA-2013;-26.2;28.0833
ZA-3209;-29.6167;30.3833
ZA-1789;-26.3167;27.65
ZA-0026;-25.7069;28.2294
ZA-2036;-26.2;28.0833
ZA-8423;-28.3;23.0167
ZA-4991;-32.2333;28.0667
ZA-2119;-26.2;28.0833
ZA-8771;-30.0;24.7333
ZA-1128;-24.5833;30.1667
ZA-0699;-24.0059;29.19605
ZA-1051;-26.2333;28.8
ZA-1069;-25.7833;29.4667
ZA-0072;-25.651;28.2387
ZA-9800;-28.3;27.95
ZA-2880;-25.5333;26.0833
ZA-7976;-33.9833;18.4208
ZA-9760;-25.8333;30.5167
ZA-1426;-26.350000000000005;28.108333333333334
ZA-3816;-28.8833;31.4667
ZA-1065;-25.7833;29.4667
ZA-0284;-25.613;27.8843
ZA-4153;-29.9833;30.9333
ZA-4028;-29.85;31.0167
ZA-7808;-33.9167;18.4167
ZA-0515;-24.7;28.4
ZA-3360;-28.64165;29.8
ZA-0770;-23.8833;30.4
ZA-2057;-26.05;28.0333
ZA-9840;-27.0333;28.6
ZA-0510;-24.7;28.4
ZA-4138;-29.950000000000003;30.9333
ZA-4024;-29.85;31.0167
ZA-4480;-26.4;23.25
ZA-5860;-32.5833;25.1333
ZA-2891;-25.5333;26.0833
ZA-0414;-25.4075;28.2856
ZA-5320;-31.9;26.8833
ZA-0445;-25.365;28.2189
ZA-6250;-33.3328;24.3447
ZA-1443;-26.5;28.35
ZA-5376;-32.0167;27.5833
ZA-2105;-26.2;28.0833
ZA-2745;-25.8666;25.6499
ZA-1290;-25.1;30.7833
ZA-8360;-28.7333;24.7667
ZA-4089;-29.90835;30.95
ZA-5043;-30.7167;26.8167
ZA-0937;-23.05;29.9
ZA-0825;-23.3167;30.7167
ZA-1395;-23.95;31.1167
ZA-0333;-25.6667;27.25
ZA-6854;-33.65;19.4333
ZA-7608;-33.9333;18.85
ZA-0932;-23.3167;30.7167
ZA-5088;-30.9167;28.9833
ZA-1618;-26.1;28.25
ZA-0910;-23.0221;30.336
ZA-1747;-26.0333;27.85
ZA-1875;-26.2167;27.8667
ZA-0752;-23.6774;29.4869
ZA-7090;-30.577800000000003;26.913899999999998
ZA-8822;-26.4833;22.2333
ZA-4113;-29.9833;30.9333
ZA-5204;-33.0333;27.9167
ZA-3375;-28.55;29.7833
ZA-3082;-27.75;29.9333
ZA-2026;-26.1805;28.1034
ZA-0899;-24.0722;30.4
ZA-0354;-25.6667;27.25
ZA-1860;-25.4333;28.2889
ZA-0022;-25.71525;28.2744
ZA-4087;-33.55;18.5833
ZA-9328;-29.1833;26.2333
ZA-1274;-24.9333;30.8333
ZA-1804;-26.25;27.90556666666667
ZA-2352;-26.5333;29.9833
ZA-3160;-27.3833;31.6167
ZA-3804;-29.0167;31.5833
ZA-0845;-23.3167;30.7167
ZA-0143;-25.7069;28.2294
ZA-1251;-24.9333;31.0917
ZA-5259;-33.0333;27.9167
ZA-1549;-26.2333;28.3667
ZA-3965;-28.18335;31.966649999999998
ZA-0812;-23.45;29.75
ZA-5275;-33.0333;27.9167
ZA-3820;-28.8833;31.4667
ZA-0852;-23.8333;30.1667
ZA-2171;-26.2;28.0833
ZA-0822;-23.3167;30.7167
ZA-1214;-25.4333;31.2
ZA-0457;-24.9667;29.3
ZA-1794;-26.1667;27.8667
ZA-0139;-25.7069;28.2294
ZA-0634;-24.1833;29.0167
ZA-7627;-31.0833;26.6
ZA-7974;-33.9167;18.4167
ZA-5381;-32.0167;27.5833
ZA-0507;-25.365;28.2189
ZA-0648;-24.1833;29.0167
ZA-0118;-25.7069;28.2294
ZA-3002;-27.7667;30.8
ZA-9775;-29.3154;27.4386
ZA-0361;-24.6;27.4
ZA-1241;-25.4667;30.9667
ZA-0872;-23.8333;30.1667
ZA-8245;-28.7167;17.5833
ZA-7439;-33.9167;18.4167
ZA-8377;-28.475;24.40835
ZA-3215;-29.6167;30.3833
ZA-0751;-23.7637;29.4351
ZA-0499;-25.365;28.2189
ZA-6255;-33.0211;24.3369
ZA-1519;-26.15;28.4167
ZA-2471;-27.3667;29.8833
ZA-5216;-33.0333;27.9167
ZA-0729;-23.6;29.1667
ZA-7762;-33.9625;18.4917
ZA-4230;-30.6667;30.5
ZA-1827;-26.3367;27.8333
ZA-2841;-25.35;26.5333
ZA-5884;-32.1833;25.6167
ZA-0733;-23.9667;29.7
ZA-7612;-33.9333;18.85
ZA-3211;-29.6167;30.3833
ZA-7783;-33.9167;18.4167
ZA-7805;-34.05;18.4833
ZA-7935;-33.9167;18.4167
ZA-4406;-29.5833;31.1333
ZA-1903;-26.7;27.8167
ZA-8609;-27.5333;24.8
ZA-3011;-28.55;30.4167
ZA-7791;-34.05;18.6667
ZA-7824;-33.9167;18.4167
ZA-3602;-29.8167;30.85
ZA-2930;-28.1833;30.15
ZA-0410;-25.365;28.2189
ZA-1008;-25.6756;28.5222
ZA-8801;-28.45;21.25
ZA-0217;-25.6333;27.7833
ZA-0307;-25.6667;27.25
ZA-7767;-33.9625;18.4917
ZA-4390;-29.5833;31.1333
ZA-9600;-28.3167;27.6
ZA-0250;-25.6333;27.7833
ZA-8782;-30.5833;23.5
ZA-0358;-24.9333;27.15
ZA-5127;-31.5833;28.7833
ZA-4090;-29.85;31.0167
ZA-0866;-23.8333;30.1667
ZA-0025;-25.7069;28.2294
ZA-0739;-23.9667;29.7
ZA-3016;-28.1667;30.2333
ZA-9732;-28.8833;27.8833
ZA-0922;-23.05;29.9
ZA-3875;-28.75;31.9
ZA-8301;-28.7333;24.7667
ZA-7611;-33.9333;18.85
ZA-6012;-33.9667;25.5833
ZA-2301;-26.55;29.1667
ZA-3964;-27.1333;31.9833
ZA-7475;-26.45;24.1833
ZA-2067;-26.2;28.0833
ZA-1667;-25.9639;28.2394
ZA-5010;-32.1;28.3
ZA-1636;-26.0167;28.2333
ZA-2556;-26.85;26.7833
ZA-3269;-28.9667;30.8667
ZA-2625;-26.9833;26.6667
ZA-1497;-26.2167;28.1833
ZA-6213;-33.9667;25.5833
ZA-0218;-25.5072;28.1075
ZA-3221;-29.6167;30.3833
ZA-3301;-29.0;29.8833
ZA-2730;-26.15;26.1667
ZA-4380;-29.575000000000003;31.1333
ZA-3259;-29.3333;30.6333
ZA-4771;-30.6833;28.5167
ZA-0232;-25.6333;27.7833
ZA-4006;-29.85;31.0167
ZA-0303;-25.6667;27.25
ZA-6741;-33.9333;20.1
ZA-4016;-29.85;31.0167
ZA-1559;-26.25;28.4
ZA-7400;-33.9167;18.4167
ZA-5017;-32.1;28.3
ZA-2846;-25.35;26.5333
ZA-4700;-30.55;29.4167
ZA-9433;-28.1167;26.9
ZA-4470;-29.24165;31.18335
ZA-1444;-26.5;28.35
ZA-5460;-30.9167;26.6833
ZA-1613;-26.1333;28.1833
ZA-3652;-29.8167;30.85
ZA-2066;-26.2;28.0833
ZA-2527;-26.7167;27.1
ZA-6410;-30.85;26.6833
ZA-4340;-29.65;31.05
ZA-2577;-26.8667;26.6667
ZA-6205;-33.916700000000006;25.5833
ZA-5416;-31.7;27.2333
ZA-2516;-26.3667;27.4
ZA-9986;-29.4;25.0167
ZA-8617;-25.8167;23.5333
ZA-1684;-25.9833;28.1167
ZA-2115;-26.2;28.0833
ZA-3239;-30.2667;29.9333
ZA-0650;-24.1833;29.0167
ZA-0048;-25.7069;28.2294
ZA-1202;-25.4667;30.9667
ZA-8309;-28.7333;24.7667
ZA-0057;-25.7069;28.2294
ZA-1688;-25.9989;28.2269
ZA-2941;-27.75;29.9333
ZA-7349;-33.5667;18.4833
ZA-0174;-25.7069;28.2294
ZA-1834;-26.3167;27.8333
ZA-0253;-25.6333;27.7833
ZA-3300;-29.2;29.9833
ZA-0338;-24.9333;27.15
ZA-5241;-33.0333;27.916700000000002
ZA-8138;-32.1833;18.9
ZA-8861;-28.7;20.9667
ZA-5160;-31.5333;29.0167
ZA-1224;-25.4667;30.9667
ZA-6189;-24.9167;31.15
ZA-7437;-33.9167;18.4167
ZA-7491;-33.9333;18.5833
ZA-6220;-33.8;25.4667
ZA-1070;-25.7833;29.4667
ZA-5412;-31.7;27.2333
ZA-1482;-26.2167;28.25
ZA-0347;-25.6667;27.25
ZA-1820;-26.3567;27.8333
ZA-0083;-25.748350000000002;28.2282
ZA-6211;-33.9667;25.5833
ZA-2520;-26.7167;27.1
ZA-3867;-28.95;31.75
ZA-5187;-31.15;28.8667
ZA-0762;-23.9333;29.8167
ZA-1050;-30.05;26.616699999999998
ZA-7793;-34.05;18.6667
ZA-0757;-23.6774;29.4869
ZA-9540;-27.2333;27.5833
ZA-1132;-25.4667;30.9667
ZA-5365;-32.1833;25.6167
ZA-2250;-26.1;29.4333
ZA-4751;-30.6;27.3167
ZA-2736;-25.35;26.5333
ZA-0658;-24.1833;29.0167
ZA-7101;-34.0;18.7333
ZA-0444;-25.365;28.2189
ZA-2021;-26.2;28.0833
ZA-9913;-30.0333;25.7833
ZA-1634;-26.1;28.25
ZA-0156;-25.7069;28.2294
ZA-1492;-26.4167;28.4667
ZA-1371;-24.35;30.9667
ZA-3607;-29.8167;30.85
ZA-0148;-25.7069;28.2294
ZA-3855;-28.6167;31.0833
ZA-5084;-31.8167;28.75
ZA-6302;-34.0333;24.7667
ZA-0390;-24.9333;27.15
ZA-2525;-26.7167;27.1
ZA-1412;-26.2167;28.1833
ZA-7580;-31.3333;21.7667
ZA-7395;-33.0167;17.95
ZA-1626;-26.1;28.25
ZA-0306;-25.6667;27.25
ZA-3936;-28.4167;32.1833
ZA-4069;-29.85;31.0167
ZA-2058;-26.2;28.0833
ZA-0801;-23.6861;30.3367
ZA-7202;-34.4167;19.2333
ZA-2165;-26.05;28.0333
ZA-4642;-30.75;30.45
ZA-7806;-33.9533;18.418300000000002
ZA-1459;-26.2167;28.25
ZA-1451;-26.2333;28.1333
ZA-8110;-32.9;18.7667
ZA-2619;-26.9833;26.6667
ZA-1627;-26.1;28.25
ZA-6720;-33.7833;20.1167
ZA-0010;-25.7069;28.2294
ZA-1732;-26.1667;27.8667
ZA-0126;-25.7069;28.2294
ZA-0388;-25.2667;27.2333
ZA-7945;-33.81422;19.4132
ZA-1409;-26.2333;28.2
ZA-2429;-26.95;29.25
ZA-0374;-25.1667;27.1667
ZA-0901;-23.05;29.9
ZA-3271;-30.5667;26.9
ZA-4359;-29.75;30.9833
ZA-2490;-26.9833;28.85
ZA-5780;-32.6833;26.0833
ZA-6580;-34.0333;23.0333
ZA-7626;-33.7333;18.9667
ZA-2124;-26.2;28.0833
ZA-0601;-24.1833;29.0167
ZA-1249;-25.4667;30.9667
ZA-5186;-31.15;28.8667
ZA-0181;-25.7425;28.2326
ZA-1347;-25.7333;31.8167
ZA-1564;-26.25;28.4
ZA-0870;-23.9;30.0667
ZA-0052;-25.7069;28.2294
ZA-1744;-26.1;27.7667
ZA-1461;-26.2167;28.25
ZA-2272;-26.2667;29.2333
ZA-2551;-26.85;26.7833
ZA-4038;-29.85;31.0167
ZA-0372;-25.1833;27.2667
ZA-0886;-23.8833;30.4
ZA-3680;-29.76665;30.61665
ZA-0480;-24.883300000000002;28.2833
ZA-7551;-33.9167;18.4167
ZA-0999;-22.95;30.4667
ZA-2141;-26.2;28.0833
ZA-2064;-26.2;28.0833
ZA-4683;-30.5833;29.8833
ZA-4030;-33.55;18.5833
ZA-7780;-33.9729;18.466266666666666
ZA-2081;-26.2;28.0833
ZA-5258;-32.9333;28.0167
ZA-7307;-33.45;18.7333
ZA-9462;-27.9833;26.7333
ZA-6313;-34.0333;24.7667
ZA-3818;-29.0167;31.5833
ZA-2375;-27.25;31.1
ZA-8510;-28.3333;24.7167
ZA-0608;-24.1833;29.0167
ZA-2552;-26.85;26.7833
ZA-3865;-28.25;31.4333
ZA-1058;-26.3611;28.7722
ZA-9661;-27.3667;26.6167
ZA-9904;-29.65;26.1667
ZA-0478;-24.9667;29.3
ZA-9945;-30.3;27.0833
ZA-7171;-34.15;19.0167
ZA-0950;-22.8167;30.5083
ZA-7436;-33.8667;18.4833
ZA-5435;-31.3667;27.05
ZA-9663;-27.3667;26.6167
ZA-6690;-33.4833;21.2667
ZA-7375;-32.9;17.9833
ZA-8050;-33.9167;18.4167
ZA-8576;-26.1;27.620849999999997
ZA-0783;-23.6167;29.3583
ZA-0765;-23.9333;29.8167
ZA-0452;-24.9667;29.3
ZA-0082;-25.7118;28.20635
ZA-0973;-22.95;30.4667
ZA-5500;-31.4;26.3667
ZA-2431;-26.95835;29.225
ZA-2195;-26.174999999999997;28.0333
ZA-1522;-26.1833;28.3167
ZA-7380;-32.9;17.9833
ZA-0956;-22.4833;30.9167
ZA-0315;-25.6667;27.25
ZA-2230;-25.8667;29.2333
ZA-0328;-25.6667;27.25
ZA-6232;-33.7653;25.4022
ZA-0828;-23.2833;29.1167
ZA-4789;-30.6833;28.5167
ZA-2849;-25.35;26.5333
ZA-0464;-24.9667;29.3
ZA-6696;-34.2;21.5833
ZA-0371;-25.2667;27.2333
ZA-8620;-25.8167;23.5333
ZA-0251;-25.6333;27.7833
ZA-3295;-29.6167;30.3833
ZA-9950;-30.3;27.0833
ZA-4148;-29.9667;30.8833
ZA-1731;-26.1667;27.8667
ZA-0534;-23.6667;27.7333
ZA-5265;-33.0333;27.9167
ZA-3940;-28.4167;32.1833
ZA-1938;-26.5667;28.0167
ZA-0741;-23.95;29.1333
ZA-1453;-26.2333;28.1333
ZA-0462;-25.1167;29.05
ZA-0656;-24.1833;29.0167
ZA-0841;-23.3167;30.7167
ZA-0443;-25.365;28.2189
ZA-0500;-24.6;27.4
ZA-2300;-26.55;29.1667
ZA-8303;-28.7333;24.7667
ZA-7950;-33.9167;18.4167
ZA-7788;-34.05;18.6167
ZA-6812;-33.0167;18.9833
ZA-9460;-27.9833;26.7333
ZA-0555;-23.6667;27.7333
ZA-4135;-30.05;30.8833
ZA-2043;-26.2;28.0833
ZA-0941;-23.3167;30.7167
ZA-0397;-25.2667;27.2333
ZA-3635;-29.8333;30.9333
ZA-2867;-25.5333;26.0833
ZA-9752;-30.7;26.7
ZA-8060;-33.91795;18.40655
ZA-0259;-25.6333;27.7833
ZA-5688;-33.0333;27.9167
ZA-3882;-28.75;31.9
ZA-4015;-29.85;31.0167
ZA-0188;-25.7069;28.2294
ZA-3006;-28.1667;30.2333
ZA-6675;-34.3667;21.4
ZA-2353;-26.5333;29.9833
ZA-7503;-33.9;18.6
ZA-1782;-26.3167;27.65
ZA-3005;-28.2;30.6667
ZA-1402;-26.2167;28.1833
ZA-7456;-33.9167;18.4167
ZA-3651;-29.8167;30.85
ZA-2718;-26.6833;25.4667
ZA-1775;-26.1;27.7667
ZA-7995;-34.1833;18.4333
ZA-2211;-26.15;28.6833
ZA-1021;-25.751350000000002;28.74445
ZA-5108;-31.5833;28.7833
ZA-9356;-29.1333;26.2
ZA-1391;-23.95;31.1167
ZA-7525;-33.9167;18.4167
ZA-0419;-25.29085;28.2178
ZA-1749;-26.1;27.7667
ZA-3830;-28.8833;31.4667
ZA-6631;-33.5833;22.2
ZA-1342;-25.4333;31.9333
ZA-6215;-33.9667;25.5833
ZA-4736;-30.8;29.3667
ZA-1552;-26.2333;28.3667
ZA-7287;-34.5333;20.0333
ZA-0728;-23.9333;29.8167
ZA-6634;-33.5833;22.2
ZA-0636;-24.1833;29.0167
ZA-6452;-33.2833;23.4833
ZA-3881;-28.75;31.9
ZA-1465;-26.2167;28.25
ZA-4061;-29.85;31.0167
ZA-6466;-33.65;23.1333
ZA-6191;-33.7;26.6833
ZA-0926;-22.95;30.4667
ZA-8257;-30.2;17.9333
ZA-7133;-34.0833;18.85
ZA-1425;-26.3333;28.15
ZA-6200;-33.9;25.6
ZA-4066;-29.9667;30.883300000000002
ZA-3231;-29.6167;30.3833
ZA-0302;-25.6667;27.25
ZA-2095;-26.2;28.0833
ZA-0191;-25.5072;28.1075
ZA-4731;-30.3333;28.8
ZA-3700;-29.8;30.65
ZA-2517;-26.3667;27.4
ZA-0031;-25.7069;28.2294
ZA-8780;-30.65;24.0167
ZA-5117;-31.5833;28.7833
ZA-6830;-33.4167;19.2
ZA-3214;-29.6167;30.3833
ZA-2116;-26.13;28.0686
ZA-0814;-23.5444;29.9389
ZA-5055;-31.6833;28.0
ZA-7613;-33.9333;18.85
ZA-1690;-25.9989;28.2269
ZA-3803;-29.0167;31.5833
ZA-0714;-23.4833;29.1833
ZA-5041;-32.2667;28.5167
ZA-0928;-23.05;29.9
ZA-7764;-33.97778571428571;18.516685714285718
ZA-0032;-25.7069;28.2294
ZA-1059;-24.9;29.7667
ZA-8586;-27.9762;24.8238
ZA-2741;-26.15;26.1667
ZA-6186;-24.9167;31.15
ZA-6332;-34.05;24.9167
ZA-1470;-26.1749;28.2494
ZA-2573;-26.8667;26.6667
ZA-2090;-26.2;28.083299999999998
ZA-8730;-29.0667;23.7667
ZA-8376;-28.5333;24.5167
ZA-2782;-25.8667;25.65
ZA-1786;-26.3167;27.65
ZA-4144;-29.9667;30.8833
ZA-7196;-34.35;19.0333
ZA-2727;-26.3333;26.3167
ZA-2538;-26.7167;27.1
ZA-1819;-26.2917;27.9
ZA-6650;-33.5833;22.2
ZA-1454;-26.2333;28.1333
ZA-7947;-31.9167;26.9667
ZA-0214;-25.5072;28.1075
ZA-0477;-25.1167;29.05
ZA-2100;-26.2;28.0833
ZA-5134;-30.9667;29.3
ZA-4083;-29.85;31.0167
ZA-8602;-26.95;24.7333
ZA-9324;-29.1333;26.2
ZA-1250;-24.9333;31.0917
ZA-0494;-25.1167;29.05
ZA-1102;-25.6833;30.0333
ZA-6463;-33.65;23.1333
ZA-2430;-26.95;29.25
ZA-1424;-26.2167;28.1833
ZA-0433;-24.7;28.4
ZA-0929;-22.95;30.4833
ZA-4452;-29.3333;31.3
ZA-9720;-28.5167;27.9333
ZA-5096;-30.9167;28.9833
ZA-4404;-29.5833;31.1333
ZA-0470;-25.15;29.3833
ZA-9477;-27.9833;26.7333
ZA-4158;-26.0667;29.2
ZA-2108;-26.2;28.0833
ZA-9348;-28.6667;25.7667
ZA-6573;-34.0167;22.8
ZA-1130;-25.6833;30.0333
ZA-0363;-24.6;27.4
ZA-3216;-29.6167;30.3833
ZA-0054;-25.7069;28.2294
ZA-0016;-25.7069;28.2294
ZA-7937;-33.9167;18.4167
ZA-4132;-33.55;18.5833
ZA-6350;-33.8333;24.8833
ZA-6695;-34.2;21.5833
ZA-1354;-24.9833;31.6
ZA-1467;-26.2167;28.25
ZA-0071;-25.7069;28.2294
ZA-1693;-25.9911;28.1718
ZA-6231;-33.7653;25.4022
ZA-6615;-33.9667;22.45
ZA-2554;-26.85;26.7833
ZA-5264;-33.0333;27.9167
ZA-2038;-26.2;28.0833
ZA-0116;-25.7069;28.2294
ZA-6061;-33.9667;25.5833
ZA-3273;-30.5667;26.9
ZA-2532;-26.7167;27.1
ZA-2140;-26.2;28.0833
ZA-2844;-25.35;26.5333
ZA-0212;-25.5072;28.1075
ZA-5087;-30.9167;28.9833
ZA-2523;-26.7167;27.1
ZA-3263;-30.0333;29.8333
ZA-0836;-23.3167;30.7167
ZA-2845;-25.35;26.5333
ZA-1742;-26.1;27.7667
ZA-3900;-28.7901;32.0971
ZA-0043;-28.27845;29.28135
ZA-2661;-27.65;25.6
ZA-7306;-33.45;18.7333
ZA-2766;-25.8667;25.65
ZA-7946;-34.1167;18.4667
ZA-4202;-30.3167;30.6667
ZA-4275;-30.85;30.3667
ZA-0704;-23.7167;29.3167
ZA-7645;-33.7297;19.2536
ZA-5135;-30.9667;29.3
ZA-2024;-26.2;28.0833
ZA-9303;-29.1333;26.2
ZA-0417;-25.4075;28.2856
ZA-5211;-33.0333;27.9167
ZA-2491;-27.3667;29.8833
ZA-4730;-30.3333;28.8
ZA-8893;-29.6667;17.8833
ZA-3904;-28.8;32.1
ZA-8851;-28.8833;21.9833
ZA-8290;-28.5833;16.4833
ZA-0344;-25.6667;27.25
ZA-1745;-26.1;27.7667
ZA-2504;-26.3667;27.4
ZA-7670;-33.7333;18.9667
ZA-0413;-25.37525;28.253
ZA-7705;-33.9167;18.4167
ZA-3116;-30.2;26.7667
ZA-0789;-23.6167;29.3583
ZA-2434;-26.95;29.25
ZA-4226;-30.75;30.45
ZA-2435;-26.95;29.25
ZA-1729;-26.1667;27.8667
ZA-1463;-26.2167;28.25
ZA-2131;-26.2;28.0833
ZA-1746;-26.1;27.7667
ZA-8405;-28.1833;23.5333
ZA-1288;-25.4667;30.9667
ZA-3279;-30.05;30.8833
ZA-1625;-26.1;28.25
ZA-7560;-33.8667;18.6833
ZA-2499;-26.3667;27.4
ZA-1282;-24.8333;31.0667
ZA-0160;-25.7125;28.281799999999997
ZA-7406;-33.9167;18.4167
ZA-9585;-26.9;27.45
ZA-0112;-25.707050000000002;28.2883
ZA-9730;-28.8833;27.8833
ZA-1553;-26.2333;28.3667
ZA-2739;-26.1811;25.8339
ZA-1410;-26.2167;28.1833
ZA-2189;-26.05;28.0333
ZA-0129;-25.7069;28.2294
ZA-0736;-23.9667;29.7
ZA-1838;-26.3167;27.8333
ZA-1469;-26.2167;28.25
ZA-3934;-27.9833;32.0
ZA-8000;-33.916399999999996;18.415300000000002
ZA-4104;-29.85;31.0167
ZA-9940;-29.5833;26.6667
ZA-6454;-33.2833;23.4833
ZA-0737;-23.9667;29.7
ZA-3603;-29.8167;30.85
ZA-0638;-24.1833;29.0167
ZA-1577;-26.25;28.4
ZA-4300;-26.0667;29.2
ZA-4492;-29.2675;30.7982
ZA-1039;-25.8667;29.2333
ZA-0426;-25.4075;28.2856
ZA-5083;-31.8167;28.75
ZA-0654;-24.1833;29.0167
ZA-9700;-28.2333;28.3
ZA-0367;-24.9333;27.15
ZA-0409;-25.365;28.2189
ZA-7615;-33.9333;18.85
ZA-8160;-33.9167;18.4167
ZA-0917;-23.05;29.9
ZA-9466;-27.9833;26.7333
ZA-4070;-29.85;31.0167
ZA-5180;-31.15;28.8667
ZA-2571;-26.8667;26.6667
ZA-4450;-29.3333;31.3
ZA-0971;-22.95;30.4667
ZA-0073;-25.7069;28.2294
ZA-3374;-28.55;29.7833
ZA-2136;-26.2;28.0833
ZA-5026;-31.7833;28.3
ZA-4221;-30.5833;30.5833
ZA-0483;-24.8833;28.2833
ZA-2749;-25.8667;25.65
ZA-1813;-26.3;27.9
ZA-0257;-25.6333;27.7833
ZA-0193;-25.5072;28.1075
ZA-5141;-30.9833;29.5167
ZA-8315;-22.9333;30.1167
ZA-2886;-25.5333;26.0833
ZA-1378;-24.5833;31.0833
ZA-0431;-25.2121;28.5428
ZA-0020;-25.7069;28.2294
ZA-2312;-26.45;29.4667
ZA-8191;-31.4667;19.7833
ZA-0821;-23.3167;30.7167
ZA-2746;-25.8667;25.65
ZA-0435;-25.4075;28.2856
ZA-1076;-25.8667;29.2333
ZA-1127;-25.1133;30.31
ZA-9682;-27.85;26.3667
ZA-1512;-26.1;28.3833
ZA-5611;-32.8833;27.4
ZA-5162;-31.5333;29.0167
ZA-2155;-26.2;28.0833
ZA-7604;-33.9333;18.85
ZA-2410;-26.65;28.5833
ZA-2285;-26.49165;29.091700000000003
ZA-7581;-33.9333;18.6667
ZA-8505;-28.7333;24.7667
ZA-2560;-26.85;26.7833
ZA-4360;-29.8;31.0
ZA-3806;-29.0167;31.5833
ZA-6135;-33.3167;26.0833
ZA-2389;-27.0;30.8
ZA-6560;-33.9667;22.45
ZA-2562;-26.85;26.7833
ZA-2511;-26.3667;27.4
ZA-1563;-26.25;28.4
ZA-3608;-29.8167;30.85
ZA-7345;-26.9833;29.3167
ZA-2062;-26.2;28.0833
ZA-6028;-33.8833;25.5
ZA-3835;-28.5833;31.3833
ZA-1460;-26.2167;28.25
ZA-0357;-25.8667;25.65
ZA-1791;-26.1;27.7667
ZA-4342;-29.5;30.9333
ZA-4201;-30.3167;30.6667
ZA-0060;-25.7711;28.3078
ZA-6531;-33.9666;22.4499
ZA-9640;-27.65;28.1333
ZA-3180;-27.4167;30.8167
ZA-6655;-33.51665;21.5778
ZA-6510;-34.1833;22.1333
ZA-3080;-28.0;30.05
ZA-2050;-26.2;28.0833
ZA-1201;-25.4667;30.9667
ZA-1090;-25.8667;29.2333
ZA-0767;-23.6;29.1667
ZA-1392;-23.95;31.1167
ZA-9469;-24.4167;29.1667
ZA-1331;-25.475;31.70835
ZA-5360;-32.1667;26.8167
ZA-8246;-28.7667;17.65
ZA-0459;-24.9667;29.3
ZA-1520;-26.166649999999997;28.3667
ZA-4026;-29.85;31.0167
ZA-1072;-25.8667;29.2333
ZA-0292;-25.6667;27.25
ZA-9463;-27.9833;26.7333
ZA-9742;-31.1167;26.8
ZA-0384;-24.6;27.4
ZA-5140;-31.6667;29.0333
ZA-4341;-29.5;30.9333
ZA-1403;-26.2167;28.1833
ZA-3615;-29.8167;30.85
ZA-2275;-26.2667;29.2333
ZA-8624;-26.95;24.7333
ZA-1518;-26.1833;28.3167
ZA-9521;-27.2167;26.95
ZA-0386;-24.6;27.4
ZA-7504;-33.95;18.6333
ZA-5708;-32.7833;26.8333
ZA-0807;-23.2833;29.1167
ZA-9312;-29.1333;26.2
ZA-0137;-25.7069;28.2294
ZA-0720;-23.8667;29.8056
ZA-2135;-26.2;28.0833
ZA-2156;-26.2;28.0833
ZA-9987;-29.4;25.0167
ZA-0957;-23.05;29.9
ZA-7281;-34.5333;20.0333
ZA-6210;-33.916700000000006;25.59165
ZA-8824;-28.45;21.25
ZA-8121;-32.15;18.6
ZA-0436;-24.7;28.4
ZA-6017;-33.9667;25.5833
ZA-2077;-26.05;28.0333
ZA-2768;-25.8667;25.65
ZA-0642;-24.1833;29.0167
ZA-1416;-26.2167;28.1833
ZA-0815;-23.7;30.1333
ZA-9795;-30.7333;25.1
ZA-1458;-26.2333;28.1333
ZA-0498;-25.365;28.2189
ZA-0078;-25.7069;28.2294
ZA-0385;-24.6;27.4
ZA-9970;-30.2667;25.2833
ZA-0979;-22.95;30.4667
ZA-0125;-25.7069;28.2294
ZA-5208;-33.0333;27.9167
ZA-4101;-29.85;31.0167
ZA-1611;-26.1333;28.1833
ZA-8105;-32.9;18.7667
ZA-2387;-27.0;30.8
ZA-5920;-31.3;25.8167
ZA-3384;-28.55;29.7833
ZA-2129;-26.2;28.0833
ZA-1542;-26.2333;28.3667
ZA-2082;-26.2;28.0833
ZA-0317;-25.575;27.2375
ZA-2436;-26.95;29.25
ZA-2320;-26.45;29.4667
ZA-7323;-32.9;18.7667
ZA-1716;-26.1667;27.9167
ZA-2196;-26.116300000000003;28.060340000000004
ZA-6019;-33.9666;25.5833
ZA-1780;-26.3167;27.65
ZA-7603;-33.9333;18.85
ZA-5375;-32.0167;27.5833
ZA-2015;-26.2;28.0833
ZA-1078;-25.0167;29.7333
ZA-2170;-26.2;28.0833
ZA-5201;-33.0291;27.91245
ZA-7321;-32.9;18.7667
ZA-1254;-24.9333;31.0917
ZA-0788;-23.6167;29.3583
ZA-3258;-29.0667;30.5833
ZA-0503;-25.365;28.2189
ZA-0362;-24.6;27.4
ZA-1943;-26.6667;27.9333
ZA-5207;-33.0333;27.9167
ZA-1524;-26.1833;28.3167
ZA-6537;-33.9667;22.45
ZA-1946;-26.85835;27.85
ZA-9300;-29.1333;26.2
ZA-7140;-34.1417;18.85
ZA-1365;-24.6;31.1458
ZA-5610;-32.8833;27.4
ZA-1723;-26.2167;27.8667
ZA-3950;-28.0333;32.2833
ZA-5377;-32.0167;27.5833
ZA-1807;-26.25;27.9167
ZA-7180;-34.15;19.0167
ZA-0994;-22.95;30.4667
ZA-5257;-32.9333;28.0167
ZA-8325;-28.7333;24.7667
ZA-9680;-27.85;26.3667
ZA-9520;-27.2167;26.95
ZA-0207;-25.5072;28.1075
ZA-1942;-26.6667;27.9333
ZA-7449;-33.8667;18.4833
ZA-0700;-23.7167;29.3167
ZA-0771;-23.8833;30.4
ZA-4105;-29.9833;30.7
ZA-5085;-31.8167;28.75
ZA-6633;-33.5833;22.2
ZA-0960;-23.05;29.9
ZA-7798;-34.066649999999996;18.583350000000003
ZA-2600;-26.7667;26.4167
ZA-1905;-26.7;27.8167
ZA-0335;-25.6667;27.25
ZA-7440;-33.7306;18.4361
ZA-9868;-28.5333;28.8
ZA-6671;-34.1;21.2667
ZA-9482;-28.1333;25.5
ZA-0940;-23.05;29.9
ZA-1550;-26.29165;28.375
ZA-1218;-25.4667;30.9667
ZA-6583;-34.0333;23.0333
ZA-5092;-30.9167;28.9833
ZA-9630;-27.8667;27.9167
ZA-0785;-23.6167;29.3583
ZA-8280;-29.25;16.8667
ZA-4053;-29.85;31.0167
ZA-6665;-33.5333;21.6833
ZA-2192;-26.183349999999997;28.0833
ZA-6480;-33.65;23.1333
ZA-6859;-24.3;30.5167
ZA-1901;-26.7;27.8167
ZA-3135;-28.2;30.6667
ZA-3730;-29.8;30.65
ZA-5644;-33.2;27.1167
ZA-0213;-25.5072;28.1075
ZA-0725;-23.8667;29.8056
ZA-2738;-26.0239;25.74195
ZA-0122;-25.7069;28.2294
ZA-1429;-26.299999999999997;28.025
ZA-1438;-26.3583;28.2667
ZA-4133;-29.9833;30.94165
ZA-9470;-27.9833;26.7333
ZA-1120;-25.1;30.45
ZA-0330;-25.6667;27.25
ZA-6115;-33.5667;25.6833
ZA-5830;-32.75;25.8167
ZA-0240;-25.6333;27.7833
ZA-1833;-26.3167;27.8333
ZA-8484;-26.95;24.7333
ZA-1082;-25.8667;29.2333
ZA-1302;-25.4667;30.9667
ZA-0110;-25.7069;28.2294
ZA-4680;-30.5833;29.8833
ZA-0824;-23.3167;30.7167
ZA-6230;-33.7653;25.4022
ZA-8018;-33.9167;18.4167
ZA-3306;-30.2667;30.2
ZA-6173;-33.6;26.9
ZA-4743;-30.25;28.5333
ZA-1427;-26.3667;28.0667
ZA-3690;-29.8;30.65
ZA-3624;-30.85;28.825000000000003
ZA-1686;-25.9833;28.1167
ZA-3202;-29.6167;30.3833
ZA-1442;-26.5;28.35
ZA-0492;-24.8833;28.2833
ZA-3255;-29.4667;30.2333
ZA-4025;-29.85;31.0167
ZA-4361;-29.8167;31.0056
ZA-0781;-23.6167;29.3583
ZA-8735;-26.0167;29.3667
ZA-1036;-25.8667;29.2333
ZA-0735;-23.9667;29.7
ZA-8745;-28.7333;24.7667
ZA-8592;-27.9762;24.8238
ZA-2340;-26.5333;29.9833
ZA-1456;-26.2333;28.1333
ZA-1122;-25.1;30.45
ZA-3802;-29.0167;31.5833
ZA-6229;-33.7653;25.4022
ZA-3205;-29.6167;30.3833
ZA-5000;-32.1;28.3
ZA-4137;-29.85;31.0167
ZA-4247;-30.75;30.45
ZA-5090;-30.9167;28.9833
ZA-0718;-23.058300000000003;28.983333333333334
ZA-9499;-27.65;27.2333
ZA-0859;-23.8333;30.1667
ZA-0006;-25.7069;28.2294
ZA-7310;-33.15;18.6667
ZA-8002;-33.9125;18.4193
ZA-9580;-26.8167;27.8167
ZA-9437;-28.1167;26.9
ZA-9810;-27.8;28.4333
ZA-6742;-34.0333;20.4333
ZA-4000;-29.85;31.0167
ZA-9701;-28.2333;28.3
ZA-1714;-26.1667;27.8667
ZA-1367;-24.5833;31.0833
ZA-6840;-33.3667;19.3167
ZA-7282;-34.5333;20.0333
ZA-5184;-31.15;28.8667
ZA-3003;-28.1667;30.2333
ZA-0120;-25.64415;28.230649999999997
ZA-9306;-29.1333;26.2
ZA-3989;-27.4333;32.0667
ZA-1209;-25.4667;30.9667
ZA-1928;-26.48333333333333;27.861099999999997
ZA-1430;-26.2167;28.1833
ZA-9431;-28.1167;26.9
ZA-1363;-24.65;31.3333
ZA-2763;-25.8667;25.65
ZA-7848;-33.9167;18.4167
ZA-0916;-23.0221;30.336
ZA-8622;-26.95;24.7333
ZA-4281;-30.85;30.3667
ZA-6311;-34.0333;24.7667
ZA-1079;-25.7833;29.4667
ZA-0442;-25.365;28.2189
ZA-5414;-31.7;27.2333
ZA-8271;-29.6;17.9
ZA-3241;-29.9333;29.8667
ZA-4400;-29.5833;31.1333
ZA-1548;-26.2333;28.3667
ZA-3105;-27.7667;30.8
ZA-1405;-26.2167;28.1833
ZA-3261;-29.4;30.85
ZA-8306;-28.7333;24.7667
ZA-9468;-27.9833;26.7333
ZA-7130;-34.075;18.808325
ZA-4457;-29.3333;31.3
ZA-0964;-22.95;30.4667
ZA-1052;-26.2333;28.8
ZA-1478;-26.2167;28.25
ZA-0790;-23.2833;29.1167
ZA-3305;-30.2667;30.2
ZA-5016;-32.1;28.3
ZA-8300;-28.7333;24.7667
ZA-2480;-27.35;30.1333
ZA-2022;-26.2;28.0833
ZA-0842;-23.3167;30.7167
ZA-1408;-26.2167;28.1833
ZA-0630;-24.1833;29.0167
ZA-2061;-26.2;28.0833
ZA-6020;-33.9417;25.566650000000003
ZA-1547;-26.2333;28.3667
ZA-1862;-26.4667;28.2333
ZA-0797;-23.6774;29.4869
ZA-8145;-31.7833;18.6167
ZA-0756;-23.6774;29.4869
ZA-0731;-23.9667;29.7
ZA-0491;-25.15;29.3833
ZA-3879;-28.75;31.9
ZA-7800;-34.019650000000006;18.471033333333335
ZA-4140;-30.05;30.8833
ZA-5404;-32.0333;27.8
ZA-7782;-33.9167;18.4167
ZA-5206;-33.0333;27.9167
ZA-1806;-26.25;27.9167
ZA-6850;-33.65;19.4333
ZA-0896;-24.1667;30.4
ZA-9459;-27.9833;26.7333
ZA-7752;-33.9833;18.5667
ZA-6920;-32.4;20.6667
ZA-5161;-31.5333;29.0167
ZA-7750;-33.98329999999999;18.575
ZA-1281;-25.15;31.0167
ZA-1042;-25.8667;29.2333
ZA-0560;-24.5167;28.7167
ZA-5095;-30.9167;28.9833
ZA-2023;-26.2;28.0833
ZA-4753;-30.6;27.3167
ZA-8345;-28.64165;25.0
ZA-1631;-26.1;28.25
ZA-0811;-23.5444;29.9389
ZA-4777;-30.6833;28.5167
ZA-4362;-29.85;31.0167
ZA-0404;-25.4075;28.2856
ZA-5114;-31.5833;28.7833
ZA-4737;-30.8;29.3667
ZA-1474;-26.2167;28.25
ZA-9505;-27.65;27.2333
ZA-4246;-30.75355;30.4476
ZA-4309;-26.116699999999998;28.05
ZA-5850;-32.7167;25.5833
ZA-3354;-28.7333;29.3667
ZA-3814;-28.8833;31.4667
ZA-2883;-25.5333;26.0833
ZA-4139;-30.05;30.8833
ZA-2944;-27.75;29.9333
ZA-7535;-33.9167;18.4167
ZA-6141;-33.3;26.5333
ZA-8115;-32.9;18.7667
ZA-3884;-28.75;31.9
ZA-8001;-33.9212;18.41825
ZA-5402;-32.0333;27.8
ZA-0061;-25.7069;28.2294
ZA-5183;-31.15;28.8667
ZA-1912;-26.7;27.8167
ZA-8806;-28.45;21.25
ZA-5380;-32.0167;27.5833
ZA-0580;-24.5472;28.45935
ZA-3760;-29.3333;30.0472
ZA-0460;-24.9667;29.3
ZA-0909;-23.05;29.9
ZA-3838;-28.3333;31.4167
ZA-5480;-31.0833;28.3667
ZA-2889;-25.5333;26.0833
ZA-2172;-26.05;27.9667
ZA-8537;-28.0167;24.85
ZA-0612;-24.1833;29.0167
ZA-0473;-25.15;29.3833
ZA-4790;-30.6833;28.5167
ZA-9982;-29.75;24.7833
ZA-6858;-33.65;19.4333
ZA-3299;-29.4667;30.2333
ZA-3276;-29.6167;30.3833
ZA-8760;-29.6167;24.0833
ZA-9890;-27.85;28.9667
ZA-2425;-26.95;29.25
ZA-5101;-31.5833;28.7833
ZA-0903;-22.7833;30.1389
ZA-3660;-29.7167;30.7333
ZA-0172;-25.8744;28.1706
ZA-3207;-29.6167;30.3833
ZA-2578;-26.8667;26.6667
ZA-2496;-26.3667;27.4
ZA-1823;-26.3167;27.8333
ZA-2008;-26.2;28.0833
ZA-1622;-26.1;28.25
ZA-2225;-25.8667;29.2333
ZA-1466;-26.2167;28.25
ZA-6940;-32.35;22.5833
ZA-2051;-26.2;28.0833
ZA-2780;-27.1833;25.3333
ZA-5882;-32.1833;25.6167
ZA-3233;-29.4333;30.5833
ZA-2515;-26.49165;27.48335
ZA-9783;-29.208333333333332;26.825
ZA-2003;-26.2;28.0833
ZA-0012;-25.7069;28.2294
ZA-3670;-29.8;30.65
ZA-3979;-27.6167;32.0333
ZA-0059;-25.7069;28.2294
ZA-2139;-26.2;28.0833
ZA-8626;-25.8167;23.5333
ZA-0042;-25.78595;28.3017
ZA-0379;-25.2667;27.2333
ZA-3815;-28.8833;31.4667
ZA-2873;-25.5333;26.0833
ZA-1748;-26.1;27.7667
ZA-6385;-33.9667;25.5833
ZA-8625;-25.8167;23.5333
ZA-0490;-25.15;29.3833
ZA-1200;-25.4667;30.9667
ZA-8051;-33.9167;18.4167
ZA-4684;-30.5833;29.8833
ZA-0199;-25.5072;28.1075
ZA-9334;-29.1333;26.2
ZA-5292;-33.0333;27.9167
ZA-1685;-25.9833;28.1167
ZA-1767;-26.1667;27.7
ZA-1737;-31.6667;28.0333
ZA-1304;-25.4667;30.9667
ZA-5181;-31.15;28.8667
ZA-5418;-31.7;27.2333
ZA-6743;-34.0333;20.4333
ZA-0775;-23.8833;30.4
ZA-2332;-26.5333;29.9833
ZA-9492;-27.75;26.6667
ZA-8597;-27.9762;24.8238
ZA-0408;-25.365;28.2189
ZA-7763;-33.9625;18.4917
ZA-0761;-23.9333;29.8167
ZA-3252;-29.0667;30.5833
ZA-2190;-26.225;28.066650000000003
ZA-1766;-26.2;27.7
ZA-1077;-25.8667;29.2333
ZA-2245;-26.2311;29.0356
ZA-0486;-24.75;27.558349999999997
ZA-9820;-27.55;28.5167
ZA-1366;-24.6167;31.2083
ZA-9670;-25.1167;28.5667
ZA-8468;-27.45;23.4333
ZA-0719;-23.3;29.0792
ZA-5608;-32.8667;27.4333
ZA-7623;-33.7333;18.9667
ZA-3103;-27.7667;30.8
ZA-0855;-23.8333;30.1667
ZA-2534;-26.7167;27.1
ZA-5019;-32.1;28.3
ZA-0068;-25.7167;28.1833
ZA-0998;-22.95;30.4667
ZA-0393;-25.2;27.2167
ZA-0334;-25.6667;27.25
ZA-1185;-26.0693;30.1149
ZA-6018;-33.9667;25.5833
ZA-0163;-25.7069;28.2294
ZA-0287;-25.6667;27.25
ZA-7735;-33.9167;18.4167
ZA-6166;-33.4833;26.8333
ZA-5130;-30.9667;29.3
ZA-4100;-30.05;30.8833
ZA-0166;-25.7069;28.2294
ZA-4181;-30.2833;30.75
ZA-1396;-23.95;31.1167
ZA-8604;-26.6;24.1833
ZA-1285;-24.8333;31.0667
ZA-4235;-30.7167;30.4667
ZA-2513;-26.3667;27.4
ZA-8750;-29.6167;24.0833
ZA-2509;-26.3667;27.4
ZA-2502;-26.3667;27.4
ZA-1048;-25.8667;29.2333
ZA-2784;-25.8667;25.65
ZA-1307;-25.7833;31.05
ZA-5054;-31.6833;28.0
ZA-0753;-23.6774;29.4869
ZA-4241;-30.75;30.45
ZA-1032;-25.8667;29.2333
ZA-9476;-27.8667;26.6833
ZA-6125;-33.4156;25.4436
ZA-1830;-26.3167;27.833299999999998
ZA-0772;-23.8833;30.4
ZA-1733;-26.1667;27.8667
ZA-0649;-24.1833;29.0167
ZA-0324;-24.9333;27.15
ZA-5013;-32.3333;28.15
ZA-1754;-26.11665;27.775
ZA-9797;-30.7333;25.1
ZA-0782;-23.6167;29.3583
ZA-1248;-25.4667;30.9667
ZA-7382;-32.958349999999996;17.96665
ZA-4057;-29.85;31.0167
ZA-1151;-25.6833;30.0333
ZA-0780;-23.6167;29.3583
ZA-2336;-26.5333;29.9833
ZA-2500;-26.3667;27.4
ZA-0285;-25.613;27.8843
ZA-2076;-26.141;28.06
ZA-0398;-25.2667;27.2333
ZA-5004;-32.1;28.3
ZA-2143;-26.2;28.0833
ZA-3340;-28.8;29.5333
ZA-0456;-24.9667;29.3
ZA-6150;-33.3;26.5333
ZA-0983;-23.3167;30.7167
ZA-0195;-25.2667;27.2333
ZA-7691;-33.9167;19.1167
ZA-0167;-25.7069;28.2294
ZA-0274;-25.6333;27.7833
ZA-0286;-25.613;27.8843
ZA-0610;-24.1833;29.0167
ZA-1700;-26.1667;27.9167
ZA-5930;-31.65;25.8
ZA-8426;-28.3167;23.0667
ZA-0356;-25.6667;27.25
ZA-7103;-33.9167;18.4167
ZA-4812;-31.0833;29.4833
ZA-8813;-28.45;21.25
ZA-5481;-31.0833;28.3667
ZA-4780;-30.6833;28.5167
ZA-4449;-29.3333;31.3
ZA-1270;-24.9333;30.8333
ZA-1871;-26.5667;28.0167
ZA-2019;-26.2;28.0833
ZA-6021;-33.7653;25.4022
ZA-2747;-26.6833;25.4667
ZA-9878;-28.5333;28.8
ZA-0320;-25.6667;27.25
ZA-1428;-26.3;28.133300000000002
ZA-0635;-24.1833;29.0167
ZA-0437;-24.7;28.4
ZA-6390;-33.9667;25.5833
ZA-4183;-30.2833;30.75
ZA-0447;-25.365;28.2189
ZA-3612;-29.8;30.8833
ZA-2032;-26.1;27.9833
ZA-1718;-26.1;27.7667
ZA-6539;-33.9667;22.45
ZA-1980;-26.583299999999998;27.833299999999998
ZA-5103;-31.5833;28.7833
ZA-0703;-23.7167;29.3167
ZA-0441;-25.365;28.2189
ZA-6070;-33.99166666666667;25.566666666666666
ZA-9309;-29.158299999999997;26.21665
ZA-4160;-30.05;30.8833
ZA-0710;-23.6;29.1667
ZA-8820;-28.45;21.25
ZA-0809;-23.6861;30.3367
ZA-1007;-25.6756;28.5222
ZA-3235;-29.6167;30.3833
ZA-6062;-33.9667;25.5833
ZA-1043;-25.8667;29.2333
ZA-2020;-26.2;28.0833
ZA-0153;-25.7701;28.2397
ZA-5115;-31.5833;28.7833
ZA-3293;-29.6167;30.3833
ZA-1824;-26.4167;27.8333
ZA-2056;-26.05;28.0333
ZA-5188;-31.15;28.8667
ZA-5614;-32.8833;27.4
ZA-0722;-23.8667;29.8056
ZA-1455;-26.2333;28.1333
ZA-6057;-33.9667;25.5833
ZA-6131;-33.45;25.9667
ZA-1614;-26.1333;28.1833
ZA-8292;-28.5833;16.4833
ZA-7404;-33.9167;18.4167
ZA-1543;-26.2333;28.3667
ZA-8594;-27.9762;24.8238
ZA-7537;-33.9;18.6333
ZA-1610;-26.1222;28.2056
ZA-8530;-28.1167;24.85
ZA-0101;-25.7069;28.2294
ZA-5003;-32.1;28.3
ZA-3382;-28.55;29.7833
ZA-6360;-33.9667;25.5833
ZA-6853;-33.65;19.4333
ZA-4455;-29.3333;31.3
ZA-3291;-29.4917;30.2333
ZA-8925;-30.95;22.1333
ZA-1735;-26.166700000000002;27.866699999999998
ZA-4693;-30.55;29.4167
ZA-6031;-33.9667;25.5833
ZA-8482;-26.95;24.7333
ZA-1787;-26.3167;27.65
ZA-9414;-28.4;26.7167
ZA-0953;-22.8167;30.5083
ZA-1062;-24.9667;29.3
ZA-3010;-28.7333;30.45
ZA-0799;-23.6774;29.4869
ZA-4772;-30.6833;28.5167
ZA-3203;-29.6167;30.3833
ZA-0039;-25.7069;28.2294
ZA-1832;-26.3;27.9
ZA-9311;-29.1333;26.2
ZA-8922;-30.95;22.1333
ZA-3251;-29.0667;30.5833
ZA-0839;-23.3167;30.7167
ZA-2848;-25.35;26.5333
ZA-0438;-25.365;28.2189
ZA-1121;-25.6833;30.0333
ZA-0533;-23.6667;27.7333
ZA-9966;-30.2167;26.5333
ZA-1692;-25.9833;28.1167
ZA-0312;-25.6667;27.25
ZA-7335;-32.9;18.7667
ZA-3204;-29.616699999999998;30.383300000000002
ZA-6932;-33.2167;22.0333
ZA-0854;-23.8333;30.1667
ZA-1501;-26.14165;28.35
ZA-9490;-27.75;26.6667
ZA-4405;-29.5833;31.1333
ZA-6060;-33.9667;25.5833
ZA-3304;-30.2667;29.9333
ZA-7605;-33.9333;18.85
ZA-0816;-23.5444;29.9389
ZA-1934;-26.6667;27.9333
ZA-4170;-30.2;30.8
ZA-7756;-33.9833;18.5667
ZA-8467;-27.2;22.9667
ZA-2355;-26.5333;29.9833
ZA-7405;-33.90833333333333;18.45
ZA-5107;-31.5833;28.7833
ZA-7340;-32.6;19.0167
ZA-3302;-29.4667;30.2333
ZA-3115;-27.7667;30.8
ZA-4004;-29.85;31.0167
ZA-6201;-33.93333333333334;25.59166666666667
ZA-6000;-33.9667;25.5833
ZA-0434;-25.4075;28.2856
ZA-1949;-26.825000000000003;27.833350000000003
ZA-2662;-27.65;25.6
ZA-5705;-32.7833;26.8333
ZA-1394;-23.95;31.1167
ZA-0406;-24.8833;28.2833
ZA-1730;-26.1667;27.8667
ZA-0927;-23.05;29.9
ZA-1352;-25.7333;31.8167
ZA-3242;-29.4;30.85
ZA-7690;-33.9166;19.1166
ZA-4260;-30.7833;30.1333
ZA-1217;-25.4333;31.2
ZA-7681;-33.7333;18.9667
ZA-3325;-29.0;29.8833
ZA-5824;-32.75;25.8167
ZA-4685;-30.55;29.4167
ZA-7700;-33.611599999999996;18.856883333333332
ZA-0439;-25.365;28.2189
ZA-2188;-26.192050000000002;28.079250000000002
ZA-6600;-34.0455;23.3727
ZA-9330;-29.1333;26.2
ZA-4491;-29.2675;30.7982
ZA-0037;-25.7451;28.1647
ZA-2000;-26.2;28.0833
ZA-2895;-25.5333;26.0833
ZA-6544;-33.9667;22.45
ZA-8599;-27.9762;24.8238
ZA-3290;-29.5167;30.2333
ZA-7252;-34.15;19.9
ZA-1568;-26.25;28.4
ZA-8420;-28.3167;23.0667
ZA-2302;-26.55;29.1666
ZA-1421;-26.3333;28.15
ZA-1779;-26.2833;27.7167
ZA-6008;-33.9667;25.5833
ZA-8815;-28.45;21.25
ZA-0162;-25.7069;28.2294
ZA-3915;-28.6;32.0833
ZA-1356;-24.9833;31.6
ZA-2712;-26.3167;26.8167
ZA-2159;-26.2;28.0833
ZA-2783;-25.8667;25.65
ZA-9501;-27.65;27.2333
ZA-5185;-31.15;28.8667
ZA-0561;-24.5167;28.7167
ZA-1734;-26.1667;27.8667
ZA-4982;-32.5167;28.3167
ZA-3880;-28.75;31.8999
ZA-1255;-24.8333;31.0667
ZA-7505;-33.9;18.6
ZA-0907;-22.95;30.4667
ZA-1739;-26.100000000000005;27.7667
ZA-3224;-29.4667;30.2333
ZA-3265;-29.4667;30.2333
ZA-0889;-23.8833;30.4
ZA-3858;-28.6167;31.0833
ZA-3701;-29.8;30.65
ZA-4059;-29.85;31.0167
ZA-8550;-27.9167;24.85
ZA-0619;-24.1833;29.0167
ZA-5900;-27.8111;27.85555
ZA-1933;-26.38335;27.85
ZA-9326;-29.1333;26.2
ZA-1439;-26.5;28.35
ZA-5113;-31.5833;28.7833
ZA-0802;-23.6861;30.3367
ZA-8480;-26.95;24.7333
ZA-9488;-27.9833;26.7333
ZA-0833;-23.3167;30.7167
ZA-1301;-25.6833;30.0333
ZA-3985;-27.4333;32.0667
ZA-2356;-26.5333;29.9833
ZA-0466;-24.9667;29.3
ZA-2777;-25.85;25.6333
ZA-5214;-33.0333;27.9167
ZA-2154;-26.2;28.0833
ZA-0348;-25.8667;26.9
ZA-0868;-23.8333;30.1667
ZA-7000;-30.65;24.0167
ZA-1053;-26.2333;28.8
ZA-3604;-29.8167;30.850000000000005
ZA-5703;-32.7833;26.8333
ZA-4454;-29.3333;31.3
ZA-1904;-26.6667;27.9333
ZA-0621;-24.1833;29.0167
ZA-3710;-29.8;30.65
ZA-4302;-26.0667;29.2
ZA-7707;-33.3533;19.19
ZA-4068;-29.774999999999995;31.025000000000002
ZA-7779;-33.9167;18.4167
ZA-1772;-26.3167;27.65
ZA-1837;-26.2667;27.9
ZA-8460;-27.45;23.4333
ZA-8450;-27.9333;22.7333
ZA-5328;-31.9;26.8833
ZA-2753;-25.8667;25.65
ZA-5607;-32.8833;27.4
ZA-0051;-25.85385;28.193649999999998
ZA-7489;-33.9167;18.4167
ZA-8251;-29.6667;17.8833
ZA-7442;-33.8667;18.4833
ZA-4063;-29.85;31.0167
ZA-3102;-27.7667;30.8
ZA-9503;-27.65;27.2333
ZA-8818;-28.45;21.25
ZA-7625;-33.7333;18.9667
ZA-6462;-33.65;23.1333
ZA-6602;-34.05;23.3666
ZA-3836;-27.9;31.65
ZA-1240;-25.3167;31.0167
ZA-0924;-23.05;29.9
ZA-2109;-26.2;28.0833
ZA-4788;-30.25;28.5333
ZA-2884;-25.5333;26.0833
ZA-2333;-26.5333;29.9833
ZA-1457;-26.2333;28.1333
ZA-3960;-28.0333;32.2833
ZA-5058;-31.6833;28.0
ZA-1511;-26.1833;28.3167
ZA-8623;-26.6;24.1833
ZA-7135;-34.0833;18.85
ZA-9703;-28.2333;28.3
ZA-1037;-25.8667;29.2333
ZA-3282;-30.5667;26.9
ZA-0800;-23.6861;30.3367
ZA-6901;-33.2;20.85
ZA-0058;-25.7069;28.2294
ZA-1252;-24.9333;31.0917
ZA-2725;-26.3333;26.3167
ZA-9866;-28.5333;28.8167
ZA-2339;-26.5333;29.9833
ZA-2144;-26.2;28.0833
ZA-1575;-26.275;28.4
ZA-1040;-25.8667;29.2333
ZA-4963;-32.3333;28.15
ZA-7134;-34.0833;18.85
ZA-9755;-30.7;27.2333
ZA-1445;-26.3333;28.15
ZA-5671;-32.8667;27.4333
ZA-2092;-26.2;28.0833
ZA-4456;-29.3333;31.3
ZA-6856;-33.65;19.4333
ZA-5730;-32.7833;26.6333
ZA-4072;-29.9;30.9667
ZA-4017;-29.85;31.0167
ZA-8252;-30.2;17.9333
ZA-6857;-33.65;19.4333
ZA-6810;-33.0167;18.9833
ZA-1865;-26.23335;27.8917
ZA-5056;-31.6833;28.0
ZA-2017;-26.2;28.0833
ZA-1035;-25.8667;29.2333
ZA-2052;-26.05;28.0333
ZA-5120;-31.5833;28.7833
ZA-7978;-33.9833;18.4208
ZA-3101;-28.2533;29.9933
ZA-1452;-26.2333;28.1333
ZA-0309;-24.9333;27.15
ZA-4018;-29.85;31.0167
ZA-7655;-33.6833;18.983333333333334
ZA-5805;-33.3;26.5333
ZA-7802;-34.05;18.6167
ZA-3201;-29.63335;30.3333
ZA-7443;-33.9166;18.4166
ZA-1908;-26.7;27.8167
ZA-8582;-26.6;24.1833
ZA-8587;-26.6;24.1833
ZA-0310;-25.6667;27.25
ZA-1038;-25.8667;29.2333
ZA-3303;-29.4667;30.2333
ZA-6013;-33.9666;25.5833
ZA-0537;-24.1667;28.1
ZA-7490;-33.922219999999996;18.522219999999997
ZA-6303;-34.0333;24.7667
ZA-8190;-31.4667;19.7833
ZA-5086;-30.9167;28.9833
ZA-4157;-26.0667;29.2
ZA-9487;-28.0778;26.3778
ZA-3246;-29.4667;30.2333
ZA-0632;-24.1833;29.0167
ZA-9473;-27.9833;26.7333
ZA-2040;-26.2;28.0833
ZA-1414;-26.2167;28.1833
ZA-0871;-23.8333;30.1667
ZA-0210;-25.6333;27.7833
ZA-6604;-34.05;23.3666
ZA-0996;-22.95;30.4667
ZA-7420;-33.9167;18.4167
ZA-2531;-26.7167;27.1
ZA-4207;-30.3167;30.6667
ZA-8807;-28.45;21.25
ZA-6505;-34.1833;22.1333
ZA-6142;-33.3;26.5333
ZA-0712;-23.3;29.0792
ZA-2121;-26.2;28.0833
ZA-2161;-26.2;28.0833
ZA-7582;-33.9333;18.6667
ZA-6187;-24.9167;31.15
ZA-8700;-28.7333;24.7667
ZA-5116;-31.5833;28.7833
ZA-0740;-23.95;29.1333
ZA-7966;-33.9167;18.4167
ZA-1540;-26.2333;28.3667
ZA-0508;-25.365;28.2189
ZA-0923;-23.05;29.9
ZA-5420;-31.3667;27.05
ZA-5218;-33.0333;27.9167
ZA-3372;-28.2833;29.1333
ZA-3171;-27.3833;31.6167
ZA-0135;-25.7069;28.2294
ZA-8294;-28.5833;16.4833
ZA-1944;-26.6667;27.9333
ZA-7312;-33.15;18.6667
ZA-1216;-25.4333;31.2
ZA-4270;-31.4;26.5833
ZA-2388;-27.0;30.8
ZA-6270;-32.4833;24.0667
ZA-6535;-33.9667;22.45
ZA-1558;-26.25;28.4
ZA-6605;-34.05;23.3667
ZA-0269;-25.6333;27.7833
ZA-2876;-25.5333;26.0833
ZA-9307;-29.1333;26.2
ZA-5097;-30.9167;28.9833
ZA-2503;-26.3667;27.4
ZA-0066;-25.6622;28.1653
ZA-4023;-29.85;31.0167
ZA-7250;-34.15;19.9
ZA-0913;-23.0221;30.336
ZA-0647;-24.1833;29.0167
ZA-7538;-33.9;18.6333
ZA-1630;-26.1;28.25
ZA-9873;-28.5333;28.8
ZA-0070;-25.75;28.1667
ZA-0706;-23.7167;29.3167
ZA-2507;-26.3667;27.4
ZA-2054;-26.2;28.0833
ZA-6172;-33.6;26.9
ZA-7304;-33.5667;18.4833
ZA-0440;-25.365;28.2189
ZA-1513;-26.1167;28.4
ZA-9944;-29.7333;27.0333
ZA-2885;-25.5333;26.0833
ZA-4742;-30.25;28.5333
ZA-2843;-25.35;26.5333
ZA-1635;-26.03755;28.23605
ZA-0865;-23.8333;30.1667
ZA-8012;-33.9167;18.4167
ZA-4364;-29.8167;31.0056
ZA-1303;-25.7833;31.05
ZA-3210;-29.6167;30.3833
ZA-0760;-23.9333;29.8167
ZA-6632;-33.5833;22.2
ZA-9467;-27.9833;26.7333
ZA-1246;-25.2125;31.0542
ZA-1612;-26.1333;28.1833
ZA-6836;-33.3667;19.3167
ZA-1689;-25.9911;28.1718
ZA-4031;-29.9667;30.8833
ZA-5322;-31.9;26.8833
ZA-1393;-23.95;31.1167
ZA-0394;-25.2667;27.2333
ZA-3616;-29.8167;30.85
ZA-7614;-33.9333;18.85
ZA-1351;-24.9833;31.6
ZA-9922;-30.7333;25.1
ZA-2128;-26.099999999999998;28.055533333333333
ZA-0883;-23.8833;30.4
ZA-9786;-30.9667;27.6
ZA-4078;-29.85;31.0167
ZA-0613;-24.1833;29.0167
ZA-2276;-26.2667;29.2333
ZA-9595;-27.0167;27.3833
ZA-0894;-24.0722;30.4
ZA-6863;-24.3;30.5167
ZA-6656;-33.4833;21.2667
ZA-4019;-29.8;31.0333
ZA-9756;-30.6167;27.1667
ZA-0972;-22.95;30.4667
ZA-2952;-27.7833;30.15
ZA-0449;-25.16585;28.75945
ZA-0318;-24.9333;27.15
ZA-5630;-32.1667;26.8167
ZA-2748;-26.6833;25.4667
ZA-8242;-29.6667;17.8833
ZA-0849;-23.2833;29.1167
ZA-6242;-33.7839;25.39735
ZA-0023;-25.7069;28.2294
ZA-5310;-32.3;27.1333
ZA-9650;-27.2833;27.9667
ZA-1808;-26.258333333333336;27.90833333333333
ZA-0342;-25.6667;27.25
ZA-5012;-32.1;28.3
ZA-4800;-30.85;29.85
ZA-0003;-25.7069;28.2294
ZA-5011;-32.1;28.3
ZA-1628;-26.1;28.25
ZA-6811;-33.0167;18.9833
ZA-2957;-25.8167;31.7833
ZA-1360;-24.5833;31.0833
ZA-0748;-23.95;29.1333
ZA-7755;-33.9167;18.4167
ZA-1637;-26.0167;28.2333
ZA-5104;-31.5833;28.7833
ZA-1343;-25.4333;31.9333
ZA-8930;-29.4917;22.79165
ZA-1913;-26.6833;27.8833
ZA-0420;-24.8833;28.2833
ZA-6027;-33.9667;25.5833
ZA-4824;-31.35;29.5833
ZA-1609;-26.1083;28.174999999999997
ZA-7751;-33.9167;18.4167
ZA-7979;-33.9833;18.4208
ZA-9870;-28.5333;28.8
ZA-8201;-31.0333;18.2667
ZA-7507;-33.9167;18.4167
ZA-6400;-30.7833;25.85
ZA-7787;-34.05;18.6167
ZA-9908;-29.7333;25.9333
ZA-1527;-26.1833;28.3167
ZA-1484;-26.3;28.1333
ZA-3625;-29.8167;30.85
ZA-1743;-26.1;27.7667
ZA-4310;-29.76665;30.975
ZA-0858;-23.3167;30.7167
ZA-0819;-23.5444;29.9389
ZA-0049;-25.7069;28.2294
ZA-9360;-29.1333;26.2
ZA-1712;-26.1667;27.9167
ZA-7232;-34.2167;19.4167
ZA-2950;-27.75;29.9333
ZA-1207;-25.4667;30.9667
ZA-2270;-26.45;29.1167
ZA-2031;-26.2;28.083299999999998
ZA-1666;-25.9639;28.2394
ZA-0198;-25.5072;28.1075
ZA-3614;-29.8133;30.8467
ZA-2266;-26.45;29.1167
ZA-7320;-32.9;18.7667
ZA-2162;-26.2;28.0833
ZA-5122;-31.5833;28.7833
ZA-1876;-26.4167;27.9667
ZA-2751;-25.8667;25.65
ZA-2576;-26.8667;26.6667
ZA-7572;-28.4278;26.8278
ZA-0774;-23.8833;30.4
ZA-0867;-23.8333;30.1667
ZA-5609;-32.8833;27.4
ZA-0984;-23.3167;30.7167
ZA-1417;-26.2167;28.1833
ZA-5050;-31.6833;28.0
ZA-5701;-32.7833;26.8333
ZA-0744;-23.95;29.1333
ZA-7975;-34.005585714285715;18.422214285714286
ZA-2078;-26.2;28.0833
ZA-5170;-31.3167;28.75
ZA-3371;-28.55;29.7833
ZA-8534;-27.9167;24.85
ZA-9883;-28.2833;29.1333
ZA-1419;-26.2167;28.1833
ZA-5105;-31.5833;28.7833
ZA-9317;-29.1333;26.2
ZA-1056;-26.2333;28.8
ZA-4064;-29.85;31.0167
ZA-3859;-28.6167;31.0833
ZA-4825;-31.35;29.5833
ZA-1334;-25.4667;30.9667
ZA-1026;-25.8083;28.7406
ZA-1515;-26.1833;28.3167
ZA-3850;-28.5833;31.3833
ZA-0768;-23.9333;29.8167
ZA-4689;-30.5833;29.8833
ZA-0745;-23.95;29.1333
ZA-9754;-30.7;26.7
ZA-0766;-23.9333;29.8167
ZA-7925;-33.9167;18.42223333333333
ZA-0128;-25.7069;28.2294
ZA-4001;-29.8561;31.0352
ZA-7100;-33.9778;18.616683333333338
ZA-9301;-29.123;26.1662
ZA-2620;-26.9833;26.6667
ZA-6960;-31.9167;21.5167
ZA-1204;-25.4667;30.9667
ZA-1884;-26.5333;27.9333
ZA-1223;-25.4667;30.9667
ZA-4822;-31.35;29.5833
ZA-4074;-29.85;31.0167
ZA-6016;-33.9667;25.5833
ZA-0805;-23.6861;30.3367
ZA-5760;-32.7;26.3
ZA-2524;-26.7167;27.1
ZA-4810;-31.0833;29.4833
ZA-9746;-29.2;27.45
ZA-8943;-28.8833;21.9833
ZA-1353;-24.9833;31.6
ZA-5643;-33.2;27.1167
ZA-5700;-32.7833;26.8333
ZA-1825;-26.4167;27.8333
ZA-0311;-25.6667;27.25
ZA-2106;-26.2;28.0833
ZA-8809;-28.45;21.25
ZA-5331;-32.0167;27.5833
ZA-3226;-29.466700000000003;30.041649999999997
ZA-1345;-25.4333;31.9333
ZA-5217;-33.0333;27.9167
ZA-1571;-26.25;28.4
ZA-1423;-26.2167;28.1833
ZA-2048;-26.2;28.0833
ZA-3856;-28.43335;31.2583
ZA-3857;-28.5833;31.3833
ZA-6676;-34.3667;21.4
ZA-2508;-26.3667;27.4
ZA-4014;-29.85;31.0167
ZA-1057;-24.9;29.7667
ZA-0103;-25.7069;28.2294
ZA-0742;-23.95;29.1333
ZA-0152;-25.7069;28.2294
ZA-9478;-27.9542;26.7208
ZA-5405;-32.0333;27.8
ZA-3610;-29.8139;30.8388875
ZA-0029;-25.7069;28.2294
ZA-5880;-32.1833;25.6167
ZA-7352;-33.3367;18.3467
ZA-9602;-28.0333;27.85
ZA-1496;-26.377799999999997;28.433366666666668
ZA-0332;-25.6667;27.25
ZA-1024;-25.8083;28.7406
ZA-0268;-25.6333;27.7833
ZA-5018;-32.1;28.3
ZA-7070;-31.4;23.1167
ZA-3249;-29.0667;30.5833
ZA-2164;-26.2;28.0833
ZA-6603;-34.05;23.3667
ZA-6185;-24.9167;31.15
ZA-0429;-25.4075;28.2856
ZA-6004;-33.8667;25.5667
ZA-2060;-26.2;28.0833
ZA-0884;-23.8833;30.4
ZA-3081;-28.1667;30.2333
ZA-0273;-25.6333;27.7833
ZA-2198;-26.1295;28.0503
ZA-8151;-31.6667;18.5
ZA-3183;-27.7667;30.8
ZA-2309;-26.45;29.4667
ZA-7702;-33.3533;19.19
ZA-2742;-26.15;26.1667
ZA-6460;-33.65;23.1333
ZA-7500;-33.90835;18.50835
ZA-9951;-30.3;27.0833
ZA-4681;-30.5833;29.8833
ZA-0314;-25.6667;27.25
ZA-2370;-26.5333;29.9833
ZA-9310;-29.1333;26.2
ZA-3613;-29.8167;30.85
ZA-8605;-27.1444;24.7556
ZA-6265;-32.9333;24.6667
ZA-0985;-23.3167;30.7167
ZA-0189;-25.6333;27.7833
ZA-4054;-33.55;18.5833
ZA-4682;-30.7333;30.0333
ZA-2110;-26.2;28.0833
ZA-4401;-29.5833;31.1333
ZA-5219;-33.0333;27.9167
ZA-7144;-34.1167;18.8333
ZA-6145;-33.3;26.5333
ZA-2149;-26.2;28.0833
ZA-0786;-23.3833;29.3333
ZA-1801;-26.225;27.9
ZA-7740;-33.9833;18.4667
ZA-2035;-26.2;28.0833
ZA-5253;-33.0333;27.9167
ZA-0197;-25.5072;28.1075
ZA-2865;-25.5333;26.0833
ZA-0204;-25.6189;28.0228
ZA-1020;-25.8083;28.7406
ZA-0875;-23.8333;30.1667
ZA-3262;-29.0667;30.5833
ZA-7354;-33.5667;18.4833
ZA-5645;-33.2;27.1167
ZA-4142;-29.8472;23.33885
ZA-3380;-28.55;29.7833
ZA-1821;-26.30835;27.86665
ZA-4126;-30.07334;30.876659999999998
ZA-5341;-31.7;27.2333
ZA-0190;-25.56305;28.065150000000003
ZA-0877;-23.9;30.0667
ZA-0301;-25.6667;27.25
ZA-2954;-27.75;29.9333
ZA-0501;-25.365;28.2189
ZA-5221;-32.95;27.7667
ZA-2522;-26.7167;27.1
ZA-7561;-33.9167;18.4167
ZA-8202;-31.0333;18.2667
ZA-7571;-30.0667;25.6667
ZA-1212;-25.4667;30.9667
ZA-2575;-26.8667;26.6667
ZA-0400;-25.4075;28.2856
ZA-4243;-30.75;30.45
ZA-4156;-27.88335;30.11665
ZA-4085;-29.85;31.0167
ZA-0350;-25.6667;27.25
ZA-2120;-26.2;28.0833
ZA-0270;-25.6333;27.7833
ZA-1815;-26.2917;27.9
ZA-0987;-23.3167;30.7167
ZA-1947;-26.8167;27.8167
ZA-3100;-27.7667;30.8
ZA-0220;-25.6333;27.7833
ZA-8860;-28.7;20.9667
ZA-2041;-26.1928;28.0711
ZA-3024;-28.1909;30.2879
ZA-0806;-23.6861;30.3367
ZA-6121;-33.4156;25.4436
ZA-0202;-25.6667;27.25
ZA-5680;-32.6833;27.15
ZA-1462;-26.1786;28.2459
ZA-7506;-33.9;18.6
ZA-8185;-30.9667;19.45
ZA-0427;-25.4075;28.2856
ZA-6667;-33.5333;21.6833
ZA-7160;-34.15;19.0167
ZA-7348;-33.5667;18.4833
ZA-1382;-24.35;30.9667
ZA-7533;-33.9;18.6333
ZA-3770;-29.3333;30.0472
ZA-7915;-33.9167;18.4167
ZA-0758;-23.6774;29.4869
ZA-3330;-29.0;29.8833
ZA-1054;-26.2333;28.8
ZA-1283;-24.8333;31.0667
ZA-7347;-33.0833;18.75
ZA-2888;-25.5333;26.0833
ZA-2774;-26.4167;25.2
ZA-8146;-31.6667;18.5
ZA-0993;-22.95;30.4667
ZA-7141;-34.35;19.0333
ZA-7485;-26.45;24.1833
ZA-9702;-28.2333;28.3
ZA-4051;-29.8;31.0333
ZA-3938;-27.9;31.65
ZA-6120;-33.4156;25.4436
ZA-0850;-23.8333;30.1667
ZA-2007;-26.183349999999997;28.11665
ZA-6171;-33.6;26.9
ZA-5410;-31.7;27.2333
ZA-4091;-29.850000000000005;31.0
ZA-1206;-25.4667;30.9667
ZA-5417;-31.7;27.2333
ZA-0707;-23.7167;29.3167
ZA-1377;-25.7333;31.8167
ZA-9315;-29.1333;26.2
ZA-2101;-26.2;28.0833
ZA-4075;-29.85;31.0167
ZA-0606;-24.1833;29.0167
ZA-5883;-32.1833;25.6167
ZA-2152;-26.2;28.0833
ZA-9885;-28.2833;29.1333
ZA-0974;-22.95;30.4667
ZA-4350;-29.7167;31.0667
ZA-0637;-24.1833;29.0167
ZA-0834;-23.3167;30.7167
ZA-0353;-25.6667;27.25
ZA-3974;-27.6167;32.0333
ZA-7465;-33.9333;18.5833
ZA-4934;-32.5667;27.4167
ZA-1753;-26.1333;27.7833
ZA-2351;-26.5333;29.9833
ZA-0764;-23.9333;29.8167
ZA-0995;-22.95;30.4667
ZA-4706;-30.55;29.4167
ZA-0482;-24.8833;28.2833
ZA-6851;-33.65;19.4333
ZA-4321;-29.7167;31.0667
ZA-2330;-26.41665;29.9833
ZA-0531;-23.6667;27.7333
ZA-2028;-26.2;28.0833
ZA-0121;-25.7069;28.2294
ZA-4961;-32.3333;28.15
ZA-5702;-32.7833;26.8333
ZA-1215;-25.4333;31.2
ZA-1447;-26.2333;28.1333
ZA-7407;-33.9167;18.4167
ZA-0763;-23.9333;29.8167
ZA-1936;-26.6167;27.9333
ZA-1332;-25.4667;31.9
ZA-7656;-33.6333;19.0
ZA-3227;-29.6;29.8667
ZA-5364;-32.1667;26.8167
ZA-3980;-27.6167;32.0333
ZA-1205;-25.4667;30.9667
ZA-9784;-29.2167;26.8333
ZA-7794;-34.05;18.6667
ZA-1068;-25.7833;29.4667
ZA-0955;-22.916649999999997;30.316699999999997
ZA-9327;-29.1333;26.2
ZA-6651;-33.5833;22.2
ZA-9850;-23.7167;29.1333
ZA-7285;-34.5333;20.0333
ZA-8731;-28.7333;24.7667
ZA-2137;-26.2;28.0833
ZA-0914;-23.0221;30.336
ZA-7430;-33.9167;18.4167
ZA-8207;-31.6667;18.5
ZA-0827;-23.3167;30.7167
ZA-1111;-25.7833;29.4667
ZA-0045;-25.7069;28.2294
ZA-4034;-29.85;31.0167
ZA-8615;-26.95;24.7333
ZA-9781;-29.2333;26.7333
ZA-4813;-31.0833;29.4833
ZA-4980;-32.5167;28.3167
ZA-5015;-32.1;28.3
ZA-1752;-26.1;27.7667
ZA-0891;-24.1667;30.4
ZA-7501;-33.9;18.6
ZA-6140;-33.3;26.5333
ZA-4005;-29.85;31.0167
ZA-3267;-29.4667;30.2333
ZA-7381;-32.9;17.9833
ZA-0173;-25.771;28.2449
ZA-9917;-30.2667;25.7
ZA-0179;-25.7069;28.2294
ZA-3887;-28.8833;31.9
ZA-2755;-26.15;26.1667
ZA-3699;-29.8;30.65
ZA-5079;-31.8167;28.75
ZA-0142;-25.7069;28.2294
ZA-1868;-25.4333;28.2889
ZA-2958;-27.75;29.9333
ZA-8585;-27.9762;24.8238
ZA-1541;-26.2333;28.3667
ZA-5132;-30.9667;29.3
ZA-3640;-29.7833;30.8333
ZA-0843;-23.3167;30.7167
ZA-3377;-28.55;29.7833
ZA-5881;-32.1833;25.6167
ZA-5821;-32.75;25.8167
ZA-5070;-31.9667;28.6833
ZA-2852;-25.35;26.5333
ZA-0536;-23.6667;27.7333
ZA-0170;-25.7317;28.3347
ZA-6238;-33.7653;25.4022
ZA-1436;-26.3583;28.2667
ZA-3307;-30.2667;29.9333
ZA-8655;-26.4167;25.2
ZA-3170;-27.3833;31.6167
ZA-7446;-33.8667;18.4833
ZA-5720;-32.7833;26.6333
ZA-2011;-26.2;28.0833
ZA-8616;-26.95;24.7333
ZA-5002;-32.1;28.3
ZA-6845;-33.65;19.4333
ZA-1526;-26.1833;28.3167
ZA-0717;-23.3;29.0792
ZA-8340;-28.55;25.2333
ZA-3200;-29.6167;30.3833
ZA-7985;-33.823;19.2508
ZA-1590;-26.4167;28.4667
ZA-0747;-23.95;29.1333
ZA-2767;-25.8667;25.65
ZA-1576;-26.3;28.4
ZA-7769;-33.9625;18.4917
ZA-1929;-26.6667;27.9333
ZA-8765;-29.95;23.6833
ZA-0513;-24.7;28.4
ZA-1152;-25.6833;30.0333
ZA-1098;-26.15;29.7167
ZA-0040;-25.7711;28.3078
ZA-5319;-31.9;26.8833
ZA-2005;-26.2;28.0833
ZA-6950;-32.35;22.5833
ZA-1914;-26.64025;27.830550000000002
ZA-3107;-30.2;26.7667
ZA-4171;-30.2;30.8
ZA-1384;-24.35;30.9667
ZA-3020;-28.55;30.4167
ZA-0017;-25.670099999999998;28.24805
ZA-1872;-26.5667;28.0167
ZA-0355;-25.6667;27.25
ZA-0876;-23.8333;30.1667
ZA-4964;-32.3333;28.15
ZA-0615;-24.1833;29.0167
ZA-9875;-28.5333;28.8
ZA-4215;-30.4167;30.6833
ZA-4227;-30.6167;30.55
ZA-1509;-26.1833;28.3167
ZA-1369;-24.6167;31.2083
ZA-2868;-25.45;25.8667
ZA-5150;-31.6667;29.0333
ZA-0084;-25.7069;28.2294
ZA-0981;-23.2119;30.6452
ZA-8593;-27.9762;24.8238
ZA-4080;-29.85;31.0167
ZA-0826;-23.3167;30.7167
ZA-1565;-26.25;28.4
ZA-8701;-29.05;24.6
ZA-9364;-29.1333;26.225
ZA-8284;-29.25;16.8667
ZA-5006;-32.1;28.3
ZA-1153;-24.9333;31.3667
ZA-0832;-23.3167;30.7167
ZA-0145;-25.7069;28.2294
ZA-5601;-32.8833;27.4
ZA-9787;-30.9667;27.6
ZA-4740;-30.91665;28.6583
ZA-0997;-22.95;30.4667
ZA-2191;-26.100000000000005;28.055566666666667
ZA-1034;-25.8667;29.2333
ZA-8330;-28.356450000000002;24.938000000000002
ZA-8320;-28.7333;24.7667
ZA-0705;-23.7167;29.3167
ZA-1097;-25.8667;29.2333
ZA-0493;-25.1167;29.05
ZA-0019;-25.7069;28.2294
ZA-0980;-22.95;30.4667
ZA-1507;-26.1833;28.3167
ZA-2752;-25.8667;25.65
ZA-9484;-28.1167;26.9
ZA-1446;-26.2167;28.25
ZA-1784;-26.3167;27.65
ZA-8020;-33.9167;18.4167
ZA-0005;-25.7069;28.2294
ZA-6625;-33.5833;22.2
ZA-1504;-26.1833;28.3167
ZA-1645;-26.1333;28.1833
ZA-1154;-24.3667;30.3
ZA-9992;-30.5333;21.2833
ZA-9936;-29.1167;25.4167
ZA-0337;-25.6667;27.25
ZA-0564;-24.5167;28.7167
ZA-0897;-24.0722;30.4
ZA-9707;-28.5167;28.4167
ZA-7350;-33.5667;18.4833
ZA-0925;-23.05;29.9
ZA-6280;-32.25;24.55
ZA-2760;-26.5333;25.8
ZA-1203;-25.4667;30.9667
ZA-2073;-26.2;28.0833
ZA-0860;-23.8333;30.1667
ZA-8149;-31.55;18.35
ZA-8874;-28.75;20.6333
ZA-9869;-28.5333;28.8
ZA-6330;-33.9028;24.8675
ZA-3621;-29.8167;30.85
ZA-0970;-22.95;30.4667
ZA-6628;-33.5833;22.2
ZA-0776;-23.8833;30.4
ZA-8601;-26.95;24.7333
ZA-1995;-26.9833;28.2
ZA-3292;-29.6167;30.3833
ZA-0912;-23.0221;30.336
ZA-4950;-32.5833;27.9
ZA-2231;-26.2667;29.2333
ZA-7455;-33.9333;18.5167
ZA-1508;-26.1833;28.3167
ZA-0939;-23.05;29.9
ZA-0743;-23.95;29.1333
ZA-0479;-24.9667;29.3
ZA-2093;-26.2;28.0833
ZA-7480;-33.9333;18.5833
ZA-4013;-29.85;31.0167
ZA-2059;-26.2;28.0833
ZA-0185;-25.7593;28.18985
ZA-0639;-24.1833;29.0167
ZA-0277;-25.6333;27.7833
ZA-4088;-29.95;30.95
ZA-7357;-33.1;18.0333
ZA-9358;-29.1333;26.2
ZA-3247;-29.4667;30.2333
ZA-1030;-25.13335;29.21665
ZA-5118;-31.9667;28.6833
ZA-6109;-33.5667;25.6833
ZA-0387;-24.6;27.4
ZA-4249;-30.75;30.45
ZA-2521;-26.7167;27.1
ZA-6447;-33.2833;23.4833
ZA-2068;-26.2;28.0833
ZA-8193;-31.4667;19.7833
ZA-4082;-29.85;30.9833
ZA-0171;-25.8744;28.1706
ZA-4935;-32.5667;27.4167
ZA-1756;-26.1;27.7667
ZA-9313;-29.1333;26.2
ZA-8100;-32.9;18.7667
ZA-2113;-26.2;28.0833
ZA-5612;-33.2;27.1167
ZA-4990;-32.2333;28.0667
ZA-0451;-24.9667;29.3
ZA-6674;-34.3667;21.40835
ZA-6852;-33.65;19.4333
ZA-6146;-33.3;26.5333
ZA-0905;-23.05;29.9
ZA-2065;-26.2;28.0833
ZA-2117;-26.2;28.0833
ZA-4811;-31.0833;29.4833
ZA-1055;-26.2333;28.8
ZA-7210;-34.4167;19.2333
ZA-1818;-26.2917;27.9
ZA-7283;-34.5333;20.0333
ZA-0793;-23.6774;29.4869
ZA-2836;-25.35;26.5333
ZA-0184;-25.7069;28.2294
ZA-0341;-25.6667;27.25
ZA-0746;-23.95;29.1333
ZA-1764;-26.1667;27.7
ZA-2169;-26.2;28.083299999999998
ZA-0975;-22.95;30.4667
ZA-5455;-31.5167;27.7
ZA-6624;-33.5833;22.2
ZA-2857;-25.8667;25.65
ZA-2233;-26.05;29.0667
ZA-1544;-26.2333;28.3667
ZA-7784;-33.9167;18.4167
ZA-3250;-29.0667;30.5833
ZA-1918;-26.5667;28.0167
ZA-1640;-25.9989;28.2269
ZA-1816;-26.2917;27.9
ZA-1074;-25.8667;29.2333
ZA-4399;-29.462260000000004;30.07754
ZA-6105;-33.5667;25.6833
ZA-6026;-33.9667;25.5833
ZA-1481;-26.2333;28.1333
ZA-2380;-27.0;30.8
ZA-0208;-25.5883;28.0078
ZA-5005;-32.1;28.3
ZA-9748;-29.2;27.45
ZA-1866;-25.4333;28.2889
ZA-0014;-25.7069;28.2294
ZA-2385;-27.0;30.8
ZA-8466;-27.45;23.4333
ZA-5284;-33.0333;27.9167
ZA-5272;-33.0333;27.9167
ZA-6202;-33.9;25.6
ZA-7745;-33.9167;18.4167
ZA-7351;-33.3833;18.3833
ZA-4098;-29.8;31.0333
ZA-2858;-25.8667;25.65
ZA-0539;-24.7;28.4
ZA-0428;-25.365;28.2189
ZA-0035;-25.7069;28.2294
ZA-3234;-29.4333;30.5833
ZA-1708;-26.1667;27.9167
ZA-0602;-24.1833;29.0167
ZA-4027;-29.9;30.975
ZA-4065;-29.85;31.0167
ZA-6715;-33.8167;20.05
ZA-1910;-26.7;27.8167
ZA-5081;-31.8167;28.75
ZA-9790;-29.2167;26.8333
ZA-7646;-32.84876666666667;21.60676666666667
ZA-2610;-26.8167;26.0167
ZA-0795;-23.85;29.3833
ZA-2881;-25.5333;26.0833
ZA-3620;-29.8167;30.85
ZA-2622;-26.9833;26.6667
ZA-1023;-25.4283;28.7083
ZA-4828;-31.35;29.5833
ZA-0506;-25.365;28.2189
ZA-1809;-26.2667;27.883333333333336
ZA-0626;-24.166666666666668;29.0
ZA-1464;-26.2167;28.25
ZA-0616;-23.791649999999997;28.88335
ZA-4430;-29.45;31.2167
ZA-3920;-28.75;31.9
ZA-1935;-26.6667;27.9333
ZA-0159;-25.7069;28.2294
ZA-4820;-31.35;29.5833
ZA-3236;-29.200000000000003;30.6083
ZA-1341;-25.4333;31.9333
ZA-9420;-28.5333;27.0167
ZA-5174;-31.3167;28.75
ZA-0080;-25.7069;28.2294
ZA-2012;-26.2;28.0833
ZA-0863;-23.8333;30.1667
ZA-5171;-31.3167;28.75
ZA-4339;-29.65;31.05
ZA-1335;-25.4667;31.9
ZA-3312;-29.0;29.8833
ZA-3184;-27.7667;30.8
ZA-2334;-26.5333;29.9833
ZA-3988;-27.4833;32.5833
ZA-0611;-24.1833;29.0167
ZA-0475;-25.1167;29.05
ZA-7105;-34.0;18.7333
ZA-6300;-34.0333;24.7667
ZA-0968;-22.95;30.4667
ZA-1961;-26.5667;28.0167
ZA-1370;-24.5833;31.0833
ZA-5057;-31.6833;28.0
ZA-2771;-26.6833;25.4667
ZA-2847;-25.35;26.5333
ZA-7864;-33.9167;18.4167
ZA-3208;-29.6167;30.3833
ZA-4301;-29.7;31.0333
ZA-0915;-23.3167;30.7167
ZA-0364;-25.6667;27.25
ZA-3983;-27.4333;32.0667
ZA-6055;-33.9667;25.5833
ZA-8470;-27.45;23.4333
ZA-2627;-26.9833;26.6667
ZA-6970;-32.35;22.583299999999998
ZA-2470;-27.3667;29.8833
ZA-1126;-25.1;30.45
ZA-4060;-29.85;31.0167
ZA-0847;-23.3167;30.7167
ZA-7532;-33.9;18.6333
ZA-0382;-24.6;27.4
ZA-0604;-24.1833;29.0167
ZA-3650;-30.85;28.825000000000003
ZA-2495;-26.3667;27.4
ZA-9610;-28.6667;27.4333
ZA-0063;-25.7069;28.2294
ZA-0557;-23.6667;27.7333
ZA-1044;-25.8667;29.2333
ZA-9735;-28.9;27.5667
ZA-6130;-33.45;25.9667
ZA-1404;-26.2167;28.1833
ZA-1907;-26.5833;27.8333
ZA-7536;-33.9;18.6333
ZA-4821;-31.0833;29.4833
ZA-5035;-31.5833;28.7833
ZA-5252;-33.0333;27.9167
ZA-1773;-26.3;27.6833
ZA-1061;-25.15;29.3833
ZA-0759;-23.6774;29.4869
ZA-2145;-26.2;28.0833
ZA-5425;-31.5667;26.55
ZA-8477;-27.05;24.4733
ZA-1309;-25.7833;31.05
ZA-0969;-22.95;30.4667
ZA-6837;-33.3667;19.3167
ZA-5740;-32.765;26.685
ZA-7358;-33.5667;18.4833
ZA-0977;-22.95;30.4667
ZA-0079;-25.7069;28.2294
ZA-8870;-28.75;20.6333
ZA-0322;-25.6667;27.25
ZA-2147;-26.2;28.0833
ZA-1101;-25.6833;30.0333
ZA-4032;-28.605566666666665;30.0278
ZA-1028;-25.8083;28.7406
ZA-4136;-30.05;30.8833
ZA-4344;-29.65;31.05
ZA-1781;-26.3167;27.65
ZA-8618;-25.8167;23.5333
ZA-1941;-26.6667;27.9333
ZA-0366;-24.9333;27.15
ZA-3228;-29.6;29.8667
ZA-7131;-34.0833;18.85
ZA-1506;-26.1833;28.3167
ZA-8040;-33.922200000000004;18.408299999999997
ZA-4490;-29.3004;31.049100000000003
ZA-0711;-23.3;29.0792
ZA-0165;-25.7069;28.2294
ZA-1046;-25.8667;29.2333
ZA-1852;-26.2;27.8833
ZA-0021;-25.7069;28.2294
ZA-2835;-25.65;26.7
ZA-4770;-30.6833;28.5167
ZA-7628;-33.2033;20.4933
ZA-0516;-24.7;28.4
ZA-2772;-26.6833;25.4667
ZA-6234;-33.7653;25.4022
ZA-2122;-26.2;28.0833
ZA-3341;-28.8;29.5333
ZA-1812;-26.3;27.9
ZA-0258;-25.6333;27.7833
ZA-8805;-28.45;21.25
ZA-9706;-28.2333;28.3
ZA-4781;-30.6833;28.5167
ZA-3902;-28.8;32.1
ZA-9958;-30.4167;26.8333
ZA-1131;-24.5833;30.1667
ZA-3219;-29.6167;30.3833
ZA-4186;-30.2833;30.75
ZA-8611;-26.95;24.7333
ZA-4037;-29.85;31.0167
ZA-8535;-27.9167;24.85
ZA-8365;-28.85;23.25
ZA-1873;-26.5667;28.0167
ZA-5436;-31.3667;27.05
ZA-2157;-26.2;28.0833
ZA-3626;-29.7917;30.80835
ZA-2842;-25.35;26.5333
ZA-5093;-30.9167;28.9833
ZA-8560;-27.9167;24.85
ZA-1623;-26.1;28.25
ZA-1413;-26.2167;28.1833
ZA-0183;-25.735625000000002;28.187599999999996
ZA-0065;-25.7069;28.2294
ZA-4106;-29.9833;30.7
ZA-5210;-33.0333;27.9167
ZA-1273;-24.9333;30.8333
ZA-1829;-26.3167;27.8333
ZA-8017;-33.9167;18.4167
ZA-6180;-33.9667;25.5833
ZA-3705;-29.8;30.65
ZA-2167;-26.1;27.9833
ZA-0727;-23.9333;29.8167
ZA-9880;-28.2833;29.1333
ZA-6730;-33.9333;22.0333
ZA-9835;-27.4167;29.1667
ZA-0276;-25.6333;27.7833
ZA-8575;-27.6667;24.8333
ZA-0168;-25.7069;28.2294
ZA-5220;-33.0333;27.9167
ZA-3150;-27.7667;30.8
ZA-0046;-25.8744;28.1706
ZA-1981;-26.5833;27.8333
ZA-8873;-28.75;20.6333
ZA-0808;-23.6861;30.3367
ZA-6666;-33.5333;21.6833
ZA-3903;-28.8;32.1
ZA-0629;-24.1833;29.0167
ZA-1160;-24.6667;30.3333
ZA-1193;-25.6833;30.0333
ZA-4802;-30.85;29.85
ZA-7602;-33.9333;18.85
ZA-0952;-22.95;30.4833
ZA-6335;-33.7556;24.8183
ZA-5136;-30.9667;29.3
ZA-7789;-33.9167;18.4167
ZA-4050;-29.95;30.95
ZA-5400;-32.0333;27.8
ZA-4453;-29.3333;31.3
ZA-4180;-30.2833;30.75
ZA-8590;-27.9762;24.8238
ZA-7540;-33.9;18.6333
ZA-1736;-26.1667;27.8667
ZA-2160;-26.2;28.0833
ZA-2776;-26.6833;25.4667
ZA-1505;-26.1833;28.3167
ZA-4029;-29.85;31.0167
ZA-9744;-30.9833;26.3167
ZA-0898;-24.0722;30.4
ZA-1495;-26.4167;28.4667
ZA-0319;-24.6;27.4
ZA-2033;-26.2;28.0833
ZA-1064;-25.3875;29.41455
ZA-0369;-25.8667;26.9
ZA-0505;-25.365;28.2189
ZA-3137;-28.2;30.6667
ZA-2103;-26.2;28.0833
ZA-8481;-26.95;24.7333
ZA-4687;-30.5833;29.8833
ZA-3245;-29.6167;30.3833
ZA-6014;-33.9667;25.5833
ZA-3781;-29.8667;30.2667
ZA-3629;-29.84165;30.975
ZA-2016;-26.2;28.0833
ZA-0062;-25.7069;28.2294
ZA-5401;-32.0333;27.8
ZA-9430;-28.1167;26.9
ZA-0840;-23.3167;30.7167
ZA-1546;-26.2333;28.3667
ZA-3218;-29.65;30.2833
ZA-1286;-24.8333;31.0667
ZA-8223;-30.55;17.9833
ZA-0150;-25.7069;28.2294
ZA-7390;-32.9;17.9833
ZA-7102;-34.0;18.7333
ZA-8589;-27.9762;24.8238
ZA-1774;-26.1667;27.8667
ZA-2357;-26.5333;29.9833
ZA-6660;-33.5333;21.6833
ZA-6526;-34.0333;22.2167
ZA-2640;-27.2333;26.2333
ZA-2838;-25.35;26.5333
ZA-9788;-29.2333;26.7333
ZA-5213;-33.0333;27.9167
ZA-2006;-26.2;28.0833
ZA-1687;-25.9833;28.1167
ZA-7583;-25.15;29.15
ZA-6212;-33.9667;25.5833
ZA-1491;-26.4167;28.4667
ZA-0659;-24.1833;29.0167
ZA-2044;-26.2;28.0833
ZA-0002;-25.7069;28.2294
ZA-3237;-30.24165;29.6417
ZA-4200;-30.3167;30.6667
ZA-5100;-31.5833;28.7833
ZA-0216;-25.7333;27.85
ZA-1771;-26.1667;27.7
ZA-2432;-26.95;29.25
ZA-6571;-34.0333;23.0333
ZA-3984;-27.4333;32.0667
ZA-5094;-30.9167;28.9833
ZA-4735;-30.8;29.3667
ZA-6282;-32.3;24.55
ZA-1435;-26.3583;28.2667
ZA-0645;-24.1833;29.0167
ZA-6003;-33.9667;25.5833
ZA-0623;-24.1833;29.0167
ZA-0151;-25.7069;28.2294
ZA-1624;-26.1;28.25
ZA-9480;-27.8667;26.6833
ZA-4250;-30.75;30.45
ZA-0607;-24.1833;29.0167
ZA-4773;-30.6833;28.5167
ZA-6107;-33.5667;25.6833
ZA-3275;-29.4667;30.2333
ZA-1984;-26.5833;27.8333
ZA-0380;-24.6;27.4
ZA-3230;-29.3333;30.6333
ZA-3185;-27.4167;30.8167
ZA-8474;-26.95;24.7333
ZA-3817;-28.8833;31.4667
ZA-8204;-31.0333;18.2667
ZA-3272;-30.5667;26.9
ZA-0265;-25.6333;27.7833
ZA-1284;-24.8333;31.0667
ZA-0340;-25.6667;27.25
ZA-0041;-25.7069;28.2294
ZA-0411;-25.365;28.2189
ZA-5052;-31.6833;28.0
ZA-0992;-22.95;30.4667
ZA-0157;-25.804885714285717;28.205585714285718
ZA-0255;-25.6333;27.7833
ZA-1437;-26.3333;28.15
ZA-0219;-25.5072;28.1075
ZA-2197;-26.2;28.0833
ZA-7221;-34.5833;19.35
ZA-1049;-25.8667;29.2333
ZA-4084;-33.55;18.5833
ZA-2130;-26.2;28.0833
ZA-8335;-28.7333;24.7667
ZA-2091;-26.2;28.0833
ZA-6351;-32.3167;26.6333
ZA-1075;-25.8667;29.2333
ZA-7766;-33.9167;18.4167
ZA-0448;-25.365;28.2189
ZA-2063;-26.2;28.0833
ZA-9745;-29.2;27.45
ZA-3634;-29.8333;30.9333
ZA-3886;-28.7767;31.9
ZA-2151;-26.2;28.0833
ZA-7790;-33.9833;18.5
ZA-0351;-24.9333;27.15
ZA-2851;-25.5333;26.0833
ZA-2271;-26.2667;29.2333
ZA-0831;-23.3167;30.7167
ZA-7607;-33.9333;18.85
ZA-6209;-33.9667;25.5833
ZA-6307;-34.0333;24.7667
ZA-5129;-31.8167;28.75
ZA-7463;-30.183349999999997;21.299999999999997
ZA-2102;-26.2;28.0833
ZA-8476;-26.95;24.7333
ZA-3617;-29.8167;30.85
ZA-4146;-26.2;28.1
ZA-0844;-23.3167;30.7167
ZA-4067;-29.85;31.0167
ZA-0056;-25.7069;28.2294
ZA-6606;-34.05;23.3667
ZA-6281;-32.25;24.55
ZA-1785;-26.3167;27.65
ZA-6520;-34.1167;22.1167
ZA-6506;-34.1833;22.1333
ZA-0132;-25.7069;28.2294
ZA-0018;-25.7069;28.2294
ZA-2465;-27.3667;29.8833
ZA-7303;-33.45;18.7333
ZA-0617;-24.1833;29.0167
ZA-4011;-29.85;31.0167
ZA-7185;-34.2167;19.4167
ZA-7220;-34.5833;19.35
ZA-5042;-32.2667;28.5167
ZA-7888;-33.9167;18.4167
ZA-1911;-26.7;27.8167
ZA-7353;-33.5667;18.4833
ZA-8808;-28.45;21.25
ZA-2773;-26.4167;25.2
ZA-1194;-25.6833;30.0333
ZA-6058;-33.9667;25.5833
ZA-8612;-25.8167;23.5333
ZA-0154;-25.803449999999998;28.1647
ZA-8607;-27.1444;24.7556
ZA-3373;-28.55;29.7833
ZA-7300;-33.45;18.7333
ZA-0986;-23.3167;30.7167
ZA-1900;-26.7;27.8167
ZA-2118;-26.2;28.0833
ZA-4147;-26.116680000000002;28.091680000000004
ZA-4295;-31.05;30.2167
ZA-0182;-25.6771;28.18669166666666
ZA-2956;-27.75;29.9333
ZA-0541;-24.1833;29.0167
ZA-2980;-27.65;30.3333
ZA-6529;-33.933366666666664;23.516666666666666
ZA-6541;-33.9667;22.45
ZA-4251;-30.75;30.45
ZA-0264;-25.6333;27.7833
ZA-5007;-32.1;28.3
ZA-0450;-24.9667;29.3
ZA-1245;-25.3167;31.0167
ZA-2265;-26.3667;28.9167
ZA-3378;-28.55;29.7833
ZA-8130;-32.1;18.3
ZA-2194;-26.15;28.0333
ZA-7539;-33.9;18.6333
ZA-8680;-26.95;24.7333
ZA-2055;-26.116666666666664;28.0333
ZA-1638;-26.1;28.25
ZA-1805;-26.2474;27.8987
ZA-3935;-28.4167;32.1833
ZA-3720;-29.8;30.65
ZA-3351;-28.7333;29.3667
ZA-8241;-29.6667;17.8833
ZA-4345;-29.65;31.05
ZA-7601;-33.9333;18.85
ZA-0474;-25.15;29.3833
ZA-3370;-28.55;29.7833
ZA-2740;-26.15;26.1667
ZA-9302;-29.1333;26.2
ZA-5950;-31.1874;24.9499
ZA-3609;-29.8167;30.85
ZA-7977;-33.9833;18.4208
ZA-8240;-29.6667;17.8833
ZA-3350;-28.7333;29.3667
ZA-3381;-28.55;29.7833
ZA-4110;-29.9833;30.9333
ZA-8553;-27.9167;24.85
ZA-1350;-25.4667;30.9667
ZA-0381;-24.6;27.4
ZA-0453;-24.9667;29.3
ZA-1081;-25.8667;29.2333
ZA-8610;-26.95;24.7333
ZA-0155;-25.7069;28.2294
ZA-9435;-28.1167;26.9
ZA-6525;-34.0333;22.2167
ZA-0487;-24.6;27.4
ZA-1005;-25.6756;28.5222
ZA-5483;-31.0833;28.3667
ZA-5080;-31.8167;28.75
ZA-3266;-30.3167;30.6667
ZA-0200;-25.6242;28.0942
ZA-4277;-30.9166;30.3166
ZA-4803;-30.85;29.85
ZA-0074;-25.7069;28.2294
ZA-1566;-26.25;28.4
ZA-6237;-33.9667;25.5833
ZA-2529;-26.7167;27.1
ZA-0261;-25.6333;27.7833
ZA-2018;-26.2;28.0833
ZA-7941;-33.99446666666666;18.4611
ZA-0007;-25.7069;28.2294
ZA-1475;-26.2167;28.25
ZA-8010;-33.9167;18.4167
ZA-5089;-30.9167;28.9833
ZA-0260;-25.6333;27.7833
ZA-2163;-26.2;28.0833
ZA-6015;-33.9667;25.5833
ZA-7305;-33.45;18.7333
ZA-5330;-31.9;26.8833
ZA-1361;-24.5833;31.0833
ZA-1441;-26.5;28.35
ZA-2572;-26.8666;26.6666
ZA-0857;-23.8333;30.1667
ZA-5111;-31.5833;28.7833
ZA-0734;-23.9667;29.7
ZA-4992;-32.2;27.9333
ZA-3225;-29.6167;30.3833
ZA-0517;-24.7;28.4
ZA-3313;-29.0;29.8833
ZA-8614;-25.8167;23.5333
ZA-7230;-34.2167;19.4167
ZA-7579;-25.15;29.15
ZA-2232;-26.05;29.0667
ZA-1349;-25.4667;30.9667
ZA-9780;-29.6583;26.9854
ZA-0798;-23.6774;29.4869
ZA-0944;-23.3167;30.7167
ZA-2009;-26.2;28.0833
ZA-1521;-26.15;28.4167
ZA-9704;-28.2333;28.3
ZA-3268;-29.8167;28.74165
ZA-0033;-25.7069;28.2294
ZA-6862;-33.65;19.4333
ZA-0778;-23.8833;30.4
ZA-2123;-26.2;28.0833
ZA-4204;-30.3167;30.6667
ZA-6446;-33.2833;23.4833
ZA-0749;-23.95;29.1333
ZA-2010;-26.2;28.0833
ZA-2433;-26.95;29.25
ZA-7880;-33.9167;18.4167
ZA-5445;-31.4667;27.3333
ZA-4094;-29.875;30.9917
ZA-0702;-23.7167;29.3167
ZA-6175;-33.78335;26.24165
ZA-0644;-24.1833;29.0167
ZA-0657;-24.1833;29.0167
ZA-3244;-29.63335;29.99165
ZA-1814;-26.2917;27.9
ZA-4804;-30.85;29.85
ZA-0024;-25.7069;28.2294
ZA-4052;-29.85;31.0167
ZA-5260;-33.0333;27.9167
ZA-5288;-33.0333;27.9167
ZA-1619;-26.1;28.25
ZA-4774;-30.6833;28.5167
ZA-0723;-23.8667;29.8056
ZA-0784;-23.85;29.3833
ZA-8583;-27.9762;24.8238
ZA-0164;-25.5147;28.1081
ZA-0146;-25.7069;28.2294
ZA-4092;-29.900000000000002;30.983325
ZA-3975;-27.6167;32.0333
ZA-6880;-33.3333;20.0333
ZA-6059;-33.9667;25.5833
ZA-2034;-26.2;28.0833
ZA-6286;-32.25;24.55
ZA-1906;-26.7;27.8167
ZA-2887;-25.5333;26.0833
ZA-4265;-30.8;30.4167
ZA-0117;-25.7069;28.2294
ZA-2754;-26.15;26.1667
ZA-0796;-23.6774;29.4869
ZA-1071;-25.7833;29.4667
ZA-0605;-24.1833;29.0167
ZA-0365;-24.9333;27.15
ZA-6536;-33.9666;22.4499
ZA-5321;-31.9;26.8833
ZA-0906;-22.95;30.4667
ZA-0275;-25.6333;27.7833
ZA-7770;-33.9833;18.5
ZA-9932;-29.1167;25.4167
ZA-9421;-28.5333;27.0167
ZA-3308;-29.5167;30.2333
ZA-0881;-23.8833;30.4
ZA-2014;-26.2;28.0833
ZA-0109;-25.7069;28.2294
ZA-4182;-30.2833;30.75
ZA-0011;-25.7069;28.2294
ZA-5021;-32.1;28.3
ZA-9400;-28.7;26.4667
ZA-1902;-26.7;27.8167
ZA-6855;-33.65;19.4333
ZA-9439;-28.1167;26.9
ZA-5109;-31.5833;28.7833
ZA-8120;-32.1833;18.9
ZA-2882;-25.5333;26.0833
ZA-3978;-27.5278;32.0333
ZA-4111;-29.9833;30.9333
ZA-4814;-31.0833;29.4833
ZA-1295;-25.4667;30.9667
ZA-0750;-23.6774;29.4869
ZA-3254;-29.6167;30.3833
ZA-3976;-27.6167;32.0333
ZA-0484;-24.9667;29.3
ZA-2553;-26.85;26.7833
ZA-0036;-25.7069;28.2294
ZA-2213;-26.15;28.6833
ZA-8826;-28.8833;21.9833
ZA-2047;-26.2;28.0833
ZA-5182;-31.15;28.8667
ZA-2193;-26.1673;28.0336
ZA-2528;-28.10835;26.65
ZA-1022;-25.618299999999998;28.72445
ZA-2284;-26.45;29.1167
ZA-0192;-25.5072;28.1075
ZA-4079;-29.8667;30.9333
ZA-6570;-34.034;23.0343
ZA-1287;-24.8333;31.0667
ZA-5620;-32.8667;27.4333
ZA-7725;-33.9167;18.4167
ZA-5082;-31.8167;28.75
ZA-6507;-34.1833;22.1333
ZA-0708;-23.7167;29.3167
ZA-9380;-29.1333;26.2
ZA-4162;-29.64395;30.723300000000002
ZA-6490;-33.65;23.1333
ZA-0375;-24.9333;27.15
ZA-3925;-28.4167;32.1833
ZA-6504;-34.1833;22.1333
ZA-3007;-28.2;30.6667
ZA-7600;-33.9302;18.8449
ZA-0989;-22.95;30.4667
ZA-5382;-32.0167;27.5833
ZA-2951;-27.75;30.0333
ZA-2341;-26.5333;29.9833
ZA-2210;-26.15;28.6833
ZA-2053;-26.2;28.0833
ZA-5051;-31.6667;28.0
ZA-0878;-23.9;30.0667
ZA-7622;-33.7333;18.9667
ZA-1725;-26.1667;27.8667
ZA-3294;-29.6167;30.3833
ZA-1256;-25.3167;31.0167
ZA-0267;-25.6333;27.7833
ZA-2940;-27.75;29.9333
ZA-0773;-23.8833;30.4
ZA-3987;-27.4333;32.0667
ZA-4120;-30.05;30.8833
ZA-1485;-26.2167;28.25
ZA-0047;-25.7069;28.2294
ZA-2134;-26.2;28.0833
ZA-1562;-26.25;28.4
ZA-1336;-25.4667;31.9
ZA-0603;-24.1833;29.0167
ZA-7425;-33.9167;18.4167
ZA-7872;-33.9167;18.4167
ZA-0562;-24.5167;28.7167
ZA-8621;-26.95;24.7333
ZA-1222;-25.4667;30.9667
ZA-2158;-26.2;28.0833
ZA-1002;-25.6756;28.5222
ZA-9782;-29.2333;26.7333
ZA-8603;-26.95;24.7333
ZA-8003;-33.9167;18.4167
ZA-5040;-32.2667;28.5167
ZA-3966;-27.6167;32.0333
ZA-1574;-26.25;28.4
ZA-7005;-31.0667;24.45
ZA-1449;-26.2333;28.1333
ZA-0652;-24.1833;29.0167
ZA-4008;-29.85;31.0167
ZA-0028;-25.7069;28.2294
ZA-1047;-25.8667;29.2333
ZA-2680;-28.2333;21.25
ZA-3342;-28.8;29.5333
ZA-5411;-31.7;27.2333
ZA-1418;-26.2167;28.1833
ZA-0724;-23.8667;29.8056
ZA-6576;-34.0333;23.0333
ZA-2786;-27.1833;25.3333
ZA-1073;-25.8667;29.2333
ZA-1420;-26.2167;28.1833
ZA-3120;-27.7667;30.8
ZA-2148;-26.2;28.0833
ZA-1841;-26.2328;27.9265
ZA-9465;-27.9833;26.7333
ZA-8205;-31.0333;18.2667
ZA-0468;-24.9667;29.3
ZA-0732;-23.9667;29.7
ZA-6170;-33.6;26.9
ZA-2533;-26.7167;27.1
ZA-4039;-29.85;31.0167
ZA-8249;-29.6667;17.0833
ZA-9535;-29.2667;21.6333
ZA-8391;-28.7333;24.7667
ZA-3655;-29.8167;30.85
ZA-0862;-23.8333;30.1667
ZA-0701;-23.7167;29.3167
ZA-0383;-24.6;27.4
ZA-8710;-25.6333;26.0667
ZA-1368;-24.6167;31.2083
ZA-3310;-29.0;29.8833
ZA-6670;-34.1;21.2667
ZA-3930;-28.4167;32.1833
ZA-0779;-23.8833;30.4
ZA-0512;-24.7;28.4
ZA-9410;-28.4;26.7167
ZA-5605;-32.8667;27.4333
ZA-1227;-24.5833;31.0833
ZA-4093;-29.833320000000004;30.93332
ZA-6838;-33.3667;19.3167
ZA-1486;-26.2753;28.2279
ZA-9450;-28.0833;27.1333
ZA-4391;-29.114;30.6772
ZA-0127;-25.7069;28.2294
ZA-1112;-25.8667;29.2333
ZA-5014;-32.1;28.3
ZA-2866;-25.8667;25.65
ZA-1192;-25.6833;30.0333
ZA-3910;-28.75;31.9
ZA-2260;-26.35;28.7667
ZA-9471;-27.9833;26.7333
ZA-7680;-33.7333;18.9667
ZA-3111;-27.7667;30.8
ZA-1502;-26.1833;28.3167
ZA-2710;-26.3167;26.8167
ZA-0609;-24.1833;29.0167
ZA-5419;-31.7;27.2333
ZA-2762;-26.15;26.1667
ZA-7365;-32.7833;18.1667
ZA-0027;-25.7069;28.2294
ZA-2726;-26.3333;26.3167
ZA-0794;-23.6774;29.4869
ZA-0378;-25.6667;27.25
ZA-0934;-23.05;29.9
ZA-9785;-29.2333;26.7333
ZA-0935;-23.05;29.9
ZA-7786;-34.05;18.6167
ZA-0988;-22.95;30.4667
ZA-2621;-26.9833;26.6667
ZA-9740;-29.5333;27.15
ZA-0848;-23.3167;30.7167
ZA-0455;-24.9667;29.3
ZA-0791;-23.6774;29.4869
ZA-4752;-30.6;27.3167
ZA-0134;-25.7069;28.2294
ZA-0412;-25.343;28.2204
ZA-0532;-23.6667;27.7333
ZA-3213;-29.6167;30.3833
ZA-9725;-28.5833;28.1333
ZA-3982;-27.4333;32.0667
ZA-2386;-27.0;30.8
ZA-5072;-31.9667;28.6833
ZA-1711;-26.1667;27.9167
ZA-7630;-33.7333;18.9667
ZA-1578;-26.25;28.4
ZA-6188;-33.9667;25.5833
ZA-1473;-26.2167;28.25
ZA-4960;-32.3333;28.15
ZA-5163;-31.5333;29.0167
ZA-0646;-24.1833;29.0167
ZA-0990;-22.95;30.4667
ZA-2074;-26.2;28.0833
ZA-0949;-23.05;29.9
ZA-8247;-29.6667;17.8833
ZA-8770;-30.0833;24.65
ZA-3106;-27.7667;30.8
ZA-3500;-29.0667;30.5833
ZA-0465;-24.9667;29.3
ZA-9660;-27.3667;26.6167
ZA-3217;-29.6167;30.3833
ZA-0416;-25.365;28.2189
ZA-5362;-32.1667;26.8167
ZA-0954;-23.05;29.9
ZA-8795;-30.4333;24.4667
ZA-0620;-24.1833;29.0167
ZA-4125;-30.05;30.8833
ZA-2030;-26.2;28.0833
ZA-0959;-22.95;30.4833
ZA-0349;-25.6667;27.25
ZA-8751;-29.6167;24.0833
ZA-3296;-29.6167;30.3833
ZA-1220;-25.4667;30.9667
ZA-8147;-31.7833;18.6167
ZA-1344;-25.4333;31.9333
ZA-0331;-25.6667;27.25
ZA-1271;-24.9333;30.8333
ZA-8007;-33.9167;18.4167
ZA-0933;-23.3167;30.7167
ZA-2920;-29.7167;26.3833
ZA-6503;-34.1833;22.1333
ZA-1063;-25.625;29.4458
ZA-8479;-26.95;24.7333
ZA-0873;-23.933300000000003;30.2167
ZA-7302;-33.45;18.7333
ZA-0769;-23.9333;29.8167
ZA-0690;-24.1833;29.0167
ZA-0308;-25.6667;27.25
ZA-3605;-29.8167;30.85
ZA-1516;-26.1833;28.3167
ZA-1916;-26.7;27.8167
ZA-0402;-25.4075;28.2856
ZA-1066;-25.7833;29.4667
ZA-1440;-26.5;28.35
ZA-8170;-31.6167;18.7333
ZA-0709;-23.7167;29.3167
ZA-2660;-27.65;25.6
ZA-7151;-34.1167;18.8333
ZA-6011;-33.98335;25.566650000000003
ZA-1701;-29.9333;26.15
ZA-0838;-23.3167;30.7167
ZA-1569;-26.25;28.4
ZA-0177;-25.7072;28.3472
ZA-7451;-33.9333;18.5
ZA-0820;-23.3167;30.7167
ZA-9882;-28.2833;29.1333
ZA-3114;-27.7667;30.8
ZA-1260;-25.1;30.7833
ZA-0418;-25.3189;28.1936
ZA-0316;-25.6667;27.25
ZA-0721;-23.7333;29.7833
ZA-7110;-34.0833;18.85
ZA-9305;-29.1333;26.2
ZA-6033;-33.9667;25.5833
ZA-3277;-30.5667;26.9
ZA-3000;-28.1667;30.2333
ZA-1760;-26.1667;27.7
ZA-3871;-27.9833;31.3833
ZA-4021;-29.7167;31.0667
ZA-1003;-25.6756;28.5222
ZA-2743;-26.15;26.1667
ZA-7271;-34.5833;19.35
ZA-1763;-26.1667;27.7
ZA-1621;-26.1;28.25
ZA-8596;-27.9762;24.8238
ZA-4109;-29.9333;30.9833
ZA-6306;-34.0333;24.7667
ZA-9321;-29.1333;26.2
ZA-6065;-33.9667;25.5833
ZA-5329;-32.0167;27.5833
ZA-1554;-26.2333;28.3667
ZA-0948;-23.05;29.9
ZA-0252;-25.6333;27.7833
ZA-4786;-30.6833;28.5167
ZA-0469;-25.1167;29.05
ZA-1434;-26.316650000000003;28.216675000000002
ZA-5870;-32.1833;25.6167
ZA-3837;-28.5833;31.3833
ZA-2750;-25.8667;25.65
ZA-1448;-26.2333;28.1333
ZA-1411;-26.2167;28.1833
ZA-3866;-27.9;31.65
ZA-8478;-26.95;24.7333
ZA-3972;-27.6167;32.0333
ZA-6623;-33.5833;22.2
ZA-5209;-33.0333;27.916700000000002
ZA-1939;-26.6667;27.9333
ZA-2744;-26.0667;25.8833
ZA-7200;-34.4166;19.2333
ZA-0495;-25.1167;29.05
ZA-0943;-23.05;29.9
ZA-1027;-25.8083;28.7406
ZA-2630;-27.2;25.9667
ZA-1477;-26.2167;28.25
ZA-0009;-25.7069;28.2294
ZA-4451;-29.3333;31.3
ZA-1811;-26.28335;27.9
ZA-8221;-30.55;17.9833
ZA-6451;-33.2833;23.4833
ZA-0846;-23.3167;30.7167
ZA-1045;-25.8667;29.2333
ZA-0810;-23.4833;29.9333
ZA-9320;-29.1333;26.2
ZA-3280;-29.0;29.8833
ZA-2530;-26.7167;27.1
ZA-0633;-24.1833;29.0167
ZA-1717;-26.1667;27.8667
ZA-1572;-26.25;28.4
ZA-2953;-27.75;29.9333
ZA-4778;-30.6833;28.5167
ZA-2779;-26.5389;25.3833
ZA-0921;-23.05;29.9
ZA-9485;-28.3167;27.6
ZA-2042;-26.2;28.0833
ZA-0754;-23.6774;29.4869
ZA-2778;-26.5389;25.3833
ZA-2384;-27.0;30.8
ZA-3248;-29.4667;30.2333
ZA-6331;-33.9028;24.8675
ZA-2382;-27.0;30.8
ZA-7450;-33.9167;18.5
ZA-3238;-29.3333;30.6333
ZA-4099;-26.0667;29.2
ZA-8532;-28.1167;24.85
ZA-4225;-30.6167;30.55
ZA-4738;-30.8;29.3667
ZA-8940;-29.6667;22.75
ZA-4185;-30.36665;30.7
ZA-0829;-23.3167;30.7167
ZA-7785;-33.96111666666667;18.483333333333334
ZA-8350;-28.7333;24.7667
ZA-6143;-33.3;26.5333
ZA-5212;-33.0333;27.9167
ZA-4280;-30.85;30.3667
ZA-0299;-25.63985;27.567149999999998
ZA-2114;-26.2;28.0833
ZA-1211;-25.4667;30.9667
ZA-6707;-33.8;19.8833
ZA-1567;-26.25;28.4
ZA-4261;-30.7833;30.1333
ZA-6310;-34.0333;24.7667
ZA-1962;-26.5667;28.0167
ZA-1494;-26.3917;28.441699999999997
ZA-7322;-32.9;18.7667
ZA-1870;-26.25;27.9167
ZA-4062;-29.85;31.0167
ZA-0396;-25.2667;27.2333
ZA-1803;-26.23335;27.875
ZA-0271;-25.6333;27.7833
ZA-1632;-26.1;28.25
ZA-1932;-26.8833;28.1
ZA-4071;-29.85;31.0167
ZA-0920;-23.05;29.9
ZA-4220;-30.5833;30.5833
ZA-5131;-30.9667;29.3
ZA-0305;-25.6666;27.25
ZA-2112;-26.2;28.0833
ZA-0405;-25.1986;28.6092
ZA-4319;-29.683349999999997;31.05835
ZA-4402;-29.5833;31.1333
ZA-6365;-33.9667;25.5833
ZA-1835;-26.3167;27.8333
ZA-0624;-24.1833;29.0167
ZA-0726;-23.8667;29.8056
ZA-1751;-26.1;27.7667
ZA-5121;-31.5833;28.7833
ZA-2132;-26.2;28.0833
ZA-0738;-23.9667;29.7
ZA-1390;-23.95;31.1167
ZA-4931;-32.8833;27.4
ZA-4930;-32.5667;27.4167
ZA-0345;-25.6667;27.25
ZA-2854;-25.35;26.5333
ZA-7435;-33.89165;18.44995
ZA-2717;-26.0667;25.8833
ZA-0055;-25.7069;28.2294
ZA-1715;-26.1667;27.9167
ZA-0618;-24.1833;29.0167
ZA-1085;-24.6667;30.3333
ZA-6973;-32.35;22.5833
ZA-8253;-30.2;17.9333
ZA-1831;-26.3167;27.8333