AR-1917;-35.358333333333334;-57.2583
AR-4726;-28.7375;-66.0666818181818
AR-1832;-34.76670000000001;-58.399999999999984
AR-5281;-30.68889666666666;-64.9388966666667
AR-5549;-32.9625;-69.13330526315788
AR-6065;-34.6333;-62.4833
AR-5706;-32.8049;-66.2152
AR-3601;-26.18999772727275;-58.57330454545456
AR-3165;-32.16;-60.16
AR-7513;-38.2551;-60.3718
AR-5400;-31.43740625000001;-68.5612
AR-5594;-33.494411111111106;-68.0
AR-3514;-27.247609677419355;-59.26189677419354
AR-3565;-28.666699999999995;-59.866699999999994
AR-4212;-28.766700000000004;-64.0833
AR-4142;-27.162500000000012;-65.52919687499997
AR-6343;-36.8333;-63.3167
AR-1987;-35.499083333333324;-58.28593333333333
AR-6200;-35.0333;-64.25
AR-3412;-27.354195454545447;-58.2333090909091
AR-4141;-26.436696296296287;-65.97000000000001
AR-5853;-32.05;-64.2
AR-4225;-27.383308000000003;-64.64000000000001
AR-5621;-35.737500000000004;-68.07918666666667
AR-2843;-32.7167;-59.4
AR-2670;-33.4333;-63.3
AR-2611;-33.9;-61.8333
AR-3232;-29.622209999999995;-57.14998999999999
AR-5865;-31.8833;-63.5333
AR-3363;-27.35831538461538;-54.688884615384616
AR-5989;-31.8881;-63.7857
AR-3526;-26.608309999999996;-58.7417
AR-4155;-27.4583125;-65.6666875
AR-7245;-35.47082857142857;-59.308314285714296
AR-3371;-25.6833;-54.1333
AR-8416;-41.12779166666666;-70.56669999999998
AR-5603;-34.78519411764707;-68.22779411764705
AR-1870;-34.6506;-58.382200000000005
AR-3208;-30.899999999999995;-57.9333
AR-3013;-31.766675000000006;-61.069424999999995
AR-3567;-29.2333;-59.6
AR-1808;-34.842800000000004;-58.504400000000004
AR-5300;-29.358309999999996;-66.75830499999998
AR-6330;-36.43330000000001;-63.399999999999984
AR-4263;-28.052;-64.7771
AR-7507;-38.516666666666666;-60.57500000000001
AR-2449;-31.85;-61.5833
AR-4613;-23.9538;-65.3744
AR-8313;-39.227793750000004;-68.80558750000002
AR-3118;-31.69440588235293;-59.76110588235292
AR-5287;-31.091691666666662;-64.93330833333334
AR-4421;-25.304190000000013;-65.50970600000001
AR-3583;-28.4833;-59.6167
AR-9009;-45.8611052631579;-68.1000052631579
AR-2187;-33.0833;-61.8
AR-5837;-33.491675;-64.916675
AR-4355;-28.05;-63.3167
AR-9223;-43.97220476190476;-70.66110000000002
AR-8340;-38.71669729729727;-70.15830270270274
AR-1664;-34.5096;-58.7618
AR-5736;-33.0111;-65.92778888888888
AR-5264;-28.93329999999999;-65.1
AR-3103;-32.050000000000004;-60.449999999999996
AR-4115;-27.209502325581408;-65.02859302325588
AR-2170;-33.0442;-61.1681
AR-3706;-26.650000000000002;-60.63889999999999
AR-7533;-37.7833;-61.6
AR-6326;-36.51670000000001;-64.0167
AR-8172;-37.6458;-62.4583
AR-6701;-34.4833;-59.2333
AR-4622;-23.616700000000005;-65.39999999999999
AR-5363;-29.2;-67.4667
AR-5819;-32.383300000000006;-64.54999999999998
AR-5505;-32.9778;-68.8667
AR-3311;-27.558325;-55.483324999999994
AR-2751;-33.73329999999999;-60.1667
AR-4724;-28.589999999999993;-65.91999999999999
AR-6438;-36.975;-62.4889
AR-3505;-27.366692307692308;-59.086692307692296
AR-4152;-27.43329999999999;-65.61670000000001
AR-3360;-27.491687500000005;-55.1666875
AR-7151;-36.94442;-58.4889
AR-5365;-28.9167;-67.5167
AR-4339;-27.97;-63.71
AR-3525;-26.6167;-58.6667
AR-2745;-34.32223333333334;-60.15553333333333
AR-7174;-37.449999999999996;-57.7167
AR-7007;-37.70331538461539;-58.78668461538461
AR-4314;-28.4786;-63.775
AR-5722;-33.38329999999999;-66.01669999999997
AR-6062;-34.7833;-62.2
AR-1737;-34.7833;-59.1167
AR-5303;-28.7167;-66.9333
AR-2313;-30.7167;-61.48329999999999
AR-9020;-45.51669583333334;-69.35830000000003
AR-4149;-27.341682352941177;-65.57220588235293
AR-2662;-33.6167;-62.6167
AR-6461;-35.974999999999994;-62.24165
AR-4632;-22.916677777777775;-65.34582222222222
AR-5913;-32.0667;-62.800000000000004
AR-1776;-34.7083;-58.5083
AR-3703;-25.877793749999995;-60.35559374999999
AR-3574;-28.883300000000002;-59.5417
AR-8318;-38.80559583333335;-69.17779999999999
AR-3300;-27.383300000000006;-55.88329999999999
AR-2806;-34.05;-59.20000000000001
AR-2222;-32.3667;-61.0833
AR-3636;-23.493308695652164;-61.92669347826086
AR-2152;-32.8667;-60.7
AR-2823;-33.27080454545455;-58.650000000000006
AR-2840;-33.14810625;-59.27639999999999
AR-8311;-39.2333;-68.75
AR-4315;-28.46109999999999;-63.90558823529415
AR-9003;-45.73329999999999;-67.06669999999998
AR-2915;-33.4786;-60.0208
AR-8505;-40.372214285714286;-63.84441428571429
AR-5417;-31.650000000000002;-68.39999999999999
AR-1646;-34.4442;-58.57749999999999
AR-5634;-34.95830909090909;-67.52499999999999
AR-2900;-33.330299999999994;-60.22690000000002
AR-4436;-24.8492;-64.8348
AR-4126;-26.08331904761905;-65.26298571428572
AR-2921;-33.38334;-60.4375
AR-3503;-27.5;-58.93330000000002
AR-2443;-31.674999999999997;-61.73335
AR-8504;-40.79999999999999;-62.9833
AR-3269;-31.938899999999997;-58.46109999999999
AR-5750;-33.12220370370372;-66.27220370370367
AR-2931;-33.5833;-59.81669999999999
AR-7519;-38.31113333333333;-60.0889
AR-6105;-34.4833;-63.05833333333334
AR-4653;-22.194414285714288;-65.95000714285716
AR-7535;-37.7333;-61.3333
AR-5569;-33.836685714285714;-69.05669285714283
AR-3003;-31.1;-60.0833
AR-9103;-43.3166875;-65.0611
AR-8180;-37.55;-62.7167
AR-4522;-24.0389;-65.20558
AR-7111;-36.2611;-57.6764
AR-1983;-35.075;-58.15835
AR-1716;-34.7;-58.6833
AR-1661;-34.5096;-58.7618
AR-6333;-36.02499999999999;-63.625
AR-6313;-36.27499999999999;-64.36669333333334
AR-3380;-26.4;-54.6333
AR-7160;-36.8667;-57.8667
AR-5980;-32.05;-63.5667
AR-2743;-34.32000000000001;-60.293339999999986
AR-3021;-31.233299999999996;-60.5333
AR-6748;-34.59165;-60.65835
AR-3112;-31.8474;-60.1912
AR-5182;-30.9167;-64.54999999999998
AR-1754;-34.6831;-58.5519
AR-6311;-37.616699999999994;-63.475000000000016
AR-8144;-39.0333;-62.5833
AR-2148;-32.20556;-61.483320000000006
AR-3302;-27.5;-56.554196296296325
AR-8357;-37.4128;-70.4391
AR-5431;-31.9987875;-68.6419875
AR-6101;-34.2875;-62.64169999999999
AR-6503;-35.45;-60.70000000000001
AR-5284;-30.799999999999986;-65.15279411764708
AR-8341;-39.47000000000001;-70.67330952380951
AR-4651;-22.213899999999995;-65.25279729729732
AR-6325;-37.0333;-64.45830833333333
AR-2763;-34.2083;-59.4222
AR-1723;-34.7261;-58.790800000000004
AR-5803;-33.2;-63.8667
AR-9405;-50.40689090909089;-71.82670000000002
AR-5367;-29.31668;-67.64168
AR-6307;-37.15830833333333;-63.591691666666655
AR-1891;-34.8667;-58.091100000000004
AR-7011;-38.0;-59.2667
AR-2559;-32.23330909090908;-62.638890909090904
AR-7172;-37.183324999999996;-57.783325
AR-4205;-28.505596969696956;-64.61669696969699
AR-5709;-32.53330666666666;-65.9333066666667
AR-2300;-31.2667;-61.4833
AR-1636;-34.5053;-58.489887499999995
AR-4107;-26.80830666666666;-65.3166933333333
AR-6616;-34.6;-59.9
AR-6516;-35.45;-60.93332
AR-8133;-37.6667;-63.35
AR-2527;-32.26;-61.9222
AR-3507;-26.75;-59.05
AR-5369;-29.0062;-67.5375
AR-6555;-36.61668571428572;-61.933314285714296
AR-3072;-30.425024999999998;-61.016675000000006
AR-5291;-31.166691666666665;-65.19169583333333
AR-7541;-37.6;-61.81669999999998
AR-6441;-37.2;-63.2333
AR-2419;-30.90002;-62.0333
AR-6385;-35.658316666666664;-64.78750000000001
AR-3731;-26.9708;-61.6083125
AR-3621;-24.416688888888885;-59.6083
AR-8373;-39.98119999999999;-71.09580000000003
AR-3155;-32.74168888888889;-59.84168888888889
AR-2700;-33.90229999999998;-60.54729999999998
AR-4343;-27.7196;-63.7164
AR-5848;-33.25;-64.13890000000002
AR-3100;-31.755594444444448;-60.544405555555564
AR-7412;-37.65833333333334;-60.933299999999996
AR-3624;-25.46669565217391;-59.88330434782607
AR-5864;-32.1833;-64.4833
AR-7603;-38.116699999999994;-57.850000000000016
AR-3532;-27.0667;-59.6333
AR-4186;-26.833300000000005;-64.8333
AR-1650;-34.5417;-58.5583
AR-2912;-33.4333;-60.15
AR-3626;-24.763307407407407;-60.46999629629631
AR-8126;-38.2083;-62.875
AR-7221;-35.341680000000004;-58.725
AR-3136;-31.4167;-59.75
AR-3701;-27.06667;-60.59668999999999
AR-1761;-34.7517;-58.7117
AR-5543;-32.68331818181818;-68.71000000000001
AR-7241;-35.3;-59.1667
AR-6106;-34.300000000000004;-62.475
AR-5843;-33.6167;-64.0333
AR-6214;-35.0583076923077;-64.8708153846154
AR-5635;-34.9905;-67.2524
AR-4700;-28.46331111111111;-65.76668333333333
AR-3170;-32.366699999999994;-58.883299999999984
AR-2705;-34.1953;-60.735
AR-8212;-37.700000000000024;-64.08330277777776
AR-9101;-43.58332222222222;-67.12221111111111
AR-5257;-29.21190000000001;-63.376199999999976
AR-6205;-35.4167;-64.4833
AR-5771;-32.4208074074074;-65.6520962962963
AR-2124;-33.022214285714284;-60.62221428571429
AR-2684;-33.45;-63.325
AR-3454;-29.338896000000005;-59.10559600000001
AR-3114;-31.9125;-60.42080624999999
AR-6331;-36.20830666666667;-63.475000000000016
AR-9301;-49.244418181818176;-71.6555909090909
AR-8334;-39.0833;-67.2333
AR-8174;-37.75;-62.3667
AR-5575;-33.1833;-68.54169999999999
AR-3267;-32.1667;-58.550000000000004
AR-2568;-32.6;-62.8333
AR-5461;-30.1146;-68.69191739130436
AR-3107;-31.808300000000003;-60.400000000000006
AR-2529;-32.1333;-61.9833
AR-8364;-39.2;-65.94169
AR-3716;-26.8;-60.8333
AR-2400;-31.428600000000003;-61.91430000000002
AR-3551;-28.951688;-60.136684
AR-8146;-39.25;-62.6167
AR-3197;-30.227799999999995;-59.37220000000001
AR-5329;-28.547919999999998;-67.17501
AR-4324;-28.19169428571428;-63.549999999999976
AR-9107;-43.39169230769232;-66.03330000000001
AR-6450;-35.707385714285714;-61.961000000000006
AR-6100;-34.2667;-62.70000000000001
AR-3461;-28.908300000000004;-58.79999999999999
AR-5162;-31.1667;-64.4833
AR-3530;-26.866700000000005;-60.2167
AR-1765;-34.699999999999996;-58.5833
AR-8508;-40.64170000000001;-63.28980000000001
AR-5911;-32.1;-63.0333
AR-3487;-27.6542;-57.2646
AR-2175;-33.2713;-61.2975
AR-4461;-25.0325;-65.2713
AR-3418;-27.949999999999992;-58.8
AR-3231;-29.4667;-56.8167
AR-9303;-49.908308695652195;-70.20000000000003
AR-5622;-34.8333;-67.9
AR-5757;-32.7807;-65.8
AR-2933;-33.78335;-60.038875000000004
AR-5883;-32.579192857142864;-65.075
AR-9030;-45.6833;-70.2667
AR-4187;-26.71110188679244;-64.39440754716983
AR-8164;-37.95555;-62.327774999999995
AR-6013;-34.745850000000004;-60.916650000000004
AR-2801;-34.1667;-59.1167
AR-6203;-35.4167;-64.3
AR-5276;-30.599991666666668;-65.90559166666668
AR-2701;-33.78331428571428;-60.57081428571429
AR-5449;-30.874094736842107;-67.89811052631572
AR-5595;-34.05;-67.9667
AR-1712;-34.6667;-58.6667
AR-8316;-38.98331111111111;-68.32499999999999
AR-5295;-31.34580714285715;-65.175
AR-5000;-31.424999999999972;-64.17500000000005
AR-5195;-32.0367;-64.6267
AR-2814;-34.3394;-59.0133
AR-8136;-38.9167;-63.350000000000016
AR-6337;-36.6333;-62.9167
AR-4701;-28.783306666666697;-65.51389866666663
AR-5775;-32.76670000000001;-65.36670000000001
AR-8107;-38.7819;-62.1875
AR-5115;-31.0167;-64.2667
AR-5233;-30.425012500000005;-63.5625
AR-5142;-31.2139;-63.8361
AR-6335;-36.5833;-63.1
AR-5871;-31.778305660377328;-65.38669245283019
AR-5192;-32.0367;-64.6267
AR-7153;-37.16113333333333;-58.59446666666667
AR-5701;-33.035197849462314;-66.09259892473115
AR-7403;-36.97380769230769;-60.17858461538462
AR-3229;-30.8083;-58.083311111111115
AR-6612;-34.7474;-59.7611
AR-4322;-27.82220666666667;-64.12220666666668
AR-9123;-42.0;-65.10000000000001
AR-5519;-33.1561;-68.8288
AR-5321;-28.111099999999997;-66.33330909090908
AR-9213;-42.47500000000001;-71.04999999999998
AR-5225;-30.800000000000008;-63.5
AR-5218;-30.476695238095235;-64.61669523809526
AR-1876;-34.70830769230769;-58.2916923076923
AR-4195;-26.2833;-64.47500000000001
AR-5847;-33.675;-64.566675
AR-9017;-46.67780000000001;-69.6277956521739
AR-5677;-35.1174;-68.3656
AR-9220;-43.925000000000004;-70.2
AR-7620;-37.76249;-58.25418
AR-5139;-30.97779090909091;-62.8555909090909
AR-4713;-28.1386;-65.8088
AR-1609;-34.5;-58.5667
AR-5509;-33.185706249999996;-68.85711249999997
AR-6215;-34.947;-65.2879
AR-4106;-26.7586;-65.2154
AR-5805;-33.0167;-64.1833
AR-2615;-33.8833;-62.1167
AR-7404;-37.12082;-60.829179999999994
AR-2561;-32.30556;-62.494420000000005
AR-6472;-35.8667;-62.05
AR-2721;-33.974999999999994;-61.06665
AR-2447;-31.6667;-61.5667
AR-1665;-34.5;-58.75
AR-2592;-32.8;-61.9417
AR-2824;-32.808310000000006;-58.84168
AR-5405;-31.633299999999995;-69.4667
AR-4326;-28.274999999999984;-63.504196153846166
AR-5143;-30.899999999999995;-62.6667
AR-2943;-33.9667;-59.6667
AR-2456;-31.916700000000002;-61.7167
AR-3425;-28.2852;-58.4741
AR-6365;-35.66249285714286;-63.762499999999996
AR-3372;-25.6667;-54.45
AR-1621;-34.4094;-58.7094
AR-3432;-28.5;-59.04999999999998
AR-4641;-23.154531818181812;-66.22879545454549
AR-5717;-31.883300000000002;-65.9333
AR-2760;-34.25;-59.4667
AR-5109;-31.224999999999998;-64.3417
AR-5580;-33.0222;-68.5056
AR-5429;-31.7167;-68.5833
AR-3483;-27.76670000000001;-57.283300000000025
AR-8353;-37.19169268292684;-70.53669146341467
AR-6614;-34.611133333333335;-59.56113333333334
AR-6700;-34.570299999999996;-59.10500000000001
AR-6001;-34.41668;-60.9625
AR-2916;-33.3298;-60.2674
AR-3062;-29.283308000000005;-62.062496
AR-6127;-34.5;-63.93330000000001
AR-2903;-33.4;-60.2333
AR-3306;-27.583310000000004;-55.57669
AR-5137;-30.938899999999993;-63.1111
AR-6455;-35.4;-62.461099999999995
AR-4220;-27.549995833333327;-64.86999999999996
AR-5107;-31.144405882352945;-64.30559411764708
AR-2841;-32.8277875;-59.416687499999995
AR-4531;-23.05;-64.43332000000001
AR-3470;-29.066693333333337;-58.116693333333345
AR-3561;-29.08333333333334;-59.6778
AR-2323;-30.8208;-61.6208
AR-3712;-26.194411538461523;-62.0
AR-2255;-31.899999999999995;-61.2833
AR-9311;-48.370014285714284;-70.85331428571429
AR-6459;-35.4333;-62.7
AR-5960;-31.6667;-63.9167
AR-3370;-25.5991;-54.5736
AR-6648;-35.0667;-60.4
AR-2635;-33.4;-61.6167
AR-2729;-33.6;-61.3167
AR-5433;-31.9026;-68.4343
AR-3038;-31.1444;-60.7444
AR-5879;-31.889099999999996;-65.1507
AR-5151;-31.35;-64.39999999999999
AR-4506;-23.9333;-64.7833
AR-5940;-31.8667;-62.7167
AR-2156;-32.791671428571426;-60.73329999999999
AR-3230;-29.683302941176475;-57.10830000000004
AR-3007;-31.3081;-60.4388
AR-6451;-35.76480833333333;-61.916675
AR-3632;-24.266681818181823;-61.05712727272728
AR-4328;-28.550000000000004;-63.21669999999998
AR-3318;-27.551200000000005;-55.4143
AR-9035;-45.5833;-71.1
AR-7161;-36.95;-58.1
AR-1903;-34.946009090909094;-58.09639090909092
AR-4513;-23.5389;-65.02778333333335
AR-3745;-26.919988888888895;-63.06332222222223
AR-4603;-24.3623;-65.13599999999998
AR-1911;-35.0833;-57.75
AR-6474;-35.8083;-62.25833333333333
AR-6723;-34.43333333333334;-59.50833333333333
AR-1739;-34.9014;-58.9281
AR-5719;-33.02500000000004;-66.69999999999992
AR-2813;-34.3333;-59.1167
AR-5535;-32.733305555555546;-68.35559444444443
AR-6505;-35.65;-60.7333
AR-2454;-32.05;-61.6
AR-2252;-32.0283;-61.2222
AR-6275;-34.78332;-64.67916
AR-6403;-35.7278;-63.02778571428571
AR-4606;-24.499990909090908;-65.0361
AR-5471;-31.448497368421037;-66.60608684210526
AR-6341;-36.699999999999996;-63.3667
AR-5738;-33.875;-65.09999999999997
AR-2572;-32.5833;-63.0333
AR-1894;-34.8667;-58.0911
AR-3472;-29.02499999999999;-58.35000000000001
AR-2451;-31.858325;-61.983324999999994
AR-5274;-31.1917;-65.97500000000001
AR-2501;-32.89998333333333;-61.429183333333334
AR-5343;-27.5759;-67.6315
AR-8132;-38.8167;-62.6833
AR-3226;-30.6333;-57.9667
AR-1890;-34.8333;-58.2
AR-5111;-31.166685714285713;-64.32221428571428
AR-5475;-30.644409090909093;-66.1166909090909
AR-7548;-37.4667;-62.1
AR-4354;-27.518309090909074;-63.70169090909092
AR-3545;-27.2833;-60.4167
AR-4655;-22.119999999999997;-65.953315
AR-9421;-53.5;-68.05
AR-3511;-26.1333;-59.6
AR-3044;-30.3833;-60.4167
AR-6667;-35.4417;-60.15
AR-9227;-44.533300000000004;-70.39999999999999
AR-9315;-47.608325;-71.375
AR-4500;-23.99999230769231;-64.93889999999999
AR-3322;-27.266700000000007;-55.53330000000002
AR-1888;-34.81359999999998;-58.33110277777783
AR-2677;-33.0333;-63.5167
AR-7501;-38.3167;-60.8833
AR-5875;-32.06389615384615;-65.05830769230766
AR-8333;-39.67079999999999;-68.34169285714286
AR-4312;-27.883300000000002;-63.9667
AR-4306;-27.196681818181812;-64.70332727272726
AR-5331;-28.28331111111111;-67.24580555555556
AR-9039;-45.933312500000014;-71.38331250000002
AR-4448;-25.008299999999995;-64.2
AR-6300;-36.6167;-64.28330000000003
AR-3608;-25.5667;-59.35000000000001
AR-7545;-37.012483333333336;-61.9
AR-5436;-31.9026;-68.4343
AR-4164;-27.900000000000002;-65.5583142857143
AR-5384;-30.15;-66.55
AR-3172;-32.34166666666667;-59.208333333333336
AR-5341;-27.4904935483871;-67.64049677419354
AR-2421;-30.741687500000005;-61.958312500000005
AR-8101;-38.74165;-62.191675
AR-5598;-33.4167;-67.1833
AR-5907;-32.3095;-63.1607
AR-2179;-33.45;-61.3333
AR-3741;-27.368088235294135;-62.479191176470586
AR-8307;-37.500008333333334;-67.67779166666668
AR-5870;-31.324999999999992;-64.14169411764706
AR-5460;-30.242500000000003;-68.74580000000002
AR-3733;-27.752787500000004;-61.42222499999999
AR-6600;-34.6544;-59.4344
AR-4176;-27.594409677419346;-65.19169354838711
AR-4151;-27.391695454545467;-65.5208090909091
AR-5731;-33.86249999999998;-65.40419666666664
AR-2617;-34.0167;-62.2333
AR-1981;-35.166687499999995;-58.074999999999996
AR-6323;-36.33939999999999;-66.91210322580645
AR-4235;-28.468505128205106;-65.42039487179485
AR-8400;-41.13330869565217;-71.29169565217391
AR-8150;-38.7583125;-61.154175
AR-4108;-26.7833;-65.3833
AR-2618;-33.7333;-61.7667
AR-2107;-33.1333;-60.8
AR-2531;-32.0167;-62.0667
AR-7169;-37.2;-57.14166666666667
AR-9050;-47.90418333333334;-66.66666666666667
AR-4427;-25.785;-65.74331481481484
AR-6661;-35.574980000000004;-60.108320000000006
AR-6457;-35.5;-62.2333
AR-3476;-29.3667;-58.2
AR-3409;-27.316700000000004;-58.583299999999994
AR-1742;-34.65;-58.7667
AR-8187;-37.8;-63.05
AR-6507;-35.66668;-60.725
AR-3127;-31.022214285714284;-59.849985714285715
AR-3515;-26.723791666666667;-59.616675000000015
AR-3427;-27.941696551724135;-58.2666965517241
AR-1633;-34.44996666666667;-58.95556666666667
AR-6608;-34.644425;-59.322225
AR-4153;-27.416699999999995;-65.59168333333334
AR-1627;-34.3831;-58.8489
AR-3228;-30.841699999999992;-58.008299999999984
AR-5231;-30.279608333333332;-63.59999583333334
AR-6315;-36.17000000000001;-63.91330833333334
AR-7263;-36.000011111111114;-60.10000000000001
AR-4286;-28.052;-64.7771
AR-3441;-28.8083;-58.9917
AR-6727;-34.4667;-59.8
AR-3036;-31.083314285714287;-60.741685714285715
AR-3509;-26.472209090909086;-59.3555909090909
AR-5319;-28.05;-66.21668000000001
AR-8160;-38.0944;-62.1278
AR-6652;-35.2;-60.6
AR-5903;-32.4333;-63.25
AR-3553;-29.46668888888889;-60.19169999999998
AR-8142;-39.47500000000001;-62.64999999999999
AR-3224;-30.050000000000008;-57.816699999999976
AR-5199;-32.18330000000002;-64.5833
AR-1871;-34.6333;-58.3667
AR-3216;-31.50559166666666;-58.41110000000001
AR-6064;-34.825;-62.4
AR-2826;-32.6875;-58.79998750000001
AR-3324;-27.1833;-55.4667
AR-4624;-23.574999999999996;-65.35830769230769
AR-7265;-35.55;-59.583349999999996
AR-9105;-43.283300000000004;-65.4833
AR-5600;-34.6;-68.3333
AR-4350;-27.803302380952395;-63.43000238095236
AR-8520;-40.7416875;-65.13749375000002
AR-5200;-30.366695;-64.37081
AR-5823;-32.3333;-64.2667
AR-6022;-34.56666666666666;-61.0111
AR-2726;-33.70835;-61.325
AR-6123;-34.41668333333333;-63.56668333333332
AR-2603;-33.8;-61.75
AR-5545;-32.55;-69.175
AR-5533;-32.78331764705882;-68.66901764705884
AR-6465;-36.316649999999996;-61.7417
AR-2208;-32.444433333333336;-60.838899999999995
AR-6740;-34.6792;-60.536950000000004
AR-5251;-29.122901219512215;-63.827098780487844
AR-4644;-22.38181034482758;-65.57879310344828
AR-8153;-38.8722;-61.2611
AR-2918;-33.2778;-60.36666666666667
AR-6746;-34.6167;-60.4167
AR-5340;-28.0667;-67.56669999999998
AR-6050;-34.775;-61.82500000000001
AR-4419;-25.314807142857138;-66.2777892857143
AR-5611;-35.944424999999995;-69.78057500000001
AR-4562;-22.6;-63.8167
AR-5759;-32.78330588235294;-65.47500000000001
AR-3174;-32.28269999999999;-59.1576
AR-4400;-24.805585185185198;-65.34168888888885
AR-6017;-34.991685714285715;-61.20831428571428
AR-2550;-32.6167;-62.7
AR-5153;-31.42219999999999;-64.52779999999997
AR-6305;-37.16669523809524;-63.708304761904756
AR-6535;-35.80831666666667;-61.36666666666667
AR-5208;-30.3402;-64.1561
AR-7543;-37.3125;-61.9681
AR-1901;-34.98329999999999;-58.033305882352956
AR-2503;-32.95;-61.55
AR-2115;-33.3278;-60.86939999999999
AR-3555;-29.5;-59.7667
AR-3534;-26.7916923076923;-60.01669230769231
AR-2624;-33.6333;-62.4167
AR-2563;-32.33331666666667;-62.300000000000004
AR-5223;-31.0333;-64.0833
AR-6058;-34.7667;-62.0833
AR-5253;-29.355597297297294;-63.35000270270267
AR-4361;-27.7196;-63.7164
AR-2123;-33.07501250000001;-60.99581250000001
AR-6387;-35.5833;-64.55
AR-2754;-34.0111;-59.9778
AR-2505;-32.6833;-61.5333
AR-5129;-31.05559230769231;-63.600000000000016
AR-7113;-36.6667;-56.6667
AR-8356;-37.4128;-70.4391
AR-4162;-27.666694117647054;-65.59169999999999
AR-1647;-33.78330000000003;-58.59999999999995
AR-4563;-22.3655;-63.4976
AR-5570;-33.4375;-68.46250714285712
AR-7536;-37.8333;-61.2167
AR-7112;-36.2611;-57.6764
AR-3128;-31.4449;-59.9641
AR-5636;-35.15831428571428;-66.6833142857143
AR-2257;-31.933333333333334;-61.4
AR-8208;-38.0667;-63.43330000000002
AR-8418;-41.42499999999998;-69.47499999999998
AR-4334;-28.75;-62.875
AR-1907;-35.0041;-58.000099999999996
AR-3061;-28.745217647058823;-61.66901176470587
AR-4198;-25.783303846153856;-65.04169615384616
AR-4716;-28.350007692307692;-65.63610769230769
AR-6467;-36.291675;-61.7333
AR-8534;-40.57330625000001;-67.30330625
AR-4143;-27.2167;-65.5333
AR-3045;-30.400000000000002;-60.26111666666666
AR-4117;-26.79308666666666;-65.0583111111111
AR-4415;-24.9881;-66.00479310344825
AR-2655;-33.1667;-62.75
AR-3074;-29.99581428571428;-61.26668571428571
AR-5592;-33.35;-67.9167
AR-5423;-31.8472;-68.2028
AR-1770;-34.7;-58.5167
AR-4319;-28.666695999999998;-63.65830400000004
AR-5931;-32.33331666666666;-63.75
AR-6073;-35.10835;-61.6
AR-5374;-29.4833;-67.5167
AR-6075;-35.0583125;-61.8583125
AR-2564;-32.6167;-62.6
AR-5263;-29.45279444444445;-65.63058888888888
AR-8124;-38.316675000000004;-62.9833
AR-4123;-25.7833;-64.5
AR-4516;-23.7333;-64.5833
AR-2741;-34.2989;-60.241899999999994
AR-4600;-24.202797560975625;-65.17500000000001
AR-5567;-33.7333;-69.1167
AR-2413;-31.111099999999997;-62.1944125
AR-3449;-28.7962;-58.8282
AR-2407;-31.4333;-61.68330000000002
AR-1607;-34.5167;-58.53889999999999
AR-4554;-23.414292592592595;-63.21668148148146
AR-2854;-33.1;-58.958325
AR-2630;-33.433325;-61.491675
AR-3304;-27.508311111111105;-55.82081111111112
AR-8424;-41.06669999999998;-68.4167
AR-5987;-31.9083;-63.76669999999999
AR-8103;-38.775;-62.258325
AR-9005;-45.824999999999996;-67.7333
AR-9221;-44.0738;-70.5905
AR-8324;-38.94169230769229;-67.95000000000002
AR-2381;-30.4782;-61.8647
AR-4441;-25.5333;-64.9667
AR-2242;-32.10829999999999;-60.975
AR-1921;-35.43330909090909;-57.3791818181818
AR-2117;-33.3278;-60.86939999999999
AR-2600;-33.7497;-61.9669
AR-4743;-27.51670000000001;-66.03330000000001
AR-3087;-31.3;-61.225
AR-1612;-34.4696;-58.6713
AR-4200;-27.766694117647067;-64.42499999999998
AR-5529;-32.975;-68.6833
AR-3080;-32.2333125;-60.9916875
AR-2605;-33.7642;-61.885799999999996
AR-5637;-34.7;-67.0667
AR-4417;-25.0916875;-66.2083
AR-2357;-29.400000000000002;-62.7833
AR-5446;-31.388885714285713;-67.38888571428572
AR-6708;-34.5;-59.1
AR-6509;-35.9;-60.7167
AR-4137;-26.683307142857135;-65.72669642857139
AR-5244;-30.694403124999983;-64.12779687499999
AR-7130;-35.55669999999999;-57.84000000000001
AR-4631;-23.233328571428565;-65.11667142857142
AR-2707;-34.199999999999996;-60.6722
AR-1648;-34.3553;-58.5427
AR-8109;-38.92219999999999;-61.92220999999999
AR-2619;-33.97;-61.9967
AR-4184;-27.3863909090909;-64.6863878787879
AR-1915;-35.1667;-57.65
AR-3557;-29.4;-60.1333
AR-8407;-40.77331111111111;-71.66332222222223
AR-5949;-31.991692307692308;-62.475000000000016
AR-4718;-28.63331;-65.63329999999999
AR-6411;-36.55;-62.5833
AR-6443;-37.0833;-63.26669999999999
AR-6407;-36.3667;-62.35
AR-4201;-27.786900000000006;-64.40119827586199
AR-6120;-34.054183333333334;-63.475
AR-4296;-27.9333;-64.1667
AR-6424;-35.8667;-62.5
AR-4751;-27.186099999999993;-66.83889811320759
AR-4561;-22.55831;-62.8
AR-8303;-38.8167;-68.0667
AR-4133;-27.0333;-65.3667
AR-3029;-30.6833;-61.04999999999999
AR-4159;-27.655584615384612;-65.3944076923077
AR-7142;-36.5697;-57.5907
AR-5293;-31.2167;-65.3
AR-4514;-23.7833;-64.7833
AR-3052;-30.2333;-60.3667
AR-4634;-23.058314285714285;-65.64168571428571
AR-2189;-33.0075;-61.8131
AR-5419;-31.41860000000001;-68.51279999999998
AR-4709;-28.3833;-65.7
AR-5941;-31.8;-62.6333
AR-7134;-35.5567;-57.84
AR-5582;-33.116699999999994;-68.4167
AR-6153;-34.1146;-63.5348
AR-7639;-38.2167;-59.3167
AR-5189;-31.79440322580645;-64.40000000000003
AR-5900;-32.21331333333333;-63.17999999999999
AR-4336;-27.397206666666666;-64.22779333333334
AR-2508;-32.7817;-61.6078
AR-4423;-25.091696551724123;-65.5458034482759
AR-5877;-32.05;-65.05
AR-5755;-32.61109999999999;-65.96669999999997
AR-3355;-27.940005000000003;-55.44330500000001
AR-3604;-26.00556666666667;-58.6722
AR-5615;-34.5833;-68.55
AR-1874;-34.6813;-58.3225
AR-8347;-38.286697872340476;-70.48999999999992
AR-3765;-28.2167;-61.9667
AR-4134;-27.1167;-65.45
AR-8522;-41.2278;-65.7463
AR-2177;-33.3833;-61.1833
AR-2436;-31.474999999999998;-63.18330000000002
AR-3016;-32.389716666666665;-61.23791666666667
AR-1802;-34.8133;-58.47529999999999
AR-7530;-38.00557142857143;-61.391671428571435
AR-2415;-31.016700000000004;-62.06669999999999
AR-5591;-33.5389;-67.3389
AR-6559;-36.65;-61.0833
AR-5135;-31.116692307692304;-63.2292
AR-7119;-36.80558571428571;-57.461099999999995
AR-7503;-38.65;-59.699999999999996
AR-5887;-31.76670000000001;-65.0
AR-5827;-33.2833;-64.5833
AR-8185;-37.458310000000004;-63.220810000000014
AR-1826;-34.73329999999999;-58.383300000000006
AR-1865;-34.9667;-58.3667
AR-5216;-29.858308333333326;-64.666675
AR-2659;-33.2;-62.6
AR-5854;-32.15555;-64.2389
AR-8113;-38.5412;-62.1373
AR-1909;-35.01665;-57.875
AR-4179;-27.2611;-65.1671
AR-3187;-30.43889375;-58.677793750000006
AR-2424;-31.350000000000005;-62.377799999999986
AR-5355;-29.083333333333332;-67.85416666666667
AR-3332;-26.946679999999997;-55.106680000000004
AR-1741;-34.88568333333333;-59.02238333333333
AR-8217;-37.6667;-64.2375
AR-6227;-34.9944;-63.6704
AR-1881;-34.7833;-58.316699999999976
AR-2907;-33.64166666666667;-60.324999999999996
AR-3752;-28.0458125;-62.654187500000006
AR-5632;-35.0;-67.6417
AR-3204;-31.1833;-57.9667
AR-4403;-25.5;-65.29169444444443
AR-2661;-33.60000000000001;-62.675
AR-1836;-34.7833;-58.43330000000001
AR-6332;-36.4167;-63.287
AR-9225;-44.2167;-71.35
AR-9300;-50.283325;-68.88332500000001
AR-3023;-31.16;-60.98331111111111
AR-4147;-27.300000000000004;-65.56669999999998
AR-6134;-34.05;-63.75
AR-2246;-32.24166666666667;-60.95000000000001
AR-4230;-28.86669523809524;-64.95419523809521
AR-5705;-32.588899999999995;-66.17779583333332
AR-5227;-30.845699999999997;-63.9283
AR-9000;-45.608308333333326;-67.75
AR-8431;-42.0667;-71.5
AR-2119;-33.212516666666666;-60.90833333333333
AR-2403;-31.266700000000004;-61.95
AR-9040;-46.36668181818181;-71.3111
AR-3054;-30.108312499999997;-60.4166875
AR-2557;-32.8;-63.0333
AR-5258;-29.133299999999995;-63.9667
AR-2409;-31.5667;-61.9
AR-1838;-34.8;-58.45
AR-3327;-27.160000000000004;-55.52333
AR-9207;-43.875;-69.125
AR-5255;-29.539596052631595;-63.3291960526316
AR-3183;-30.63331538461538;-58.49330769230768
AR-3220;-30.25;-57.650000000000006
AR-3138;-31.4667;-59.60000000000001
AR-6144;-33.875;-64.78335
AR-7100;-36.39168888888889;-57.716699999999996
AR-5248;-30.5;-64.2666956521739
AR-3266;-32.3531;-58.4039
AR-3081;-31.905579999999997;-60.92222
AR-1684;-34.5417;-58.615300000000005
AR-5191;-32.03332;-64.4111
AR-4156;-27.1;-65.31665
AR-2326;-30.783333333333335;-61.64168333333333
AR-3760;-28.4667;-62.8333
AR-7540;-37.525;-61.8667
AR-2212;-32.35;-60.9333
AR-3366;-26.183325;-53.7
AR-1619;-34.42329999999999;-58.76189999999998
AR-3351;-28.0625;-55.641671428571435
AR-5563;-33.522214285714284;-69.2389
AR-2820;-33.0201;-58.64360769230769
AR-5921;-32.6833;-63.6833
AR-1913;-35.07778;-57.572199999999995
AR-7301;-36.7833;-59.733324999999994
AR-7225;-36.24169090909091;-58.56669090909089
AR-5517;-33.26902307692308;-68.85239999999997
AR-4298;-27.9333;-64.1667
AR-3736;-27.694406249999993;-61.9778
AR-1759;-34.767500000000005;-58.642800000000015
AR-2633;-33.4119;-61.6429
AR-9011;-46.4333;-67.5333
AR-2185;-33.1128;-61.7092
AR-3317;-27.488900000000005;-55.41110000000001
AR-5613;-35.691695652173905;-69.70000000000003
AR-4158;-27.57;-65.64000000000001
AR-7313;-37.40558571428572;-60.1111
AR-7212;-36.18331666666667;-59.300016666666664
AR-1804;-34.85750000000001;-58.51890000000002
AR-2345;-30.183333333333334;-61.89166666666666
AR-6634;-35.09168;-60.283339999999995
AR-7021;-37.59446666666667;-59.777800000000006
AR-5523;-32.916675;-68.75
AR-3405;-28.023302941176457;-58.07330294117648
AR-5006;-31.405599999999996;-64.1889
AR-6128;-34.22778333333333;-63.08331666666667
AR-1733;-34.8;-59.0333
AR-4741;-27.570807692307692;-66.3125
AR-3196;-29.59169999999997;-58.79169736842106
AR-8300;-38.949999999999996;-68.06669999999998
AR-5246;-30.308303571428578;-63.74169285714288
AR-4332;-28.737500000000008;-63.05418749999999
AR-1864;-34.97475;-58.3746
AR-3611;-25.287503125000015;-58.10830625000004
AR-3246;-32.102791304347825;-58.82220869565216
AR-2142;-32.73668888888889;-60.98331111111111
AR-1854;-34.8517;-58.39639999999999
AR-2805;-33.783300000000025;-58.9167
AR-7247;-35.43888;-59.255579999999995
AR-5351;-29.412500000000005;-68.27499999999999
AR-5841;-33.5;-64.2667
AR-5415;-31.44919285714286;-68.38120000000002
AR-7621;-37.5333;-58.3333
AR-1884;-34.73329999999999;-58.25530000000001
AR-8168;-38.15;-61.8
AR-8360;-39.290000000000006;-65.45999230769232
AR-1727;-34.81968571428571;-58.852500000000006
AR-4356;-28.179194117647054;-63.16249411764708
AR-7633;-38.3;-58.70000000000001
AR-3423;-28.28520000000001;-58.47409999999996
AR-2740;-34.050000000000004;-60.116699999999994
AR-5815;-32.8667;-63.56666666666666
AR-6213;-35.1333;-64.5333
AR-4564;-22.288875;-63.7722
AR-6422;-35.9167;-62.6333
AR-5272;-30.944409090909097;-65.6444090909091
AR-6031;-34.43888;-61.54442
AR-9409;-51.043;-71.0314
AR-8111;-38.922200000000004;-62.0778
AR-2506;-32.85;-61.25
AR-5927;-32.7;-63.45
AR-6345;-36.5095;-63.3214
AR-1772;-34.7083;-58.5083
AR-7108;-36.55;-56.6833
AR-3020;-31.3167;-60.64999999999999
AR-6030;-34.4667;-61.6667
AR-3137;-31.5611;-59.8167
AR-5607;-34.6167;-68.2833
AR-1688;-34.5708;-58.6243
AR-5825;-33.199999999999996;-64.45
AR-5444;-31.633312499999995;-67.93331250000001
AR-5121;-31.5954;-63.688
AR-5271;-30.7833;-65.4167
AR-6515;-35.225;-60.941649999999996
AR-7260;-35.677818181818175;-59.86910909090909
AR-3543;-27.524999999999995;-60.270804761904756
AR-2800;-34.062999999999995;-59.05309999999999
AR-9053;-47.3111;-67.1222
AR-6645;-35.0667;-60.7167
AR-6381;-36.033306249999995;-64.70830624999999
AR-5901;-32.5;-63.199999999999996
AR-5925;-32.6833125;-63.375
AR-3144;-31.25;-59.15831666666667
AR-7311;-37.3;-59.9833
AR-8349;-37.80609000000001;-70.64849999999998
AR-6641;-35.3167;-60.5167
AR-2675;-33.075;-63.275
AR-6277;-34.75;-65.25
AR-2204;-32.6667;-60.8
AR-3585;-28.6333;-59.4667
AR-6242;-34.975;-62.949999999999996
AR-1649;-34.355299999999986;-58.54269999999999
AR-3384;-26.420807692307683;-54.60830769230768
AR-8328;-38.9917;-67.7833
AR-5945;-31.725;-63.041700000000006
AR-9400;-51.09830289855079;-70.07999999999996
AR-2720;-33.8914;-61.1097
AR-6550;-36.25;-61.1
AR-6620;-34.9083;-60.0306
AR-7106;-36.4833;-56.7
AR-9410;-51.394;-70.6055
AR-5186;-31.666699999999995;-64.43330000000002
AR-5250;-29.414596363636374;-63.71249818181825
AR-2322;-30.883300000000002;-61.525
AR-8512;-39.7667;-62.6167
AR-6430;-37.1111;-62.76666666666667
AR-7515;-38.01666666666667;-60.449999999999996
AR-3334;-26.83570666666666;-55.03330666666669
AR-6221;-35.26668333333333;-63.675000000000004
AR-5565;-33.64442;-69.13332
AR-5521;-32.9;-68.7833
AR-6141;-33.8167;-64.45
AR-4728;-28.866699999999998;-66.2333
AR-3541;-27.741700000000005;-61.04168571428571
AR-6721;-34.375;-59.64166666666667
AR-1828;-34.75;-58.4
AR-5421;-32.05;-67.83888571428571
AR-4276;-27.5833;-65.1333
AR-3522;-26.9333;-58.6667
AR-2405;-31.39165;-61.84165
AR-5120;-34.0917;-63.50835
AR-2852;-33.04998571428572;-59.10000000000001
AR-4302;-27.562501960784314;-64.32709999999999
AR-3524;-26.933299999999996;-58.5
AR-7003;-37.34166666666667;-59.425000000000004
AR-3113;-31.527800000000006;-60.23332222222221
AR-6712;-34.5667;-59.2167
AR-5893;-31.605587500000002;-65.13890000000002
AR-5829;-33.3333;-64.7667
AR-7203;-36.70832;-59.125
AR-5525;-32.9167;-68.7
AR-6531;-35.509012500000004;-61.4541625
AR-6223;-34.6667;-63.3667
AR-3159;-32.4591;-59.8567
AR-2686;-33.35;-63.7167
AR-4616;-24.016691666666674;-65.41669166666667
AR-1980;-35.19420000000001;-58.256690000000006
AR-8117;-38.38057;-62.66110000000001
AR-5936;-32.2833;-63.3667
AR-2703;-34.037483333333334;-60.73333333333333
AR-4193;-25.912109090909098;-64.79390909090908
AR-3309;-27.626692307692306;-55.543307692307685
AR-5809;-32.8;-63.8667
AR-2258;-31.7667;-61.3167
AR-2440;-31.75;-61.8333
AR-7318;-36.8667;-60.1389
AR-3176;-32.3333;-59.3667
AR-8370;-40.125;-71.32919444444444
AR-1676;-34.6;-58.5333
AR-6632;-34.8167;-59.8667
AR-4440;-25.35830476190475;-65.22919523809523
AR-3572;-29.325;-59.98329999999999
AR-5101;-31.854418181818144;-63.94000000000003
AR-5166;-31.205594117647056;-64.52779411764705
AR-5889;-31.7167;-65.0
AR-4405;-25.0833;-65.40419
AR-4630;-23.141693333333333;-65.32919333333334
AR-2525;-32.39165;-62.150000000000006
AR-5821;-32.633300000000006;-64.60000000000001
AR-3014;-31.441700000000004;-60.6667
AR-1763;-34.71720000000001;-58.60940000000003
AR-4178;-27.020001960784302;-65.01669019607846
AR-5265;-28.79629130434781;-65.55928260869563
AR-1601;-34.5167;-58.5389
AR-2426;-31.4;-62.683325
AR-3190;-30.716694999999998;-59.455594999999995
AR-5763;-32.9074;-65.9665
AR-4703;-28.6275;-65.6261
AR-4317;-28.5333;-63.75830624999999
AR-9033;-45.00557142857143;-70.72778571428572
AR-5965;-31.849999999999998;-63.4541875
AR-5777;-32.36330714285713;-65.21000000000002
AR-2802;-34.2342;-58.864200000000004
AR-6533;-35.282830000000004;-61.47149
AR-8532;-41.6;-65.3667
AR-5909;-32.14442;-63.077780000000004
AR-5280;-30.733299999999993;-64.79999999999998
AR-2132;-32.9167;-60.8167
AR-3283;-32.19168571428571;-58.2167
AR-1611;-34.5;-58.633300000000006
AR-5381;-30.555566666666664;-66.22221111111111
AR-2919;-33.2333;-60.3333
AR-4242;-27.549997619047595;-65.19999999999997
AR-3628;-24.083310000000004;-61.2
AR-5551;-32.7833;-69.6333
AR-3480;-27.475;-57.35829999999999
AR-2154;-32.8167;-60.7167
AR-6005;-34.2722;-61.2722
AR-5185;-31.3017;-64.49
AR-3018;-31.404175;-60.745824999999996
AR-5527;-32.841680000000004;-68.70000000000002
AR-2845;-32.475;-59.31669999999999
AR-3518;-27.008310526315796;-58.758310526315775
AR-5624;-34.8333;-67.7667
AR-4401;-24.68059200000001;-65.419416
AR-8129;-37.966699999999996;-62.8833
AR-1824;-34.715300000000006;-58.407799999999995
AR-4530;-23.249582352941175;-64.27371176470588
AR-2625;-33.4833;-62.35
AR-7605;-38.09168571428571;-57.9667
AR-6734;-34.6;-60.15
AR-3540;-27.699993333333328;-60.877799999999986
AR-5235;-29.9333;-63.5833
AR-2732;-33.733333333333334;-61.62776666666667
AR-6023;-34.5;-61.4
AR-8238;-37.6641;-64.8647
AR-5800;-32.84169285714286;-64.29999999999998
AR-4550;-23.361106666666668;-63.8111
AR-5439;-31.550000000000008;-68.3333
AR-6015;-34.995;-61.0367
AR-5547;-32.9167;-68.8333
AR-8361;-39.3167;-65.7667
AR-3607;-25.9655;-58.5429
AR-3732;-27.333307142857148;-61.23329999999999
AR-8000;-38.70419565217392;-62.24580434782607
AR-1702;-34.6333;-58.5333
AR-2126;-33.122214285714286;-60.55001428571428
AR-2111;-33.3278;-60.8694
AR-6471;-36.28333333333333;-62.2125
AR-5721;-33.87080348837211;-66.48749767441872
AR-3453;-29.08331428571429;-59.02499999999999
AR-5174;-31.05;-64.66112000000001
AR-1814;-35.1068;-58.77488333333334
AR-6321;-36.637501960784334;-66.52080196078424
AR-2412;-31.0472;-62.1708
AR-4446;-25.209502941176474;-64.29289705882351
AR-2211;-32.6075;-60.9519
AR-7243;-35.199999999999996;-59.3499875
AR-3117;-31.95;-60.1333
AR-6623;-34.99443333333333;-59.88336666666667
AR-5203;-30.39999999999999;-64.07220588235293
AR-6601;-34.65558;-59.383320000000005
AR-4128;-26.927789999999998;-65.36668999999999
AR-5325;-28.3167;-67.05
AR-5205;-30.133299999999995;-64.13331111111113
AR-6453;-35.36666666666667;-61.89166666666667
AR-2346;-30.1987;-61.9244
AR-5560;-33.525;-69.00831111111111
AR-4618;-23.72220416666666;-65.5
AR-4171;-27.3167;-65.3333
AR-7307;-36.5833;-60.1667
AR-2875;-33.2943;-59.025
AR-9121;-42.66429999999996;-66.18809655172409
AR-8315;-40.06669047619046;-70.14719999999997
AR-5105;-31.3;-64.3
AR-8345;-39.06669999999998;-70.83330625
AR-4223;-27.3889;-64.81669999999998
AR-6405;-36.172225;-62.355575
AR-7531;-38.3278;-61.44444000000001
AR-5507;-33.04442857142857;-68.8611
AR-9210;-42.35000000000001;-71.16250000000001
AR-5261;-28.992206410256387;-65.42889615384608
AR-2121;-33.016679999999994;-60.775
AR-2105;-33.266691666666674;-60.67000833333333
AR-4566;-22.25;-63.716674999999995
AR-7107;-36.5333;-56.6833
AR-2214;-32.6917;-60.849999999999994
AR-3051;-29.899999999999995;-59.8333
AR-7267;-35.6611;-59.47223333333333
AR-5537;-32.5222;-67.40559230769233
AR-2253;-31.95834;-61.133320000000005
AR-1744;-34.5483;-58.86460000000005
AR-5546;-32.7896;-68.8979
AR-5158;-31.3;-64.4667
AR-6417;-36.79168;-62.516679999999994
AR-4166;-27.175000000000004;-65.375
AR-1722;-34.67000000000001;-58.752799999999986
AR-4503;-24.21110666666666;-64.83330666666667
AR-5317;-28.308325;-66.1541875
AR-5596;-33.24165;-68.16665
AR-3126;-31.3833;-60.1
AR-3025;-30.786099999999994;-61.00832222222223
AR-7226;-35.6833;-58.95000000000001
AR-1748;-34.6181;-58.95640000000001
AR-1815;-35.049;-58.7221
AR-2347;-30.3;-61.9833
AR-7505;-38.7375;-60.14166
AR-5131;-31.05479259259259;-64.00479259259258
AR-2307;-31.008300000000002;-61.40833333333334
AR-2631;-33.5333;-61.4667
AR-4146;-27.341691666666666;-65.59169166666666
AR-5557;-32.8167;-70.05
AR-8371;-39.9583;-71.13329999999999
AR-3536;-26.938899999999993;-60.288900000000005
AR-6212;-35.070807692307696;-64.2666846153846
AR-5407;-31.525;-68.6167
AR-8183;-37.7;-63.1667
AR-6228;-35.012505263157905;-63.84580526315792
AR-3001;-31.2502222222222;-60.300603703703715
AR-2864;-33.2943;-59.025
AR-1617;-34.46019999999999;-58.63450370370374
AR-4208;-28.355597826086967;-64.18330217391306
AR-1879;-34.68130000000001;-58.3225
AR-6530;-35.65486666666666;-61.438500000000005
AR-5590;-33.54441250000001;-67.31110625000001
AR-1882;-34.7667;-58.25
AR-5150;-31.3603;-64.6885
AR-4135;-27.083309090909097;-65.5083090909091
AR-2914;-33.3298;-60.2674
AR-8170;-37.5417;-62.4167
AR-6567;-36.4167;-60.6667
AR-2318;-31.38336666666667;-61.372233333333334
AR-7612;-37.84166666666667;-57.61666666666667
AR-2650;-33.54168333333333;-62.96668333333333
AR-5988;-31.641666666666666;-64.13333333333334
AR-4444;-25.383299999999995;-64.63329999999999
AR-6354;-36.5;-63.8333
AR-2101;-33.172200000000004;-60.6611
AR-5427;-31.650000000000002;-68.5833
AR-4612;-24.25418;-65.15418000000001
AR-3180;-30.949999999999996;-58.800000000000004
AR-5301;-29.252204761904757;-66.6044119047619
AR-5862;-32.1667;-64.4833
AR-2241;-32.1556;-61.0278
AR-4608;-24.40669230769231;-65.14000000000004
AR-9407;-51.7083090909091;-72.03750000000001
AR-6720;-34.4497;-59.4433
AR-9019;-46.98329999999999;-67.35000000000001
AR-9305;-49.7955;-70.3576
AR-5905;-32.4;-63.0667
AR-3342;-28.16669259259259;-56.019999999999996
AR-5561;-33.37000999999999;-68.90331
AR-9120;-42.76670000000001;-65.04999999999998
AR-4105;-26.744406451612907;-65.34169354838707
AR-6435;-37.0333;-62.4167
AR-2340;-29.8833;-61.95
AR-1757;-34.75;-58.5833
AR-5194;-31.916699999999995;-64.5833
AR-1895;-34.8781;-58.1358
AR-1886;-34.800000000000004;-58.199999999999996
AR-5155;-31.32779565217393;-64.91110434782611
AR-5249;-29.833301960784322;-63.08330196078424
AR-1807;-34.8428;-58.5044
AR-8200;-37.26669729729728;-64.73890000000002
AR-6132;-34.0167;-63.891675
AR-8332;-39.04580454545454;-67.54580000000003
AR-3620;-25.154194444444446;-59.38749444444446
AR-7631;-38.550000000000004;-58.70000000000001
AR-5178;-30.958306666666665;-64.55418666666667
AR-5601;-34.56666;-68.33331999999999
AR-8105;-38.699999999999996;-62.39999999999999
AR-4601;-24.3623;-65.136
AR-3376;-25.9667;-54.4667
AR-7406;-37.288900000000005;-61.227790000000006
AR-2589;-32.9167;-62.45
AR-4174;-27.415493617021273;-65.23930000000004
AR-1931;-34.8167;-57.9833
AR-4512;-23.822200000000002;-64.77780000000001
AR-5187;-31.7167;-64.6333
AR-1706;-34.6333;-58.6
AR-2553;-32.8833;-62.6667
AR-3040;-30.7833;-60.5833
AR-2555;-32.8333;-62.85
AR-1834;-34.7833;-58.399999999999984
AR-5539;-32.841685714285724;-68.8416857142857
AR-3234;-29.8167;-57.43330000000001
AR-2146;-32.4167;-61.31666666666666
AR-5310;-28.55;-66.8167
AR-3606;-25.716699999999996;-59.1
AR-4229;-27.4478;-64.7944
AR-3705;-25.447213333333334;-60.88058666666667
AR-2946;-33.65;-59.8833
AR-3747;-26.6083;-62.85000000000001
AR-5465;-30.227690000000003;-69.17428
AR-3132;-31.5833;-59.8833
AR-5350;-29.300000000000004;-68.2
AR-5403;-31.185983333333336;-69.4825
AR-3613;-25.240000000000002;-58.26667
AR-8501;-40.85332;-63.183320000000016
AR-1644;-34.3553;-58.5427
AR-9037;-45.55;-71.3
AR-6409;-36.400000000000006;-62.85835
AR-3381;-26.34584;-54.64582
AR-5386;-30.0625;-67.21668333333334
AR-2622;-33.7333;-62.2667
AR-3200;-31.4;-58.03330000000001
AR-2301;-31.205581818181816;-61.775
AR-2218;-32.5;-61.0333
AR-6216;-34.86029152542377;-65.78849152542381
AR-6009;-34.1833;-61.5333
AR-1858;-34.8516;-58.3868
AR-7201;-36.33336666666667;-59.155566666666665
AR-8417;-40.5;-69.54580312500003
AR-8151;-38.6083;-60.933325
AR-1602;-34.51670000000001;-58.5
AR-3420;-28.287500000000016;-58.63750000000003
AR-1735;-34.8465;-59.0015
AR-3362;-27.3;-55.0
AR-5260;-29.225000000000005;-65.13330714285713
AR-5501;-32.9167;-68.8333
AR-5209;-29.98000000000001;-63.97330571428577
AR-5620;-34.9667;-67.7
AR-8375;-39.71669285714285;-70.59169285714285
AR-2206;-32.6135;-60.7973
AR-6220;-35.0333;-63.56669999999999
AR-2352;-30.00835;-61.71665
AR-9401;-51.455560000000006;-71.00556
AR-3150;-32.3997;-59.7994
AR-4633;-22.425000000000008;-65.5583
AR-2711;-33.65;-60.8833
AR-7316;-36.65558333333333;-59.78331666666667
AR-2324;-30.833350000000003;-61.675
AR-1651;-34.55;-58.5333
AR-5229;-30.72500000000001;-63.64170000000001
AR-2812;-34.31667777777778;-59.12081111111112
AR-2645;-33.27081666666667;-62.23748333333333
AR-1667;-34.50959999999999;-58.76180000000001
AR-7208;-35.95;-59.0667
AR-1643;-34.4667;-58.5333
AR-8204;-37.64999999999999;-63.95830625000001
AR-8203;-37.26670000000001;-64.56669999999998
AR-4238;-28.066697560975605;-64.67669512195121
AR-1682;-34.5708;-58.6243
AR-4145;-27.25;-65.5833
AR-4197;-26.109997222222233;-64.12999722222227
AR-3158;-32.43888749999999;-59.60000000000001
AR-6230;-34.991675;-62.958325
AR-7114;-36.1;-57.7833
AR-3416;-27.705593333333336;-58.77220333333329
AR-2521;-32.5083;-61.775
AR-3586;-28.35;-59.2833
AR-1825;-34.7167;-58.3333
AR-2909;-33.4961;-60.27869999999999
AR-6607;-35.0417;-59.458333333333336
AR-3485;-28.066699999999997;-57.63329999999998
AR-4101;-26.695490196078453;-65.12120196078435
AR-2138;-32.808325;-61.158325
AR-6125;-34.45;-63.55
AR-5711;-32.1666975;-65.875
AR-2627;-33.45;-62.45
AR-3192;-30.415700000000005;-59.198
AR-6389;-35.699999999999996;-65.375
AR-5425;-31.566699999999997;-68.53330000000004
AR-6660;-35.4427;-60.313599999999994
AR-7220;-35.3333;-58.7167
AR-6513;-35.45;-61.18332
AR-2717;-33.775;-60.412499999999994
AR-2428;-31.4167;-62.9833
AR-3156;-32.327775;-59.966674999999995
AR-4338;-27.572200000000006;-64.10559523809525
AR-9051;-47.14169583333333;-66.22499999999998
AR-9023;-45.0833;-69.4667
AR-8322;-38.9333;-69.2333
AR-4535;-23.953310810810823;-63.11999729729725
AR-5315;-28.383316666666662;-66.25831666666669
AR-6360;-35.6667;-63.73329999999999
AR-3734;-27.46669375;-61.68750000000001
AR-5313;-28.6667;-66.5667
AR-1746;-34.633300000000006;-58.86670000000001
AR-4000;-26.808306250000005;-65.23330625000004
AR-5850;-32.1583;-64.06667999999999
AR-5703;-32.775000000000034;-66.26529594594598
AR-3506;-27.7;-59.1167
AR-1885;-34.7833;-58.175000000000004
AR-7150;-37.15;-58.4833
AR-8115;-38.50558000000001;-61.572199999999995
AR-4237;-28.266692307692317;-64.94169999999998
AR-6367;-35.75;-63.93330000000001
AR-5531;-33.03331666666667;-68.66668333333335
AR-7500;-38.199999999999996;-60.2833
AR-2715;-33.7333;-60.8
AR-1773;-34.7167;-58.4667
AR-2725;-33.8611;-61.39443333333333
AR-5851;-32.10555;-64.2333
AR-5801;-32.899999999999984;-64.61389687500004
AR-1605;-34.5333;-58.54999999999999
AR-2354;-29.466693939393924;-62.38669393939394
AR-3471;-28.824999999999996;-57.57082222222223
AR-4723;-28.085197499999985;-65.370395
AR-5299;-31.405584999999995;-65.17220999999998
AR-4206;-28.118793999999983;-64.29169400000005
AR-7261;-35.6667;-59.9
AR-7122;-36.5697;-57.5907
AR-3761;-28.3667;-62.55
AR-3085;-31.45;-61.25
AR-4538;-23.4333;-64.35
AR-3401;-27.520003333333324;-58.65669666666667
AR-3328;-27.019210000000005;-55.26091
AR-6241;-34.739999999999995;-63.010000000000005
AR-5123;-31.566700000000008;-64.0167
AR-1642;-34.4708;-58.5286
AR-5753;-32.662499999999945;-65.71669791666663
AR-9217;-42.3833;-71.05
AR-2173;-33.25;-61.366690000000006
AR-3005;-30.5833;-59.95
AR-3263;-32.35000000000001;-58.433300000000024
AR-1889;-34.8167;-58.23329999999999
AR-2305;-31.1333;-61.45
AR-4111;-26.979192857142852;-65.1791910714286
AR-4434;-24.922904651162796;-64.74480232558138
AR-4168;-27.0333;-65.29999999999998
AR-3718;-26.95;-60.9667
AR-3708;-26.55832;-61.05832
AR-3109;-31.883299999999995;-60.01670000000001
AR-1846;-34.7849;-58.37908750000001
AR-6273;-34.262499999999996;-64.87918333333333
AR-1984;-35.0667;-58.3
AR-5839;-33.44168333333334;-64.4833
AR-3041;-30.724999999999998;-60.125
AR-3123;-31.866675;-59.916675
AR-2581;-32.9667;-62.0167
AR-5579;-33.244407142857135;-68.38329999999999
AR-3316;-27.3778;-55.46668888888889
AR-5380;-30.35;-66.31669999999998
AR-4719;-27.883300000000002;-65.71669999999999
AR-5168;-31.116700000000005;-64.4833
AR-5707;-32.418704651162756;-66.48330930232558
AR-5712;-32.2351;-66.0825
AR-1766;-34.7;-58.5333
AR-8211;-37.6667;-64.2375
AR-5467;-30.12670555555557;-69.1827111111111
AR-2201;-32.7667;-60.7833
AR-5544;-32.95;-68.85
AR-8122;-38.5167;-62.3
AR-6476;-35.688874999999996;-61.694425
AR-3194;-30.415700000000005;-59.198
AR-1686;-34.60000000000001;-58.633299999999984
AR-3262;-32.45;-58.4833
AR-5289;-30.988885714285715;-65.29442857142857
AR-3281;-32.17918749999999;-58.25831249999999
AR-3433;-28.508320000000005;-58.975
AR-5967;-31.663300000000003;-63.6933
AR-4740;-27.608306249999995;-66.32081249999999
AR-5714;-32.2351;-66.0825
AR-1929;-35.246;-57.547
AR-1842;-34.815000000000005;-58.479200000000006
AR-6225;-34.9944;-63.6704
AR-6070;-34.8325;-61.5993
AR-2202;-32.613499999999995;-60.7973
AR-3615;-25.00559375000001;-58.6889
AR-6537;-35.908319999999996;-61.2167
AR-5220;-30.9583;-64.09169523809521
AR-3563;-29.150000000000002;-59.85
AR-1635;-34.4972;-58.8636
AR-4349;-27.7196;-63.7164
AR-6071;-34.25;-60.758300000000006
AR-3451;-29.27779230769231;-59.19442307692307
AR-3501;-27.1357;-59.1119
AR-5361;-28.904999999999998;-67.52668695652174
AR-3326;-27.037499999999998;-55.40418888888889
AR-3592;-28.2;-59.191649999999996
AR-3254;-31.733299999999993;-58.616699999999994
AR-6121;-33.7000125;-63.5499875
AR-7637;-38.26665;-59.183350000000004
AR-4711;-27.90740555555557;-65.96669444444441
AR-2679;-33.1333;-63.05
AR-3350;-27.70000714285714;-55.455592857142854
AR-4351;-27.45279200000001;-62.84169199999997
AR-5473;-31.640488888888886;-66.1023888888889
AR-7000;-37.31669999999998;-59.149999999999984
AR-4705;-28.5;-65.75
AR-6538;-35.6;-61.25
AR-2136;-32.8833;-61.0333
AR-1897;-34.8644;-58.0178
AR-5773;-32.57500000000003;-65.33330192307685
AR-5211;-30.5667;-64.1333
AR-3358;-27.899999999999995;-55.858308333333326
AR-6239;-35.533325;-63.2667
AR-7630;-38.549999999999976;-58.75
AR-5316;-28.3462;-66.3654
AR-7408;-37.3333;-61.5333
AR-5125;-31.309995833333332;-63.74000416666667
AR-6309;-37.4167;-63.68330833333335
AR-5152;-31.4;-64.5167
AR-1848;-34.795;-58.3861
AR-3550;-29.4667;-60.2167
AR-4189;-27.397207692307692;-64.1555884615385
AR-8422;-41.44169444444443;-68.525
AR-7601;-37.983314285714286;-57.78331428571429
AR-3240;-31.850000000000005;-59.01670000000001
AR-4409;-24.54849705882353;-65.88030000000002
AR-5117;-30.98;-64.33000000000001
AR-7214;-36.358333333333334;-59.48330000000001
AR-5951;-32.0417;-62.3667
AR-7613;-37.5333;-57.4833
AR-3129;-31.1833;-59.9333
AR-4163;-27.5241;-65.5074
AR-1714;-34.6667;-58.6667
AR-6431;-37.1333;-62.8
AR-5511;-32.95;-68.8
AR-3287;-31.7833;-58.29999999999999
AR-2434;-31.483316666666667;-63.13331666666667
AR-8127;-38.13335;-62.991699999999994
AR-5623;-34.866683333333334;-67.85000000000001
AR-2580;-32.7;-62.1
AR-2566;-32.6333;-62.4667
AR-2342;-30.333325000000002;-61.705574999999996
AR-2113;-33.5583;-60.79165
AR-5833;-33.369;-64.6905
AR-2317;-30.93332857142857;-61.800000000000004
AR-5751;-33.199999999999996;-65.85000000000001
AR-6244;-35.0;-63.35
AR-3722;-27.050000000000008;-61.09440526315787
AR-5165;-31.2048;-64.5
AR-6338;-36.8833;-63.0333
AR-3474;-28.949999999999992;-58.5833
AR-3060;-29.008300000000002;-61.725000000000016
AR-6003;-34.2944375;-60.791675
AR-8514;-40.7722;-63.988887500000004
AR-3421;-28.511110000000002;-58.39440999999999
AR-2000;-32.95410294117647;-60.67840294117647
AR-5311;-28.566666666666666;-66.79166666666667
AR-2144;-32.594425;-61.25557500000001
AR-8536;-40.6;-66.36109999999998
AR-6063;-34.95;-62.2333
AR-2523;-32.4167;-61.9
AR-3361;-27.527796296296287;-55.127792592592584
AR-9111;-44.854166666666664;-65.99998333333333
AR-6142;-33.9333;-64.25
AR-5472;-31.3841;-66.3761
AR-4707;-28.44440769230769;-65.7333
AR-5515;-32.9667;-68.7833
AR-2411;-31.308333333333334;-62.1833
AR-4353;-27.27709696969698;-63.393706060606114
AR-4231;-28.633300000000006;-65.25
AR-2764;-34.23334;-59.375
AR-4321;-28.995806249999994;-63.350000000000016
AR-5743;-33.7833;-65.7333
AR-1613;-34.5;-58.683300000000024
AR-6312;-35.1333;-64.1667
AR-6103;-34.155575;-62.4555875
AR-3315;-27.672205555555546;-55.24441111111113
AR-5175;-31.0561;-64.4379
AR-3280;-32.3;-58.183299999999996
AR-7240;-35.1853;-59.09470000000001
AR-3445;-28.68669756097559;-58.68329999999999
AR-1925;-34.8758;-57.882200000000005
AR-6646;-34.9;-60.75
AR-6352;-36.46669999999999;-63.616700000000016
AR-8138;-38.95419555555552;-64.17500000000003
AR-3580;-28.4917;-59.25
AR-2417;-30.966692857142856;-62.3111
AR-2200;-32.737383333333334;-60.73918333333332
AR-1672;-34.6;-58.5333
AR-5214;-30.139995;-64.43668999999998
AR-4318;-28.4786;-63.775
AR-2930;-33.6706;-59.68279999999999
AR-3414;-27.266700000000007;-58.25
AR-6270;-34.8833;-64.35
AR-3428;-28.2852;-58.4741
AR-5201;-30.581290476190507;-64.19999999999997
AR-2344;-30.25;-61.75
AR-5409;-30.648394736842103;-68.62021052631579
AR-5103;-31.666699999999995;-64.0476
AR-3766;-28.691690909090916;-62.524999999999984
AR-4432;-24.67080624999999;-65.17080625
AR-4411;-24.136687500000004;-66.51
AR-4103;-26.858309523809513;-65.23749999999998
AR-5735;-33.2667;-65.6167
AR-5012;-31.405599999999996;-64.1889
AR-5304;-29.7167;-66.85
AR-8326;-39.07223333333333;-67.20553333333334
AR-5984;-32.15;-63.4667
AR-5383;-30.466700000000003;-66.36668749999998
AR-2401;-31.475;-62.0917
AR-6508;-35.6167;-60.7667
AR-6140;-33.9;-64.4583
AR-2901;-33.4961;-60.2787
AR-5807;-33.0375;-63.89582222222222
AR-3142;-31.266690909090915;-59.425000000000004
AR-6401;-36.0819;-62.7528
AR-2935;-33.8917;-59.808312500000014
AR-5285;-30.99720444444446;-65.14169333333334
AR-2681;-32.9333;-63.25
AR-5730;-33.86669047619047;-65.49720952380953
AR-3603;-25.965500000000002;-58.542900000000024
AR-3740;-27.633299999999995;-62.4167
AR-3500;-27.449999999999996;-58.98330000000001
AR-2512;-32.7333;-61.81669999999999
AR-5845;-33.5167;-64.6833
AR-5589;-32.8888875;-68.3944125
AR-1862;-34.9172;-58.3869
AR-4313;-28.424999999999983;-63.75419736842106
AR-5424;-31.8472;-68.2028
AR-3714;-25.7583052631579;-63.2166894736842
AR-5969;-31.6633;-63.6933
AR-8201;-37.6583090909091;-66.44790303030305
AR-5811;-32.85;-64.3667
AR-7118;-36.6667;-57.7667
AR-3153;-32.6184;-60.1548
AR-3011;-31.599999999999998;-61.272200000000005
AR-5480;-31.1896;-68.0708
AR-1629;-34.4668;-58.97430000000001
AR-3199;-29.6167;-58.9833
AR-4643;-22.726683333333344;-66.40831333333337
AR-3244;-32.175000000000004;-58.93330833333335
AR-4157;-27.524999999999995;-65.6041894736842
AR-7521;-38.341687500000006;-59.699999999999996
AR-3581;-28.400000000000002;-59.616690909090906
AR-2643;-33.475;-62.125
AR-7511;-38.8722;-60.35
AR-3763;-28.466699999999996;-62.1
AR-7641;-38.49166666666667;-59.34166666666667
AR-8411;-41.0333;-71.8167
AR-4109;-26.8444125;-65.1555875
AR-6053;-34.575;-61.983324999999994
AR-1806;-34.842800000000004;-58.50439999999999
AR-2216;-32.5568;-60.942
AR-3450;-29.244403333333345;-59.09440666666663
AR-8175;-37.75;-62.6333
AR-4300;-27.722203846153853;-64.19440769230772
AR-2500;-32.8169;-61.4008
AR-7205;-35.9667;-58.9333
AR-5700;-33.300000000000004;-66.35000000000001
AR-1812;-34.9333;-58.6167
AR-8521;-41.6166875;-66.233325
AR-3241;-31.57080769230769;-59.02081538461539
AR-1718;-34.6667;-58.7
AR-5770;-32.566699999999976;-65.25
AR-7609;-37.9;-57.505585714285715
AR-7101;-36.2278;-57.50556
AR-4203;-28.160604081632666;-64.73179795918368
AR-5891;-31.6533;-65.1000111111111
AR-7600;-38.0;-57.55000000000008
AR-8171;-37.6458;-62.4583
AR-3531;-26.46668888888889;-60.025000000000006
AR-1919;-35.1714;-57.519
AR-5943;-31.7;-62.4833
AR-7300;-36.7833;-59.85000000000001
AR-1900;-34.93139999999996;-57.94890000000003
AR-3560;-29.2333;-59.6
AR-2109;-33.2611;-60.827774999999995
AR-1623;-34.36761250000001;-58.7325
AR-3238;-29.6452;-57.131
AR-2441;-31.7333;-62.05
AR-6303;-36.70000000000001;-64.34999999999998
AR-3122;-31.577775000000003;-60.0667
AR-1713;-34.675;-58.6792
AR-3261;-32.65331666666667;-58.29668333333333
AR-4144;-27.233299999999996;-65.55
AR-4308;-27.78889333333334;-64.02779999999998
AR-3272;-32.42219999999998;-58.67219999999998
AR-2942;-33.7967;-59.5208
AR-1893;-34.8667;-58.0911
AR-5929;-32.4167;-63.7333
AR-4552;-22.879177777777777;-63.92918888888888
AR-2134;-32.8978;-60.9092
AR-7509;-38.7333;-60.6167
AR-8403;-40.62500000000001;-70.92080714285714
AR-3164;-32.1375;-60.158312499999994
AR-5184;-30.83331333333334;-64.52081333333334
AR-5145;-31.238900000000005;-64.16110714285716
AR-3346;-28.699999999999996;-56.81669999999998
AR-1659;-34.5417;-58.55830000000001
AR-1655;-34.5333;-58.5833
AR-6625;-35.0072;-60.0531
AR-3481;-27.6125;-57.120804545454554
AR-2309;-31.2;-61.6318
AR-2516;-32.7333;-61.8167
AR-4182;-26.858299999999993;-64.9833
AR-3285;-31.938899999999997;-58.31111111111112
AR-4449;-24.47180256410258;-64.07819743589742
AR-2240;-31.966699999999996;-60.916700000000006
AR-2987;-33.572;-60.0766
AR-6269;-34.9224;-64.4976
AR-4424;-25.4786;-65.5648
AR-2723;-33.7167;-61.04999999999999
AR-6077;-35.125;-62.308299999999996
AR-5609;-34.625;-67.69168333333333
AR-2664;-33.5833;-62.7333
AR-3460;-29.708300000000005;-58.0
AR-2594;-32.677775;-62.316675000000004
AR-1852;-34.8333090909091;-58.383309090909094
AR-8162;-38.35;-62.2
AR-4113;-27.277796551724144;-65.14169310344826
AR-5835;-32.949999999999996;-65.04999999999998
AR-3201;-31.5;-58.02779375
AR-1923;-34.8667;-57.8833
AR-1986;-35.31666666666666;-58.17499999999999
AR-5789;-32.9074;-65.9665
AR-7623;-38.06111666666666;-58.46111666666667
AR-6039;-34.1667;-62.05
AR-6463;-35.95;-61.9667
AR-8118;-38.52668333333333;-61.883316666666666
AR-7109;-36.7167;-56.6667
AR-4191;-25.9689;-64.6583
AR-2639;-33.35829999999999;-61.85830769230768
AR-6179;-34.1146;-63.5348
AR-3027;-30.8667;-60.9833
AR-2944;-33.75;-59.6333
AR-5411;-31.533300000000004;-68.4833
AR-2445;-31.658300000000004;-61.708299999999994
AR-3443;-29.016700000000004;-59.18330000000001
AR-4650;-22.099999999999998;-65.7333
AR-2435;-31.227800000000002;-63.02778333333334
AR-2846;-33.69999166666666;-59.13750833333334
AR-5857;-32.2474;-64.33209999999998
AR-5813;-32.69169285714285;-64.30830000000002
AR-5873;-32.14580000000001;-65.22919545454545
AR-3713;-26.1625;-62.2222
AR-5474;-31.2167;-66.3167
AR-3587;-28.3917;-59.29165
AR-3111;-31.800000000000004;-59.949999999999996
AR-5974;-31.7667;-63.8
AR-4722;-28.050000000000008;-65.5167
AR-2100;-33.2677;-60.6792
AR-8409;-41.051899999999996;-71.53401666666666
AR-3260;-32.48329999999999;-58.2283
AR-3403;-27.56190172413791;-58.30239827586209
AR-7135;-35.55558333333333;-57.71110000000001
AR-2848;-33.4;-59.0833
AR-4504;-23.9778;-64.76668571428571
AR-5605;-34.96667777777778;-68.52780000000001
AR-1878;-34.7203;-58.269400000000005
AR-4560;-22.3655;-63.4976
AR-7215;-36.2533;-59.3733
AR-5164;-31.266700000000004;-64.47500000000001
AR-7407;-37.5333;-61.3
AR-3105;-32.0644;-60.6425
AR-1678;-34.6;-58.5333
AR-1778;-34.7167;-58.5333
AR-5442;-31.6542;-68.2853
AR-9013;-46.55;-67.5833
AR-8319;-39.4467;-69.3489
AR-3730;-27.07220555555556;-61.26669444444445
AR-6725;-34.3858;-59.8294
AR-2728;-33.65;-61.45000000000001
AR-1849;-34.800000000000004;-58.3333
AR-5733;-33.70835;-65.375
AR-6000;-34.584999999999994;-60.95889999999998
AR-5242;-30.46669;-63.9611
AR-3463;-30.20000000000003;-59.083299999999916
AR-3516;-27.949999999999992;-59.274999999999984
AR-5156;-31.3603;-64.6885
AR-2722;-33.7833;-61.2167
AR-1615;-34.48329999999999;-58.71669999999999
AR-1674;-34.6;-58.5333
AR-2718;-33.933319999999995;-60.56668
AR-8336;-39.0;-66.90419499999999
AR-8301;-38.8083;-68.08331666666668
AR-4172;-27.161105;-65.32220999999998
AR-5119;-31.56669285714286;-64.20559285714286
AR-3218;-31.608311111111107;-58.65831111111111
AR-5917;-32.5083;-63.4333
AR-8351;-38.14999642857141;-70.11389642857146
AR-6237;-35.458333333333336;-62.88333333333333
AR-3056;-29.608299999999996;-60.24168333333333
AR-5947;-31.7;-62.883325
AR-6628;-34.8125;-60.237500000000004
AR-3265;-32.108309999999996;-58.46669000000001
AR-4568;-22.105566666666665;-63.794466666666665
AR-3181;-31.427791666666664;-58.75559166666667
AR-5577;-33.1833;-68.4667
AR-5713;-32.070805714285704;-66.23959999999994
AR-6743;-34.59165;-60.36665
AR-3125;-31.408324999999998;-60.0
AR-6553;-36.45;-61.4333
AR-2356;-29.2933076923077;-62.85330384615384
AR-7228;-35.2833;-58.8
AR-1905;-35.175;-57.90833333333334
AR-3252;-31.84168947368421;-58.825005263157905
AR-2311;-30.658333333333335;-61.300000000000004
AR-5270;-30.555590909090906;-65.3166909090909
AR-3313;-27.661099999999998;-55.48889999999999
AR-2613;-34.3167;-62.0333
AR-6271;-34.580975;-64.2119
AR-3382;-26.375;-54.666675
AR-2601;-33.59442;-61.99441999999999
AR-2804;-34.176899999999996;-58.92079999999999
AR-1856;-34.8881;-58.3842
AR-6469;-36.2;-61.941649999999996
AR-5972;-32.041675;-64.008325
AR-5724;-33.41110000000001;-66.92779677419354
AR-2551;-32.7167;-62.6167
AR-5372;-29.3;-67.5
AR-9420;-53.5;-68.04999999999998
AR-6501;-35.55;-60.808325
AR-9031;-45.166675;-69.99167499999999
AR-9100;-43.4185;-66.0111
AR-7116;-35.88059565217391;-57.919408695652166
AR-5401;-31.380377777777774;-69.20902222222223
AR-3032;-31.2667;-60.75
AR-5353;-29.5236;-68.5578
AR-5127;-31.349999999999998;-63.574999999999996
AR-2535;-32.1892;-61.7261
AR-9203;-43.06669999999998;-71.46669999999997
AR-6348;-36.35556666666667;-63.35
AR-3076;-30.0167;-61.23330000000001
AR-9431;-51.394;-70.6055
AR-4119;-26.57859245283022;-64.83210943396232
AR-2432;-31.383299999999995;-62.800000000000004
AR-6400;-36.038900000000005;-62.9389
AR-5933;-32.283319999999996;-63.925
AR-3641;-24.8784;-59.7288
AR-3340;-28.475000000000016;-56.13749629629633
AR-3357;-27.74999166666667;-55.0
AR-5447;-30.966693333333335;-67.36941333333336
AR-7207;-35.9167;-59.458333333333336
AR-8430;-41.98751111111111;-71.5417
AR-3009;-31.612500000000004;-61.03330000000001
AR-6665;-35.258325;-59.608325
AR-5888;-32.1694;-65.0278
AR-2587;-32.9333;-62.291666666666664
AR-2657;-33.15;-62.85
AR-6032;-34.5333;-61.2667
AR-1625;-34.3467;-58.8186
AR-5113;-31.15;-64.3167
AR-2438;-31.3567;-63.0167
AR-4124;-26.287500000000016;-65.40000000000005
AR-3203;-31.566692307692314;-58.524999999999984
AR-3162;-32.25;-60.1667
AR-3743;-27.0333;-62.7167
AR-9001;-45.824999999999996;-67.5
AR-1752;-34.65;-58.5333
AR-9211;-42.0667;-71.5
AR-5856;-32.1833;-64.4167
AR-5470;-31.26670000000001;-66.60000000000001
AR-5282;-30.75;-64.5583
AR-3622;-25.099999999999998;-60.01669999999999
AR-2349;-30.516688888888893;-61.958311111111115
AR-3206;-31.0;-57.899999999999984
AR-8184;-37.57;-63.025
AR-6663;-35.2667;-59.76669999999999
AR-6319;-36.46111;-65.35557999999999
AR-6119;-34.1146;-63.5348
AR-7020;-37.6667;-59.8
AR-3066;-29.561100000000003;-61.67221428571428
AR-1847;-34.800000000000004;-58.3667
AR-2709;-33.9805;-60.6348
AR-4431;-24.8492;-64.8348
AR-3486;-27.6542;-57.2646
AR-4207;-26.7667;-65.35
AR-9113;-43.6667;-66.4167
AR-6078;-34.85;-61.3
AR-3248;-32.1667;-58.88329999999999
AR-3378;-26.029185714285713;-54.633314285714285
AR-5172;-31.27499999999999;-63.80830588235296
AR-6643;-35.275;-60.325
AR-6036;-34.3667;-62.15
AR-4407;-24.87501;-65.59168
AR-9036;-45.5667;-71.0667
AR-6557;-36.61998;-61.27665999999999
AR-3308;-27.516700000000004;-55.725
AR-4122;-26.445000000000014;-65.31999999999998
AR-6561;-36.4167;-60.6667
AR-5503;-33.0778;-68.8556
AR-5357;-28.75835;-68.1667
AR-8500;-40.894414285714284;-63.16668571428571
AR-3826;-32.7;-58.7667
AR-5359;-28.6333;-68.39999999999999
AR-8401;-41.08899629629627;-71.2536
AR-9041;-46.55;-71.6167
AR-6437;-37.0;-62.45
AR-5986;-31.9167;-63.6667
AR-4537;-23.799999999999997;-64.07918333333335
AR-6383;-35.8667;-64.15
AR-4750;-27.822208333333336;-66.36109999999998
AR-3634;-24.25;-61.25
AR-3700;-26.783300000000004;-60.45
AR-2181;-33.1167;-61.3333
AR-4221;-27.4416875;-64.9583
AR-9015;-46.800000000000004;-67.9667
AR-7547;-37.25835;-62.224999999999994
AR-6500;-35.4;-61.0
AR-3151;-32.38889999999999;-59.93330909090911
AR-3046;-30.816694117647064;-60.51331176470587
AR-5831;-33.383299999999984;-64.49169677419357
AR-1708;-34.64249999999999;-58.61810000000002
AR-3185;-30.291689473684205;-58.33331052631579
AR-6439;-36.75;-62.154175
AR-5573;-33.15;-68.4833
AR-5206;-30.3402;-64.1561
AR-5266;-28.783300000000004;-65.1167
AR-2315;-30.9359;-61.5231
AR-8156;-38.6667;-61.0833
AR-5008;-31.4056;-64.1889
AR-7001;-37.5821;-59.0885
AR-1704;-34.6333;-58.5667
AR-5385;-30.6889;-66.54581333333334
AR-6433;-37.2;-62.8333
AR-6317;-36.19168;-65.2
AR-5923;-32.7333;-63.7667
AR-4132;-27.249999999999996;-65.4611
AR-2147;-32.3667;-61.3333
AR-3116;-32.00478124999999;-60.269025
AR-2637;-33.3667;-61.7167
AR-2520;-32.51345;-61.56805
AR-6007;-34.211125;-61.322225
AR-8214;-37.64668666666667;-64.33000000000001
AR-5438;-31.541688888888885;-68.38331111111113
AR-6301;-36.88331333333334;-63.8375
AR-7303;-36.4;-60.022220000000004
AR-1657;-34.5417;-58.55830000000001
AR-3440;-29.0;-59.0833
AR-5327;-28.3667;-67.05
AR-7517;-37.929175;-60.54165
AR-4139;-26.77169375;-66.28499791666665
AR-5587;-33.03332;-68.5833
AR-6706;-34.6;-59.1667
AR-5779;-32.4692;-65.4233
AR-4129;-26.864300000000007;-65.29761333333333
AR-6475;-35.65;-62.416675
AR-5236;-30.816700000000008;-63.71669999999998
AR-3749;-26.65;-63.199999999999974
AR-4542;-23.55;-64.4167
AR-9007;-44.80419500000001;-66.7125
AR-6051;-34.5667;-62.26665
AR-8309;-38.8;-68.1333
AR-3212;-31.247608108108107;-58.34760270270274
AR-3448;-28.7962;-58.82819999999998
AR-6018;-34.8667;-61.15
AR-6207;-35.35;-64.06665000000001
AR-8166;-38.2;-61.7833
AR-4352;-27.5853;-63.3627
AR-5919;-32.6;-63.5833
AR-3134;-31.516700000000007;-59.85000000000001
AR-3133;-31.6916875;-59.9083125
AR-6336;-36.4167;-63.287
AR-7009;-37.25;-58.9167
AR-6627;-35.0778;-59.8889
AR-5585;-33.150000000000006;-68.6083111111111
AR-4501;-24.203309090909098;-64.50999696969697
AR-1872;-34.6667;-58.3333
AR-3364;-26.941687500000004;-54.2583125
AR-8010;-38.7042;-62.2458
AR-3214;-31.425;-58.19169999999999
AR-5360;-29.150000000000002;-67.53331666666666
AR-5435;-32.02120454545456;-68.26720454545455
AR-5370;-29.3917;-67.5083
AR-2808;-33.9667;-59.3
AR-6551;-36.425;-61.40835
AR-8148;-39.4833;-62.68330000000001
AR-1927;-35.246;-57.547
AR-6605;-34.9417;-59.2417
AR-3569;-29.266700000000004;-59.8667
AR-8154;-38.75;-61.46666666666667
AR-9200;-43.448599999999985;-70.57219999999998
AR-3513;-27.619013793103466;-59.68098620689658
AR-5196;-31.949999999999992;-64.875
AR-8506;-40.538900000000005;-62.51668333333333
AR-7607;-38.288900000000005;-57.8944090909091
AR-3050;-29.9;-60.3
AR-5935;-32.1667;-63.8833
AR-3600;-25.81669230769231;-58.06669230769232
AR-3353;-27.88000769230769;-55.35331538461538
AR-6703;-34.4333;-59.0833
AR-5176;-31.041690909090903;-64.5
AR-4413;-24.46669333333334;-67.42919333333334
AR-4303;-27.1846;-64.0675
AR-5221;-30.832086046511623;-64.05511395348839
AR-4715;-28.216699999999996;-65.86670000000001
AR-5275;-30.853311764705875;-66.15331176470585
AR-4534;-23.327800000000003;-64.08889999999998
AR-5147;-31.349999999999998;-64.24441428571427
AR-2905;-33.4667;-60.2833
AR-1755;-34.7167;-58.6167
AR-4452;-25.49090000000001;-63.83331111111106
AR-7136;-35.5583;-58.03331666666667
AR-3466;-29.758306666666673;-58.066699999999976
AR-2671;-33.5099875;-63.20000000000001
AR-7163;-36.975000000000016;-57.183304166666666
AR-6279;-34.89000000000003;-66.1316944444444
AR-3589;-28.233299999999993;-59.4667
AR-3017;-31.725;-60.891675
AR-4127;-26.8667;-65.6833
AR-4626;-23.337500000000002;-65.33749999999999
AR-6604;-34.7865;-59.3765
AR-5297;-31.308305263157887;-64.96668947368418
AR-5413;-31.483299999999993;-68.5333
AR-2583;-33.1167;-62.3167
AR-4239;-27.9667;-64.9333
AR-3000;-31.60000000000001;-60.708304166666665
AR-9313;-48.222199999999994;-70.1139
AR-8158;-38.6167;-60.8667
AR-3222;-30.458304166666675;-57.89169999999998
AR-3575;-28.833308333333335;-59.638891666666666
AR-5157;-31.3603;-64.6885
AR-3188;-31.022214285714284;-59.05557142857143
AR-7103;-36.4;-56.9667
AR-7165;-36.525;-57.3667
AR-3406;-27.7253;-58.1963
AR-2128;-33.15;-60.51669999999999
AR-3057;-29.4;-60.4
AR-3191;-30.679190000000013;-59.16459333333334
AR-5915;-31.8667;-63.1333
AR-3374;-25.888899999999996;-54.5889
AR-5885;-31.875;-65.0
AR-4533;-23.2667;-64.25
AR-7635;-38.10000000000001;-58.81668
AR-5443;-31.70239166666666;-68.26089166666667
AR-7223;-35.90831;-58.616679999999995
AR-2453;-32.05;-61.8
AR-3386;-26.650000000000002;-54.79169999999999
AR-6339;-36.75;-62.9333
AR-9310;-48.79441666666667;-67.2
AR-7249;-35.15;-59.0833
AR-2651;-33.74441111111111;-62.80558888888889
AR-6369;-35.7;-64.1333
AR-1822;-34.7;-58.44166666666666
AR-6511;-36.0;-60.85
AR-3083;-31.2417;-61.075
AR-4234;-28.35711249999999;-65.12380833333334
AR-2341;-29.91668888888889;-62.17221111111111
AR-3048;-30.64;-60.4011
AR-4190;-25.8;-65.0333043478261
AR-3508;-27.1357;-59.1119
AR-9201;-43.39629499999998;-70.79441249999999
AR-8134;-38.84441428571429;-63.12220714285716
AR-7013;-37.05;-59.1
AR-7400;-36.89999999999999;-60.28330000000002
AR-4304;-26.533307142857144;-64.31669999999998
AR-5513;-32.958325;-68.78332499999999
AR-5197;-32.175000000000004;-64.76668571428571
AR-8412;-41.29999999999998;-70.6667
AR-7414;-37.55;-60.8167
AR-4518;-23.65;-64.4667
AR-3101;-32.099996774193556;-60.47949032258066
AR-5345;-27.6833;-67.6333
AR-5541;-32.800000000000004;-68.75
AR-5133;-31.127792307692307;-63.311099999999996
AR-1896;-34.878899999999994;-58.050999999999995
AR-9021;-45.3722;-69.3944
AR-2558;-32.5981;-62.737
AR-3071;-30.2667;-61.3667
AR-8181;-37.60558333333333;-62.81111666666666
AR-7200;-36.05;-59.1167
AR-2747;-34.40835;-60.474999999999994
AR-2433;-31.291699999999995;-62.824999999999996
AR-7305;-36.2666875;-59.741699999999994
AR-7401;-37.0722;-60.38332857142858
AR-5571;-33.2894;-68.4576
AR-5963;-31.499988888888886;-63.94998888888889
AR-4753;-27.65831;-67.15831
AR-5961;-31.533312499999997;-63.675000000000004
AR-2821;-32.8967;-58.7606
AR-5817;-32.43331666666667;-64.29443333333333
AR-5141;-30.974999999999998;-62.583333333333336
AR-5333;-28.18331111111111;-67.57499999999999
AR-5463;-30.2;-68.4667
AR-3070;-30.316700000000004;-61.2333
AR-8415;-41.756694736842114;-70.8033105263158
AR-1816;-35.049;-58.7221
AR-5238;-30.331100000000003;-63.5967
AR-6231;-35.2926;-62.9981
AR-5741;-33.149999999999984;-66.34999999999998
AR-4257;-27.3833;-65.7333
AR-2423;-31.5916875;-62.3
AR-6380;-35.9333090909091;-64.375
AR-4425;-25.54259696969697;-65.44811212121213
AR-7164;-36.9806;-57.2361
AR-2609;-34.0167;-61.9
AR-5149;-31.31669375000001;-64.32779375000001
AR-2761;-34.0667;-59.5667
AR-9138;-43.3028;-65.9618
AR-8503;-40.13330625;-64.375
AR-3446;-28.7611;-58.67220624999999
AR-6042;-34.4167;-61.9167
AR-5859;-32.62779166666666;-64.71669166666665
AR-5212;-30.65000256410256;-64.17500000000001
AR-1669;-34.449999999999996;-58.800000000000004
AR-2248;-32.183324999999996;-61.120812500000014
AR-6034;-34.4333;-61.8
AR-7105;-36.3667;-56.7167
AR-2828;-32.55830000000001;-58.916689999999996
AR-5715;-32.32500000000002;-65.70419285714281
AR-8305;-38.3375;-68.51669166666666
AR-9411;-51.394;-70.60549999999999
AR-5881;-32.366685714285715;-65.01668571428573
AR-5009;-31.366700000000012;-64.21669999999996
AR-4161;-27.599999999999998;-65.6083111111111
AR-3407;-27.952396428571436;-57.609510714285726
AR-5553;-32.85;-69.75
AR-6640;-35.167519999999996;-60.418220000000005
AR-6621;-35.183324999999996;-60.125
AR-6201;-35.3333;-64.0
AR-2183;-33.13333333333333;-61.5417
AR-8206;-38.077795000000016;-63.62220500000001
AR-6346;-36.2667;-63.15
AR-1640;-34.48329999999999;-58.5083125
AR-3400;-27.475000000000005;-58.84169285714284
AR-3630;-24.19;-60.67669166666666
AR-6361;-35.68330000000001;-63.49168999999999
AR-7005;-37.699983333333336;-59.324999999999996
AR-2752;-34.15;-59.88331111111112
AR-2303;-31.55;-61.54999999999999
AR-2607;-34.0;-61.6
AR-4233;-28.29580769230769;-64.8583076923077
AR-3042;-30.56668571428571;-60.472199999999994
AR-4430;-24.616699999999998;-64.88330555555554
AR-1663;-34.5326;-58.75299285714284
AR-4640;-22.743311764705876;-65.79668823529411
AR-5584;-33.050000000000004;-68.56669999999998
AR-6603;-34.9167;-59.5667
AR-3177;-32.040000000000006;-59.28330769230771
AR-7167;-37.1375;-56.8708
AR-4301;-26.92419304347823;-63.76669391304355
AR-8363;-39.53330833333333;-65.5389
AR-3465;-29.95419;-58.266690000000004
AR-3064;-28.958303846153854;-62.2917
AR-8366;-39.0667;-66.5333
AR-2938;-33.9;-59.3833
AR-2103;-33.37918571428572;-60.5625
AR-4605;-24.31668888888889;-65.30831111111112
AR-3610;-25.2333;-57.8417
AR-6233;-35.222233333333335;-62.92223333333334
AR-4758;-27.4455;-66.7667
AR-5555;-32.8167;-69.9167
AR-3344;-28.904197727272695;-56.47080227272731
AR-5500;-32.883300000000006;-68.81669999999998